"sigma","g0","replicate","success","axis_rms_m","radial_rms_m","median_distance_m","changed_fraction","fraction_ge_2_spacings"
8.5625,0.08,1,FALSE,NA,NA,NA,NA,NA
8.707,0.08,1,FALSE,NA,NA,NA,NA,NA
8.8515,0.08,1,FALSE,NA,NA,NA,NA,NA
8.5625,0.15,1,TRUE,9.0442417308605,12.7904893171636,8.83883476483184,0.853211009174312,0.426605504587156
8.707,0.15,1,TRUE,9.2789421380799,13.1224058161478,8.83883476483184,0.889908256880734,0.472477064220183
8.8515,0.15,1,TRUE,9.55016030894799,13.5059662317515,8.83883476483184,0.903669724770642,0.490825688073394
8.5625,0.25,1,TRUE,9.47481269936632,13.3994086203887,12.5,0.912844036697248,0.555045871559633
8.707,0.25,1,TRUE,9.26928160226122,13.1087437553732,8.83883476483184,0.899082568807339,0.440366972477064
8.8515,0.25,1,TRUE,9.56422190229452,13.5258523277707,12.5,0.931192660550459,0.541284403669725
8.5625,0.08,2,FALSE,NA,NA,NA,NA,NA
8.707,0.08,2,FALSE,NA,NA,NA,NA,NA
8.8515,0.08,2,FALSE,NA,NA,NA,NA,NA
8.5625,0.15,2,TRUE,10.5103774079184,14.8639182759379,12.5,0.894495412844037,0.577981651376147
8.707,0.15,2,TRUE,9.85942622825785,13.9433342892193,12.5,0.935779816513762,0.573394495412844
8.8515,0.15,2,TRUE,10.2645622669508,14.5162831697449,12.5,0.940366972477064,0.559633027522936
8.5625,0.25,2,TRUE,8.52932744156915,12.0622905457881,8.83883476483184,0.880733944954128,0.454128440366972
8.707,0.25,2,TRUE,8.81345763877371,12.4641113241545,8.83883476483184,0.885321100917431,0.454128440366972
8.8515,0.25,2,TRUE,9.46535207524035,13.3860292774412,12.5,0.922018348623853,0.513761467889908
8.5625,0.08,3,FALSE,NA,NA,NA,NA,NA
8.707,0.08,3,FALSE,NA,NA,NA,NA,NA
8.8515,0.08,3,FALSE,NA,NA,NA,NA,NA
8.5625,0.15,3,TRUE,10.5571565795848,14.9300740149452,12.5,0.922018348623853,0.532110091743119
8.707,0.15,3,TRUE,9.55484980606779,13.512598182179,12.5,0.912844036697248,0.504587155963303
8.8515,0.15,3,TRUE,9.78645999899487,13.8401444582003,12.5,0.894495412844037,0.513761467889908
8.5625,0.25,3,TRUE,9.09856198941511,12.8673097635232,12.5,0.876146788990826,0.513761467889908
8.707,0.25,3,TRUE,8.96464289571573,12.6779195649528,8.83883476483184,0.889908256880734,0.467889908256881
8.8515,0.25,3,TRUE,9.40838855646161,13.3054706966238,12.5,0.899082568807339,0.504587155963303
8.5625,0.08,4,FALSE,NA,NA,NA,NA,NA
8.707,0.08,4,FALSE,NA,NA,NA,NA,NA
8.8515,0.08,4,FALSE,NA,NA,NA,NA,NA
8.5625,0.15,4,TRUE,10.0127141079399,14.1601160876131,12.5,0.922018348623853,0.522935779816514
8.707,0.15,4,TRUE,9.37022049420886,13.2514929053365,12.5,0.931192660550459,0.509174311926605
8.8515,0.15,4,TRUE,9.51726913023099,13.4594510807275,10.6694173824159,0.889908256880734,0.5
8.5625,0.25,4,TRUE,8.62334613846929,12.1952530620609,8.83883476483184,0.876146788990826,0.431192660550459
8.707,0.25,4,TRUE,9.11332041272302,12.8881813259245,12.5,0.931192660550459,0.518348623853211
8.8515,0.25,4,TRUE,9.37022049420886,13.2514929053365,8.83883476483184,0.908256880733945,0.486238532110092
8.5625,0.08,5,FALSE,NA,NA,NA,NA,NA
8.707,0.08,5,FALSE,NA,NA,NA,NA,NA
8.8515,0.08,5,FALSE,NA,NA,NA,NA,NA
8.5625,0.15,5,TRUE,9.62026274460471,13.6051060470126,12.5,0.903669724770642,0.536697247706422
8.707,0.15,5,TRUE,9.33669544757319,13.2040813297051,8.83883476483184,0.899082568807339,0.477064220183486
8.8515,0.15,5,TRUE,9.55016030894799,13.5059662317515,12.5,0.912844036697248,0.559633027522936
8.5625,0.25,5,TRUE,9.0442417308605,12.7904893171636,8.83883476483184,0.903669724770642,0.486238532110092
8.707,0.25,5,TRUE,9.49370566468681,13.4261273081784,12.5,0.903669724770642,0.532110091743119
8.8515,0.25,5,TRUE,9.72216533768126,13.7492180761824,12.5,0.894495412844037,0.532110091743119
8.5625,0.08,6,FALSE,NA,NA,NA,NA,NA
8.707,0.08,6,FALSE,NA,NA,NA,NA,NA
8.8515,0.08,6,FALSE,NA,NA,NA,NA,NA
8.5625,0.15,6,TRUE,9.6062831837035,13.5853359623901,12.5,0.903669724770642,0.509174311926605
8.707,0.15,6,TRUE,10.0216580258536,14.1727646976273,12.5,0.922018348623853,0.541284403669725
8.8515,0.15,6,TRUE,10.1017969493306,14.2860982500825,12.5,0.880733944954128,0.522935779816514
8.5625,0.25,6,TRUE,9.31748411971284,13.1769124092938,12.5,0.940366972477064,0.504587155963303
8.707,0.25,6,TRUE,9.52197482600936,13.4661059395176,10.6694173824159,0.885321100917431,0.5
8.8515,0.25,6,TRUE,10.0484420148899,14.210642978177,12.5,0.912844036697248,0.541284403669725
8.5625,0.08,7,FALSE,NA,NA,NA,NA,NA
8.707,0.08,7,FALSE,NA,NA,NA,NA,NA
8.8515,0.08,7,FALSE,NA,NA,NA,NA,NA
8.5625,0.15,7,TRUE,10.0037621936711,14.1474561690449,12.5,0.931192660550459,0.527522935779816
8.707,0.15,7,TRUE,9.20137386281542,13.0127077092589,8.83883476483184,0.922018348623853,0.467889908256881
8.8515,0.15,7,TRUE,9.99031928207493,14.1284450211478,12.5,0.899082568807339,0.509174311926605
8.5625,0.25,7,TRUE,9.14276578965051,12.9298233773245,8.83883476483184,0.912844036697248,0.458715596330275
8.707,0.25,7,TRUE,9.34628630315541,13.2176448477443,8.83883476483184,0.876146788990826,0.486238532110092
8.8515,0.25,7,TRUE,9.2789421380799,13.1224058161478,8.83883476483184,0.912844036697248,0.490825688073394
8.5625,0.08,8,FALSE,NA,NA,NA,NA,NA
8.707,0.08,8,FALSE,NA,NA,NA,NA,NA
8.8515,0.08,8,FALSE,NA,NA,NA,NA,NA
8.5625,0.15,8,TRUE,10.0573541603357,14.2232466551362,12.5,0.917431192660551,0.577981651376147
8.707,0.15,8,TRUE,10.3081117296619,14.577871410545,12.5,0.931192660550459,0.600917431192661
8.8515,0.15,8,TRUE,9.43216516388995,13.3390958973162,12.5,0.912844036697248,0.504587155963303
8.5625,0.25,8,TRUE,8.8032863051614,12.4497268862126,8.83883476483184,0.908256880733945,0.440366972477064
8.707,0.25,8,TRUE,9.89117969606338,13.9882404740422,12.5,0.889908256880734,0.504587155963303
8.8515,0.25,8,TRUE,9.28859262653129,13.1360536677993,12.5,0.908256880733945,0.504587155963303
8.5625,0.08,9,FALSE,NA,NA,NA,NA,NA
8.707,0.08,9,FALSE,NA,NA,NA,NA,NA
8.8515,0.08,9,FALSE,NA,NA,NA,NA,NA
8.5625,0.15,9,TRUE,9.4842638864537,13.4127746173482,8.83883476483184,0.903669724770642,0.486238532110092
8.707,0.15,9,TRUE,10.0751548010964,14.2484205627189,12.5,0.844036697247706,0.541284403669725
8.8515,0.15,9,TRUE,10.1416289428611,14.3424291955497,12.5,0.954128440366973,0.582568807339449
8.5625,0.25,9,TRUE,8.63372946088014,12.2099372974368,8.83883476483184,0.894495412844037,0.431192660550459
8.707,0.25,9,TRUE,10.5444192052548,14.9120606474187,12.5,0.894495412844037,0.564220183486238
8.8515,0.25,9,TRUE,9.592283249351,13.5655370653564,12.5,0.922018348623853,0.545871559633027
8.5625,0.08,10,FALSE,NA,NA,NA,NA,NA
8.707,0.08,10,FALSE,NA,NA,NA,NA,NA
8.8515,0.08,10,FALSE,NA,NA,NA,NA,NA
8.5625,0.15,10,TRUE,9.26928160226122,13.1087437553732,12.5,0.935779816513762,0.518348623853211
8.707,0.15,10,TRUE,9.79561050122672,13.8530852225591,12.5,0.917431192660551,0.522935779816514
8.8515,0.15,10,TRUE,9.63887062029896,13.6314215571864,12.5,0.926605504587156,0.545871559633027
8.5625,0.25,10,TRUE,8.7880072315012,12.4281190130218,8.83883476483184,0.853211009174312,0.44954128440367
8.707,0.25,10,TRUE,9.14766413759884,12.9367506874263,8.83883476483184,0.940366972477064,0.467889908256881
8.8515,0.25,10,TRUE,9.16234346900599,12.9575103969888,12.5,0.908256880733945,0.504587155963303
8.5625,0.08,11,FALSE,NA,NA,NA,NA,NA
8.707,0.08,11,FALSE,NA,NA,NA,NA,NA
8.8515,0.08,11,FALSE,NA,NA,NA,NA,NA
8.5625,0.15,11,TRUE,9.65744264256824,13.6576863629603,12.5,0.935779816513762,0.55045871559633
8.707,0.15,11,TRUE,10.0796000494049,14.2547070931649,12.5,0.917431192660551,0.522935779816514
8.8515,0.15,11,TRUE,9.64351697902641,13.6379925007144,12.5,0.931192660550459,0.504587155963303
8.5625,0.25,11,TRUE,9.51726913023099,13.4594510807275,8.83883476483184,0.903669724770642,0.467889908256881
8.707,0.25,11,TRUE,8.80837344011654,12.4569211814598,8.83883476483184,0.889908256880734,0.486238532110092
8.8515,0.25,11,TRUE,9.96337904620459,14.0903457742064,12.5,0.931192660550459,0.536697247706422
8.5625,0.08,12,FALSE,NA,NA,NA,NA,NA
8.707,0.08,12,FALSE,NA,NA,NA,NA,NA
8.8515,0.08,12,FALSE,NA,NA,NA,NA,NA
8.5625,0.15,12,TRUE,9.38455170904911,13.2717603037289,8.83883476483184,0.912844036697248,0.495412844036697
8.707,0.15,12,TRUE,9.68523390187067,13.6969891387812,12.5,0.889908256880734,0.545871559633027
8.8515,0.15,12,TRUE,9.55016030894799,13.5059662317515,12.5,0.889908256880734,0.541284403669725
8.5625,0.25,12,TRUE,9.17211663815137,12.9713317453416,8.83883476483184,0.903669724770642,0.477064220183486
8.707,0.25,12,TRUE,9.55953700272257,13.5192268792577,12.5,0.885321100917431,0.536697247706422
8.8515,0.25,12,TRUE,9.95888192160347,14.0839858796039,12.5,0.903669724770642,0.509174311926605
8.5625,0.08,13,FALSE,NA,NA,NA,NA,NA
8.707,0.08,13,FALSE,NA,NA,NA,NA,NA
8.8515,0.08,13,FALSE,NA,NA,NA,NA,NA
8.5625,0.15,13,TRUE,9.39886107193533,13.2919967987915,8.83883476483184,0.903669724770642,0.467889908256881
8.707,0.15,13,TRUE,9.50313806210995,13.4394667325399,12.5,0.912844036697248,0.527522935779816
8.8515,0.15,13,TRUE,10.2950662339525,14.5594222935849,12.5,0.931192660550459,0.545871559633027
8.5625,0.25,13,TRUE,8.95464329093515,12.6637779882537,8.83883476483184,0.931192660550459,0.458715596330275
8.707,0.25,13,TRUE,9.47953947077503,13.4060932846211,8.83883476483184,0.903669724770642,0.490825688073394
8.8515,0.25,13,TRUE,9.81388590984102,13.8789305532794,12.5,0.917431192660551,0.564220183486238
8.5625,0.08,14,FALSE,NA,NA,NA,NA,NA
8.707,0.08,14,FALSE,NA,NA,NA,NA,NA
8.8515,0.08,14,FALSE,NA,NA,NA,NA,NA
8.5625,0.15,14,TRUE,9.76354622370301,13.8077394864174,12.5,0.894495412844037,0.536697247706422
8.707,0.15,14,TRUE,9.34628630315541,13.2176448477443,12.5,0.931192660550459,0.504587155963303
8.8515,0.15,14,TRUE,10.2427181003174,14.4853908530332,12.5,0.912844036697248,0.555045871559633
8.5625,0.25,14,TRUE,9.42741463970854,13.3323776415905,12.5,0.908256880733945,0.504587155963303
8.707,0.25,14,TRUE,9.89117969606338,13.9882404740422,12.5,0.931192660550459,0.559633027522936
8.8515,0.25,14,TRUE,9.24993026256876,13.0813768283301,8.83883476483184,0.935779816513762,0.472477064220183
8.5625,0.08,15,FALSE,NA,NA,NA,NA,NA
8.707,0.08,15,FALSE,NA,NA,NA,NA,NA
8.8515,0.08,15,FALSE,NA,NA,NA,NA,NA
8.5625,0.15,15,TRUE,9.42266172050565,13.3256559987929,10.6694173824159,0.899082568807339,0.5
8.707,0.15,15,TRUE,10.1769042804747,14.3923160564202,12.5,0.908256880733945,0.555045871559633
8.8515,0.15,15,TRUE,9.5829385971091,13.5523217314203,12.5,0.908256880733945,0.532110091743119
8.5625,0.25,15,TRUE,9.11823457884597,12.8951310063033,8.83883476483184,0.912844036697248,0.477064220183486
8.707,0.25,15,TRUE,9.06403221783062,12.8184772922428,8.83883476483184,0.917431192660551,0.490825688073394
8.8515,0.25,15,TRUE,9.56422190229452,13.5258523277707,10.6694173824159,0.935779816513762,0.5
8.5625,0.08,16,FALSE,NA,NA,NA,NA,NA
8.707,0.08,16,FALSE,NA,NA,NA,NA,NA
8.8515,0.08,16,FALSE,NA,NA,NA,NA,NA
8.5625,0.15,16,TRUE,9.72677190763304,13.7557327498843,8.83883476483184,0.880733944954128,0.486238532110092
8.707,0.15,16,TRUE,10.1327909203172,14.3299303442035,8.83883476483184,0.894495412844037,0.486238532110092
8.8515,0.15,16,TRUE,9.72216533768126,13.7492180761824,12.5,0.917431192660551,0.541284403669725
8.5625,0.25,16,TRUE,9.38455170904911,13.2717603037289,12.5,0.912844036697248,0.522935779816514
8.707,0.25,16,TRUE,9.62491808615209,13.6116896941664,12.5,0.917431192660551,0.568807339449541
8.8515,0.25,16,TRUE,9.75895701253351,13.8012493617409,12.5,0.885321100917431,0.536697247706422
8.5625,0.08,17,FALSE,NA,NA,NA,NA,NA
8.707,0.08,17,FALSE,NA,NA,NA,NA,NA
8.8515,0.08,17,FALSE,NA,NA,NA,NA,NA
8.5625,0.15,17,TRUE,9.15255986400636,12.9436742901094,8.83883476483184,0.885321100917431,0.472477064220183
8.707,0.15,17,TRUE,9.488985949921,13.419452623546,12.5,0.903669724770642,0.536697247706422
8.8515,0.15,17,TRUE,9.81388590984102,13.8789305532794,12.5,0.922018348623853,0.545871559633027
8.5625,0.25,17,TRUE,9.11332041272302,12.8881813259245,12.5,0.899082568807339,0.522935779816514
8.707,0.25,17,TRUE,9.43216516388995,13.3390958973162,12.5,0.889908256880734,0.518348623853211
8.8515,0.25,17,TRUE,9.12314609796262,12.9020769432499,8.83883476483184,0.908256880733945,0.463302752293578
8.5625,0.08,18,FALSE,NA,NA,NA,NA,NA
8.707,0.08,18,FALSE,NA,NA,NA,NA,NA
8.8515,0.08,18,FALSE,NA,NA,NA,NA,NA
8.5625,0.15,18,TRUE,9.53137924788288,13.4794058004774,12.5,0.931192660550459,0.504587155963303
8.707,0.15,18,TRUE,9.4464024024294,13.3592303931494,12.5,0.908256880733945,0.509174311926605
8.8515,0.15,18,TRUE,10.2427181003174,14.4853908530332,12.5,0.926605504587156,0.541284403669725
8.5625,0.25,18,TRUE,9.592283249351,13.5655370653564,8.83883476483184,0.926605504587156,0.481651376146789
8.707,0.25,18,TRUE,9.97685825739112,14.1094082574765,8.83883476483184,0.885321100917431,0.486238532110092
8.8515,0.25,18,TRUE,9.63887062029896,13.6314215571864,8.83883476483184,0.885321100917431,0.481651376146789
8.5625,0.08,19,FALSE,NA,NA,NA,NA,NA
8.707,0.08,19,FALSE,NA,NA,NA,NA,NA
8.8515,0.08,19,FALSE,NA,NA,NA,NA,NA
8.5625,0.15,19,TRUE,9.5829385971091,13.5523217314203,12.5,0.94954128440367,0.55045871559633
8.707,0.15,19,TRUE,9.85033500804121,13.9304773622904,12.5,0.931192660550459,0.559633027522936
8.8515,0.15,19,TRUE,9.87304736239949,13.9625974818573,12.5,0.926605504587156,0.522935779816514
8.5625,0.25,19,TRUE,9.45588198575048,13.3726365484478,8.83883476483184,0.903669724770642,0.490825688073394
8.707,0.25,19,TRUE,9.46061821544177,13.3793345887117,8.83883476483184,0.908256880733945,0.486238532110092
8.8515,0.25,19,TRUE,9.70833251302644,13.7296555079497,12.5,0.908256880733945,0.582568807339449
8.5625,0.08,20,FALSE,NA,NA,NA,NA,NA
8.707,0.08,20,FALSE,NA,NA,NA,NA,NA
8.8515,0.08,20,FALSE,NA,NA,NA,NA,NA
8.5625,0.15,20,TRUE,8.98959324426015,12.7132046862503,8.83883476483184,0.912844036697248,0.486238532110092
8.707,0.15,20,TRUE,9.84123538946334,13.9176085582851,12.5,0.940366972477064,0.536697247706422
8.8515,0.15,20,TRUE,9.80475246355356,13.8660139096685,12.5,0.922018348623853,0.522935779816514
8.5625,0.25,20,TRUE,8.83883476483184,12.5,8.83883476483184,0.908256880733945,0.440366972477064
8.707,0.25,20,TRUE,9.49370566468681,13.4261273081784,12.5,0.885321100917431,0.504587155963303
8.8515,0.25,20,TRUE,9.40362602082035,13.2987354541287,12.5,0.912844036697248,0.522935779816514
8.5625,0.08,21,FALSE,NA,NA,NA,NA,NA
8.707,0.08,21,FALSE,NA,NA,NA,NA,NA
8.8515,0.08,21,FALSE,NA,NA,NA,NA,NA
8.5625,0.15,21,TRUE,9.36543854927165,13.2447302139518,12.5,0.917431192660551,0.532110091743119
8.707,0.15,21,TRUE,9.29341411277683,13.1428722790385,8.83883476483184,0.917431192660551,0.486238532110092
8.8515,0.15,21,TRUE,9.85488166649151,13.9369073083343,12.5,0.894495412844037,0.577981651376147
8.5625,0.25,21,TRUE,9.49370566468681,13.4261273081784,8.83883476483184,0.903669724770642,0.431192660550459
8.707,0.25,21,TRUE,9.3126750953307,13.1701114217908,8.83883476483184,0.899082568807339,0.454128440366972
8.8515,0.25,21,TRUE,9.4984230342523,13.4327986761966,12.5,0.926605504587156,0.522935779816514
8.5625,0.08,22,FALSE,NA,NA,NA,NA,NA
8.707,0.08,22,FALSE,NA,NA,NA,NA,NA
8.8515,0.08,22,FALSE,NA,NA,NA,NA,NA
8.5625,0.15,22,TRUE,9.98583429002754,14.1221022845673,12.5,0.871559633027523,0.545871559633027
8.707,0.15,22,TRUE,9.54077439974287,13.4926925516584,8.83883476483184,0.899082568807339,0.477064220183486
8.8515,0.15,22,TRUE,10.5061144276546,14.8578895114328,12.5,0.926605504587156,0.587155963302752
8.5625,0.25,22,TRUE,8.71120989026746,12.3195111714949,8.83883476483184,0.885321100917431,0.463302752293578
8.707,0.25,22,TRUE,9.3126750953307,13.1701114217908,12.5,0.917431192660551,0.513761467889908
8.8515,0.25,22,TRUE,9.37022049420886,13.2514929053365,10.6694173824159,0.880733944954128,0.5
8.5625,0.08,23,FALSE,NA,NA,NA,NA,NA
8.707,0.08,23,FALSE,NA,NA,NA,NA,NA
8.8515,0.08,23,FALSE,NA,NA,NA,NA,NA
8.5625,0.15,23,TRUE,9.96787414187483,14.0967027994675,12.5,0.885321100917431,0.555045871559633
8.707,0.15,23,TRUE,9.64816110016198,13.6445602798096,12.5,0.917431192660551,0.577981651376147
8.8515,0.15,23,TRUE,10.3341533165829,14.6146997759545,12.5,0.912844036697248,0.55045871559633
8.5625,0.25,23,TRUE,9.24023939530621,13.0676718724162,8.83883476483184,0.880733944954128,0.454128440366972
8.707,0.25,23,TRUE,8.78290830027327,12.4209080353257,8.83883476483184,0.876146788990826,0.431192660550459
8.8515,0.25,23,TRUE,9.01944255687109,12.7554179889722,8.83883476483184,0.885321100917431,0.458715596330275
8.5625,0.08,24,FALSE,NA,NA,NA,NA,NA
8.707,0.08,24,FALSE,NA,NA,NA,NA,NA
8.8515,0.08,24,FALSE,NA,NA,NA,NA,NA
8.5625,0.15,24,TRUE,9.97685825739112,14.1094082574765,12.5,0.926605504587156,0.555045871559633
8.707,0.15,24,TRUE,9.79103631909487,13.8466163521515,12.5,0.917431192660551,0.536697247706422
8.8515,0.15,24,TRUE,9.51726913023099,13.4594510807275,8.83883476483184,0.922018348623853,0.490825688073394
8.5625,0.25,24,TRUE,9.64816110016198,13.6445602798096,12.5,0.903669724770642,0.504587155963303
8.707,0.25,24,TRUE,8.80837344011654,12.4569211814598,8.83883476483184,0.894495412844037,0.422018348623853
8.8515,0.25,24,TRUE,9.55484980606779,13.512598182179,12.5,0.912844036697248,0.532110091743119
8.5625,0.08,25,FALSE,NA,NA,NA,NA,NA
8.707,0.08,25,FALSE,NA,NA,NA,NA,NA
8.8515,0.08,25,FALSE,NA,NA,NA,NA,NA
8.5625,0.15,25,TRUE,9.53607798085149,13.4860508123676,8.83883476483184,0.954128440366973,0.490825688073394
8.707,0.15,25,TRUE,9.37022049420886,13.2514929053365,12.5,0.903669724770642,0.509174311926605
8.8515,0.15,25,TRUE,10.2339673784292,14.4730154634584,12.5,0.926605504587156,0.55045871559633
8.5625,0.25,25,TRUE,8.97962142394829,12.6991024027237,10.6694173824159,0.876146788990826,0.5
8.707,0.25,25,TRUE,8.77780640713276,12.4136928688526,8.83883476483184,0.917431192660551,0.458715596330275
8.8515,0.25,25,TRUE,9.22082710622728,13.0402187499241,8.83883476483184,0.912844036697248,0.440366972477064
8.5625,0.08,26,FALSE,NA,NA,NA,NA,NA
8.707,0.08,26,FALSE,NA,NA,NA,NA,NA
8.8515,0.08,26,FALSE,NA,NA,NA,NA,NA
8.5625,0.15,26,TRUE,9.69909966974614,13.7165982957634,12.5,0.908256880733945,0.522935779816514
8.707,0.15,26,TRUE,9.94537834668524,14.064888940814,12.5,0.926605504587156,0.532110091743119
8.8515,0.15,26,TRUE,9.97236721135785,14.103056959267,12.5,0.926605504587156,0.573394495412844
8.5625,0.25,26,TRUE,9.74057854610516,13.7752582852623,12.5,0.899082568807339,0.504587155963303
8.707,0.25,26,TRUE,9.80932024971496,13.8724737348079,12.5,0.885321100917431,0.532110091743119
8.8515,0.25,26,TRUE,9.62026274460471,13.6051060470126,12.5,0.931192660550459,0.504587155963303
8.5625,0.08,27,FALSE,NA,NA,NA,NA,NA
8.707,0.08,27,FALSE,NA,NA,NA,NA,NA
8.8515,0.08,27,FALSE,NA,NA,NA,NA,NA
8.5625,0.15,27,TRUE,8.78290830027327,12.4209080353257,8.83883476483184,0.885321100917431,0.431192660550459
8.707,0.15,27,TRUE,10.2208272479789,14.4544325127642,12.5,0.922018348623853,0.55045871559633
8.8515,0.15,27,TRUE,10.2076702025145,14.4358256406277,12.5,0.926605504587156,0.522935779816514
8.5625,0.25,27,TRUE,9.51726913023099,13.4594510807275,10.6694173824159,0.885321100917431,0.5
8.707,0.25,27,TRUE,9.81388590984102,13.8789305532794,8.83883476483184,0.935779816513762,0.481651376146789
8.8515,0.25,27,TRUE,9.73137629695962,13.7622443397164,10.6694173824159,0.889908256880734,0.5
8.5625,0.08,28,FALSE,NA,NA,NA,NA,NA
8.707,0.08,28,FALSE,NA,NA,NA,NA,NA
8.8515,0.08,28,FALSE,NA,NA,NA,NA,NA
8.5625,0.15,28,TRUE,9.31748411971284,13.1769124092938,12.5,0.922018348623853,0.536697247706422
8.707,0.15,28,TRUE,9.93185641202041,14.0457660374214,12.5,0.922018348623853,0.518348623853211
8.8515,0.15,28,TRUE,9.79103631909487,13.8466163521515,12.5,0.931192660550459,0.522935779816514
8.5625,0.25,28,TRUE,9.57358482367743,13.5390934981739,12.5,0.899082568807339,0.504587155963303
8.707,0.25,28,TRUE,9.3893239197359,13.2785092288046,12.5,0.935779816513762,0.518348623853211
8.8515,0.25,28,TRUE,9.72216533768126,13.7492180761824,12.5,0.880733944954128,0.522935779816514
8.5625,0.08,29,FALSE,NA,NA,NA,NA,NA
8.707,0.08,29,FALSE,NA,NA,NA,NA,NA
8.8515,0.08,29,FALSE,NA,NA,NA,NA,NA
8.5625,0.15,29,TRUE,9.41314868252202,13.3122025314571,12.5,0.908256880733945,0.509174311926605
8.707,0.15,29,TRUE,9.94087307879984,14.0585175298683,12.5,0.880733944954128,0.564220183486238
8.8515,0.15,29,TRUE,10.2339673784292,14.4730154634584,12.5,0.926605504587156,0.577981651376147
8.5625,0.25,29,TRUE,9.20624102732549,13.0195909193193,8.83883476483184,0.885321100917431,0.477064220183486
8.707,0.25,29,TRUE,9.42266172050565,13.3256559987929,8.83883476483184,0.894495412844037,0.486238532110092
8.8515,0.25,29,TRUE,9.08870972665608,12.8533765599093,8.83883476483184,0.908256880733945,0.477064220183486
8.5625,0.08,30,FALSE,NA,NA,NA,NA,NA
8.707,0.08,30,FALSE,NA,NA,NA,NA,NA
8.8515,0.08,30,FALSE,NA,NA,NA,NA,NA
8.5625,0.15,30,TRUE,9.45114338260361,13.3659351516108,8.83883476483184,0.912844036697248,0.495412844036697
8.707,0.15,30,TRUE,9.50785075174359,13.446131482135,12.5,0.908256880733945,0.509174311926605
8.8515,0.15,30,TRUE,10.0127141079399,14.1601160876131,12.5,0.908256880733945,0.522935779816514
8.5625,0.25,30,TRUE,8.70606598081966,12.3122365849902,8.83883476483184,0.853211009174312,0.454128440366972
8.707,0.25,30,TRUE,9.10840359530944,12.8812278960545,8.83883476483184,0.903669724770642,0.481651376146789
8.8515,0.25,30,TRUE,9.488985949921,13.419452623546,12.5,0.931192660550459,0.527522935779816
8.5625,0.08,31,FALSE,NA,NA,NA,NA,NA
8.707,0.08,31,FALSE,NA,NA,NA,NA,NA
8.8515,0.08,31,FALSE,NA,NA,NA,NA,NA
8.5625,0.15,31,TRUE,9.05414238158728,12.8044909516978,12.5,0.954128440366973,0.509174311926605
8.707,0.15,31,TRUE,9.73137629695962,13.7622443397164,10.6694173824159,0.899082568807339,0.5
8.8515,0.15,31,TRUE,9.97236721135785,14.103056959267,12.5,0.917431192660551,0.587155963302752
8.5625,0.25,31,TRUE,9.20624102732549,13.0195909193193,8.83883476483184,0.917431192660551,0.44954128440367
8.707,0.25,31,TRUE,9.07884677233823,12.8394282361479,10.6694173824159,0.912844036697248,0.5
8.8515,0.25,31,TRUE,9.62026274460471,13.6051060470126,12.5,0.903669724770642,0.527522935779816
8.5625,0.08,32,FALSE,NA,NA,NA,NA,NA
8.707,0.08,32,FALSE,NA,NA,NA,NA,NA
8.8515,0.08,32,FALSE,NA,NA,NA,NA,NA
8.5625,0.15,32,TRUE,9.50785075174359,13.446131482135,8.83883476483184,0.885321100917431,0.486238532110092
8.707,0.15,32,TRUE,9.43691329666684,13.3458107710852,12.5,0.922018348623853,0.541284403669725
8.8515,0.15,32,TRUE,10.2339673784292,14.4730154634584,12.5,0.922018348623853,0.555045871559633
8.5625,0.25,32,TRUE,8.51355671478025,12.0399873700748,8.83883476483184,0.912844036697248,0.467889908256881
8.707,0.25,32,TRUE,9.74517641208984,13.7817606496958,12.5,0.944954128440367,0.536697247706422
8.8515,0.25,32,TRUE,9.52197482600936,13.4661059395176,12.5,0.889908256880734,0.527522935779816
8.5625,0.08,33,FALSE,NA,NA,NA,NA,NA
8.707,0.08,33,FALSE,NA,NA,NA,NA,NA
8.8515,0.08,33,FALSE,NA,NA,NA,NA,NA
8.5625,0.15,33,TRUE,9.87758356634312,13.9690126429961,12.5,0.922018348623853,0.513761467889908
8.707,0.15,33,TRUE,9.84123538946334,13.9176085582851,12.5,0.931192660550459,0.522935779816514
8.8515,0.15,33,TRUE,8.94463250715609,12.6496206020634,8.83883476483184,0.926605504587156,0.454128440366972
8.5625,0.25,33,TRUE,10.0216580258536,14.1727646976273,12.5,0.922018348623853,0.555045871559633
8.707,0.25,33,TRUE,9.1769993196993,12.9782368998074,12.5,0.899082568807339,0.504587155963303
8.8515,0.25,33,TRUE,9.63422202074221,13.6248474446472,12.5,0.889908256880734,0.536697247706422
8.5625,0.08,34,FALSE,NA,NA,NA,NA,NA
8.707,0.08,34,FALSE,NA,NA,NA,NA,NA
8.8515,0.08,34,FALSE,NA,NA,NA,NA,NA
8.5625,0.15,34,TRUE,10.3081117296619,14.577871410545,12.5,0.899082568807339,0.573394495412844
8.707,0.15,34,TRUE,9.69909966974614,13.7165982957634,12.5,0.876146788990826,0.577981651376147
8.8515,0.15,34,TRUE,9.39886107193533,13.2919967987915,12.5,0.903669724770642,0.513761467889908
8.5625,0.25,34,TRUE,9.1916318019972,12.9989303547243,8.83883476483184,0.894495412844037,0.458715596330275
8.707,0.25,34,TRUE,9.38455170904911,13.2717603037289,8.83883476483184,0.899082568807339,0.490825688073394
8.8515,0.25,34,TRUE,9.87304736239949,13.9625974818573,12.5,0.894495412844037,0.532110091743119
8.5625,0.08,35,FALSE,NA,NA,NA,NA,NA
8.707,0.08,35,FALSE,NA,NA,NA,NA,NA
8.8515,0.08,35,FALSE,NA,NA,NA,NA,NA
8.5625,0.15,35,TRUE,9.3126750953307,13.1701114217908,8.83883476483184,0.903669724770642,0.495412844036697
8.707,0.15,35,TRUE,9.68060756585229,13.6904465116399,12.5,0.917431192660551,0.509174311926605
8.8515,0.15,35,TRUE,10.0037621936711,14.1474561690449,12.5,0.944954128440367,0.545871559633027
8.5625,0.25,35,TRUE,9.02440784354328,12.762439964725,8.83883476483184,0.889908256880734,0.463302752293578
8.707,0.25,35,TRUE,9.375,13.2582521472478,8.83883476483184,0.935779816513762,0.486238532110092
8.8515,0.25,35,TRUE,9.47481269936632,13.3994086203887,12.5,0.935779816513762,0.527522935779816
8.5625,0.08,36,FALSE,NA,NA,NA,NA,NA
8.707,0.08,36,FALSE,NA,NA,NA,NA,NA
8.8515,0.08,36,FALSE,NA,NA,NA,NA,NA
8.5625,0.15,36,TRUE,9.21596764496423,13.0333464339,12.5,0.917431192660551,0.536697247706422
8.707,0.15,36,TRUE,9.25477189088384,13.0882239247572,12.5,0.935779816513762,0.55045871559633
8.8515,0.15,36,TRUE,9.93636576817194,14.0521432300485,12.5,0.922018348623853,0.545871559633027
8.5625,0.25,36,TRUE,9.65280298693531,13.6511248990394,8.83883476483184,0.912844036697248,0.490825688073394
8.707,0.25,36,TRUE,9.45114338260361,13.3659351516108,10.6694173824159,0.912844036697248,0.5
8.8515,0.25,36,TRUE,9.54077439974287,13.4926925516584,8.83883476483184,0.885321100917431,0.490825688073394
8.5625,0.08,37,FALSE,NA,NA,NA,NA,NA
8.707,0.08,37,FALSE,NA,NA,NA,NA,NA
8.8515,0.08,37,FALSE,NA,NA,NA,NA,NA
8.5625,0.15,37,TRUE,9.55953700272257,13.5192268792577,10.6694173824159,0.922018348623853,0.5
8.707,0.15,37,TRUE,9.88664973031351,13.9818341350417,12.5,0.926605504587156,0.518348623853211
8.8515,0.15,37,TRUE,9.67597901786318,13.6839007562996,12.5,0.899082568807339,0.509174311926605
8.5625,0.25,37,TRUE,9.06897309157877,12.8254647429074,10.6694173824159,0.903669724770642,0.5
8.707,0.25,37,TRUE,8.98460871754243,12.706155500964,8.83883476483184,0.894495412844037,0.412844036697248
8.8515,0.25,37,TRUE,9.38455170904911,13.2717603037289,8.83883476483184,0.857798165137615,0.490825688073394
8.5625,0.08,38,FALSE,NA,NA,NA,NA,NA
8.707,0.08,38,FALSE,NA,NA,NA,NA,NA
8.8515,0.08,38,FALSE,NA,NA,NA,NA,NA
8.5625,0.15,38,TRUE,9.30786358630617,13.1633069204729,8.83883476483184,0.894495412844037,0.467889908256881
8.707,0.15,38,TRUE,10.1106620646386,14.298635416383,12.5,0.944954128440367,0.600917431192661
8.8515,0.15,38,TRUE,10.0796000494049,14.2547070931649,12.5,0.931192660550459,0.522935779816514
8.5625,0.25,38,TRUE,8.88937168190658,12.5714699935276,8.83883476483184,0.889908256880734,0.44954128440367
8.707,0.25,38,TRUE,9.68060756585229,13.6904465116399,12.5,0.926605504587156,0.536697247706422
8.8515,0.25,38,TRUE,9.73137629695962,13.7622443397164,12.5,0.894495412844037,0.527522935779816
8.5625,0.08,39,FALSE,NA,NA,NA,NA,NA
8.707,0.08,39,FALSE,NA,NA,NA,NA,NA
8.8515,0.08,39,FALSE,NA,NA,NA,NA,NA
8.5625,0.15,39,TRUE,9.30786358630617,13.1633069204729,8.83883476483184,0.894495412844037,0.490825688073394
8.707,0.15,39,TRUE,9.55953700272257,13.5192268792577,12.5,0.940366972477064,0.559633027522936
8.8515,0.15,39,TRUE,9.40838855646161,13.3054706966238,12.5,0.931192660550459,0.509174311926605
8.5625,0.25,39,TRUE,9.1916318019972,12.9989303547243,8.83883476483184,0.894495412844037,0.463302752293578
8.707,0.25,39,TRUE,9.72677190763304,13.7557327498843,8.83883476483184,0.894495412844037,0.477064220183486
8.8515,0.25,39,TRUE,9.78188153792604,13.833669536462,12.5,0.899082568807339,0.509174311926605
8.5625,0.08,40,FALSE,NA,NA,NA,NA,NA
8.707,0.08,40,FALSE,NA,NA,NA,NA,NA
8.8515,0.08,40,FALSE,NA,NA,NA,NA,NA
8.5625,0.15,40,TRUE,9.4842638864537,13.4127746173482,8.83883476483184,0.940366972477064,0.463302752293578
8.707,0.15,40,TRUE,9.68985802908656,13.703528642204,12.5,0.935779816513762,0.527522935779816
8.8515,0.15,40,TRUE,9.86850907332385,13.9561793718965,12.5,0.926605504587156,0.509174311926605
8.5625,0.25,40,TRUE,9.4842638864537,13.4127746173482,12.5,0.908256880733945,0.509174311926605
8.707,0.25,40,TRUE,9.61560514919998,13.5985192124232,12.5,0.876146788990826,0.527522935779816
8.8515,0.25,40,TRUE,9.93185641202041,14.0457660374214,12.5,0.908256880733945,0.518348623853211
8.5625,0.08,41,FALSE,NA,NA,NA,NA,NA
8.707,0.08,41,FALSE,NA,NA,NA,NA,NA
8.8515,0.08,41,FALSE,NA,NA,NA,NA,NA
8.5625,0.15,41,TRUE,8.695769033419,12.2976745023251,8.83883476483184,0.912844036697248,0.458715596330275
8.707,0.15,41,TRUE,9.26928160226122,13.1087437553732,8.83883476483184,0.912844036697248,0.477064220183486
8.8515,0.15,41,TRUE,10.0305939688023,14.1854020293379,12.5,0.935779816513762,0.568807339449541
8.5625,0.25,41,TRUE,9.01447453525656,12.7483921454267,8.83883476483184,0.917431192660551,0.467889908256881
8.707,0.25,41,TRUE,9.66208007027491,13.6642446761176,8.83883476483184,0.889908256880734,0.486238532110092
8.8515,0.25,41,TRUE,9.24508609870547,13.0745261460962,8.83883476483184,0.871559633027523,0.495412844036697
8.5625,0.08,42,FALSE,NA,NA,NA,NA,NA
8.707,0.08,42,FALSE,NA,NA,NA,NA,NA
8.8515,0.08,42,FALSE,NA,NA,NA,NA,NA
8.5625,0.15,42,TRUE,9.32229066329779,13.1837098884198,8.83883476483184,0.917431192660551,0.490825688073394
8.707,0.15,42,TRUE,9.20624102732549,13.0195909193193,8.83883476483184,0.908256880733945,0.495412844036697
8.8515,0.15,42,TRUE,10.1725015529139,14.3860896593923,12.5,0.885321100917431,0.532110091743119
8.5625,0.25,42,TRUE,8.8742408255218,12.5500717312179,12.5,0.880733944954128,0.509174311926605
8.707,0.25,42,TRUE,9.46061821544177,13.3793345887117,8.83883476483184,0.899082568807339,0.490825688073394
8.8515,0.25,42,TRUE,9.40362602082035,13.2987354541287,12.5,0.912844036697248,0.504587155963303
8.5625,0.08,43,FALSE,NA,NA,NA,NA,NA
8.707,0.08,43,FALSE,NA,NA,NA,NA,NA
8.8515,0.08,43,FALSE,NA,NA,NA,NA,NA
8.5625,0.15,43,TRUE,9.23539014837275,13.0608140016356,12.5,0.926605504587156,0.55045871559633
8.707,0.15,43,TRUE,9.91831604251781,14.0266170632313,12.5,0.912844036697248,0.536697247706422
8.8515,0.15,43,TRUE,9.74517641208984,13.7817606496958,12.5,0.94954128440367,0.536697247706422
8.5625,0.25,43,TRUE,9.09363719230766,12.8603450486619,10.6694173824159,0.908256880733945,0.5
8.707,0.25,43,TRUE,8.90447682734968,12.5928318950749,8.83883476483184,0.908256880733945,0.486238532110092
8.8515,0.25,43,TRUE,9.81844944689763,13.8853843692772,8.83883476483184,0.922018348623853,0.486238532110092
8.5625,0.08,44,FALSE,NA,NA,NA,NA,NA
8.707,0.08,44,FALSE,NA,NA,NA,NA,NA
8.8515,0.08,44,FALSE,NA,NA,NA,NA,NA
8.5625,0.15,44,TRUE,9.23539014837275,13.0608140016356,8.83883476483184,0.931192660550459,0.495412844036697
8.707,0.15,44,TRUE,9.71294564349016,13.7361794596165,12.5,0.894495412844037,0.545871559633027
8.8515,0.15,44,TRUE,9.37022049420886,13.2514929053365,12.5,0.885321100917431,0.541284403669725
8.5625,0.25,44,TRUE,9.67134825472747,13.677351868269,12.5,0.894495412844037,0.509174311926605
8.707,0.25,44,TRUE,9.63422202074221,13.6248474446472,8.83883476483184,0.876146788990826,0.490825688073394
8.8515,0.25,44,TRUE,10.0573541603357,14.2232466551362,12.5,0.894495412844037,0.564220183486238
8.5625,0.08,45,FALSE,NA,NA,NA,NA,NA
8.707,0.08,45,FALSE,NA,NA,NA,NA,NA
8.8515,0.08,45,FALSE,NA,NA,NA,NA,NA
8.5625,0.15,45,TRUE,9.95438276532162,14.0776231117708,12.5,0.912844036697248,0.509174311926605
8.707,0.15,45,TRUE,9.83212734920623,13.9047278442269,12.5,0.926605504587156,0.532110091743119
8.8515,0.15,45,TRUE,9.65280298693531,13.6511248990394,10.6694173824159,0.917431192660551,0.5
8.5625,0.25,45,TRUE,9.05414238158728,12.8044909516978,8.83883476483184,0.899082568807339,0.467889908256881
8.707,0.25,45,TRUE,9.06403221783062,12.8184772922428,12.5,0.903669724770642,0.504587155963303
8.8515,0.25,45,TRUE,9.86396869623819,13.9497583090437,12.5,0.908256880733945,0.545871559633027
8.5625,0.08,46,FALSE,NA,NA,NA,NA,NA
8.707,0.08,46,FALSE,NA,NA,NA,NA,NA
8.8515,0.08,46,FALSE,NA,NA,NA,NA,NA
8.5625,0.15,46,TRUE,9.56890450815758,13.5324745324895,12.5,0.903669724770642,0.509174311926605
8.707,0.15,46,TRUE,9.67597901786318,13.6839007562996,8.83883476483184,0.894495412844037,0.477064220183486
8.8515,0.15,46,TRUE,10.5316664258997,14.8940254938967,12.5,0.899082568807339,0.564220183486238
8.5625,0.25,46,TRUE,9.25961098762803,13.0950674410025,12.5,0.917431192660551,0.518348623853211
8.707,0.25,46,TRUE,9.08870972665608,12.8533765599093,8.83883476483184,0.885321100917431,0.495412844036697
8.8515,0.25,46,TRUE,9.1916318019972,12.9989303547243,8.83883476483184,0.903669724770642,0.481651376146789
8.5625,0.08,47,FALSE,NA,NA,NA,NA,NA
8.707,0.08,47,FALSE,NA,NA,NA,NA,NA
8.8515,0.08,47,FALSE,NA,NA,NA,NA,NA
8.5625,0.15,47,TRUE,9.88211768802619,13.9754248593737,12.5,0.935779816513762,0.541284403669725
8.707,0.15,47,TRUE,9.95438276532162,14.0776231117708,12.5,0.889908256880734,0.504587155963303
8.8515,0.15,47,TRUE,9.73597850875482,13.7687528500541,12.5,0.908256880733945,0.518348623853211
8.5625,0.25,47,TRUE,9.4464024024294,13.3592303931494,8.83883476483184,0.903669724770642,0.486238532110092
8.707,0.25,47,TRUE,9.79103631909487,13.8466163521515,12.5,0.912844036697248,0.536697247706422
8.8515,0.25,47,TRUE,9.47481269936632,13.3994086203887,8.83883476483184,0.86697247706422,0.467889908256881
8.5625,0.08,48,FALSE,NA,NA,NA,NA,NA
8.707,0.08,48,FALSE,NA,NA,NA,NA,NA
8.8515,0.08,48,FALSE,NA,NA,NA,NA,NA
8.5625,0.15,48,TRUE,9.86850907332385,13.9561793718965,8.83883476483184,0.931192660550459,0.490825688073394
8.707,0.15,48,TRUE,9.79103631909487,13.8466163521515,12.5,0.926605504587156,0.545871559633027
8.8515,0.15,48,TRUE,9.47953947077503,13.4060932846211,12.5,0.885321100917431,0.504587155963303
8.5625,0.25,48,TRUE,9.5829385971091,13.5523217314203,8.83883476483184,0.912844036697248,0.481651376146789
8.707,0.25,48,TRUE,10.097361472959,14.2798255392422,12.5,0.880733944954128,0.541284403669725
8.8515,0.25,48,TRUE,9.46061821544177,13.3793345887117,8.83883476483184,0.899082568807339,0.481651376146789
8.5625,0.08,49,FALSE,NA,NA,NA,NA,NA
8.707,0.08,49,FALSE,NA,NA,NA,NA,NA
8.8515,0.08,49,FALSE,NA,NA,NA,NA,NA
8.5625,0.15,49,TRUE,9.45114338260361,13.3659351516108,12.5,0.912844036697248,0.541284403669725
8.707,0.15,49,TRUE,10.4290828143526,14.7489503591696,12.5,0.912844036697248,0.536697247706422
8.8515,0.15,49,TRUE,9.68523390187067,13.6969891387812,12.5,0.922018348623853,0.518348623853211
8.5625,0.25,49,TRUE,9.35586732699684,13.2311944616022,12.5,0.917431192660551,0.509174311926605
8.707,0.25,49,TRUE,9.95888192160347,14.0839858796039,12.5,0.926605504587156,0.527522935779816
8.8515,0.25,49,TRUE,8.46077532125143,11.9653432075054,8.83883476483184,0.903669724770642,0.408256880733945
8.5625,0.08,50,FALSE,NA,NA,NA,NA,NA
8.707,0.08,50,FALSE,NA,NA,NA,NA,NA
8.8515,0.08,50,FALSE,NA,NA,NA,NA,NA
8.5625,0.15,50,TRUE,9.56422190229452,13.5258523277707,12.5,0.931192660550459,0.545871559633027
8.707,0.15,50,TRUE,9.80932024971496,13.8724737348079,12.5,0.903669724770642,0.513761467889908
8.8515,0.15,50,TRUE,9.77271818084415,13.8207105925999,12.5,0.944954128440367,0.573394495412844
8.5625,0.25,50,TRUE,9.31748411971284,13.1769124092938,10.6694173824159,0.935779816513762,0.5
8.707,0.25,50,TRUE,9.69909966974614,13.7165982957634,12.5,0.903669724770642,0.541284403669725
8.8515,0.25,50,TRUE,9.43216516388995,13.3390958973162,8.83883476483184,0.912844036697248,0.481651376146789
8.5625,0.08,51,FALSE,NA,NA,NA,NA,NA
8.707,0.08,51,FALSE,NA,NA,NA,NA,NA
8.8515,0.08,51,FALSE,NA,NA,NA,NA,NA
8.5625,0.15,51,TRUE,9.54546850797263,13.4993310231802,8.83883476483184,0.894495412844037,0.490825688073394
8.707,0.15,51,TRUE,9.3893239197359,13.2785092288046,12.5,0.931192660550459,0.522935779816514
8.8515,0.15,51,TRUE,9.91379847633377,14.0202282598649,12.5,0.926605504587156,0.564220183486238
8.5625,0.25,51,TRUE,8.81345763877371,12.4641113241545,8.83883476483184,0.931192660550459,0.440366972477064
8.707,0.25,51,TRUE,9.56422190229452,13.5258523277707,12.5,0.944954128440367,0.509174311926605
8.8515,0.25,51,TRUE,9.34149210622383,13.210864829423,8.83883476483184,0.871559633027523,0.481651376146789
8.5625,0.08,52,FALSE,NA,NA,NA,NA,NA
8.707,0.08,52,FALSE,NA,NA,NA,NA,NA
8.8515,0.08,52,FALSE,NA,NA,NA,NA,NA
8.5625,0.15,52,TRUE,9.85942622825785,13.9433342892193,12.5,0.912844036697248,0.536697247706422
8.707,0.15,52,TRUE,9.4842638864537,13.4127746173482,12.5,0.922018348623853,0.55045871559633
8.8515,0.15,52,TRUE,9.30786358630617,13.1633069204729,12.5,0.871559633027523,0.532110091743119
8.5625,0.25,52,TRUE,9.55016030894799,13.5059662317515,12.5,0.899082568807339,0.541284403669725
8.707,0.25,52,TRUE,9.88664973031351,13.9818341350417,12.5,0.944954128440367,0.55045871559633
8.8515,0.25,52,TRUE,9.63887062029896,13.6314215571864,12.5,0.899082568807339,0.532110091743119
8.5625,0.08,53,FALSE,NA,NA,NA,NA,NA
8.707,0.08,53,FALSE,NA,NA,NA,NA,NA
8.8515,0.08,53,FALSE,NA,NA,NA,NA,NA
8.5625,0.15,53,TRUE,9.72677190763304,13.7557327498843,12.5,0.926605504587156,0.559633027522936
8.707,0.15,53,TRUE,10.0751548010964,14.2484205627189,12.5,0.894495412844037,0.582568807339449
8.8515,0.15,53,TRUE,9.2644475567683,13.101907382676,8.83883476483184,0.912844036697248,0.481651376146789
8.5625,0.25,53,TRUE,9.14766413759884,12.9367506874263,12.5,0.889908256880734,0.527522935779816
8.707,0.25,53,TRUE,9.16723135597357,12.9644229130297,8.83883476483184,0.889908256880734,0.481651376146789
8.8515,0.25,53,TRUE,9.69447995066066,13.7100650263784,12.5,0.917431192660551,0.545871559633027
8.5625,0.08,54,FALSE,NA,NA,NA,NA,NA
8.707,0.08,54,FALSE,NA,NA,NA,NA,NA
8.8515,0.08,54,FALSE,NA,NA,NA,NA,NA
8.5625,0.15,54,TRUE,8.72148860757784,12.334047472919,8.83883476483184,0.894495412844037,0.426605504587156
8.707,0.15,54,TRUE,9.2644475567683,13.101907382676,10.6694173824159,0.912844036697248,0.5
8.8515,0.15,54,TRUE,10.1460450671475,14.3486745384086,12.5,0.917431192660551,0.536697247706422
8.5625,0.25,54,TRUE,9.03433023009575,12.7764723383587,12.5,0.885321100917431,0.504587155963303
8.707,0.25,54,TRUE,9.0442417308605,12.7904893171636,8.83883476483184,0.908256880733945,0.477064220183486
8.8515,0.25,54,TRUE,10.0707075906386,14.2421312573748,12.5,0.908256880733945,0.605504587155963
8.5625,0.08,55,FALSE,NA,NA,NA,NA,NA
8.707,0.08,55,FALSE,NA,NA,NA,NA,NA
8.8515,0.08,55,FALSE,NA,NA,NA,NA,NA
8.5625,0.15,55,TRUE,9.40838855646161,13.3054706966238,12.5,0.889908256880734,0.509174311926605
8.707,0.15,55,TRUE,9.74517641208984,13.7817606496958,12.5,0.899082568807339,0.568807339449541
8.8515,0.15,55,TRUE,9.65280298693531,13.6511248990394,10.6694173824159,0.917431192660551,0.5
8.5625,0.25,55,TRUE,10.0707075906386,14.2421312573748,12.5,0.885321100917431,0.522935779816514
8.707,0.25,55,TRUE,9.33669544757319,13.2040813297051,12.5,0.912844036697248,0.522935779816514
8.8515,0.25,55,TRUE,9.06403221783062,12.8184772922428,12.5,0.912844036697248,0.527522935779816
8.5625,0.08,56,FALSE,NA,NA,NA,NA,NA
8.707,0.08,56,FALSE,NA,NA,NA,NA,NA
8.8515,0.08,56,FALSE,NA,NA,NA,NA,NA
8.5625,0.15,56,TRUE,9.61094529666114,13.5919291857641,12.5,0.908256880733945,0.527522935779816
8.707,0.15,56,TRUE,10.3989719741552,14.7063672005881,12.5,0.922018348623853,0.568807339449541
8.8515,0.15,56,TRUE,9.84123538946334,13.9176085582851,12.5,0.912844036697248,0.596330275229358
8.5625,0.25,56,TRUE,8.58168721782536,12.1363384514925,8.83883476483184,0.899082568807339,0.440366972477064
8.707,0.25,56,TRUE,8.974631358865,12.6920453850058,8.83883476483184,0.880733944954128,0.486238532110092
8.8515,0.25,56,TRUE,9.99480226156108,14.134784911537,12.5,0.926605504587156,0.555045871559633
8.5625,0.08,57,FALSE,NA,NA,NA,NA,NA
8.707,0.08,57,FALSE,NA,NA,NA,NA,NA
8.8515,0.08,57,FALSE,NA,NA,NA,NA,NA
8.5625,0.15,57,TRUE,9.89117969606338,13.9882404740422,12.5,0.908256880733945,0.518348623853211
8.707,0.15,57,TRUE,9.32229066329779,13.1837098884198,8.83883476483184,0.899082568807339,0.444954128440367
8.8515,0.15,57,TRUE,10.1857040264167,14.4047607764767,12.5,0.935779816513762,0.55045871559633
8.5625,0.25,57,TRUE,9.07884677233823,12.8394282361479,8.83883476483184,0.912844036697248,0.463302752293578
8.707,0.25,57,TRUE,9.36065416145022,13.237964067807,8.83883476483184,0.885321100917431,0.490825688073394
8.8515,0.25,57,TRUE,9.70371718948867,13.7231284548078,12.5,0.899082568807339,0.509174311926605
8.5625,0.08,58,FALSE,NA,NA,NA,NA,NA
8.707,0.08,58,FALSE,NA,NA,NA,NA,NA
8.8515,0.08,58,FALSE,NA,NA,NA,NA,NA
8.5625,0.15,58,TRUE,9.33189632340746,13.1972943432225,8.83883476483184,0.903669724770642,0.490825688073394
8.707,0.15,58,TRUE,10.1725015529139,14.3860896593923,12.5,0.917431192660551,0.536697247706422
8.8515,0.15,58,TRUE,9.22082710622728,13.0402187499241,8.83883476483184,0.917431192660551,0.481651376146789
8.5625,0.25,58,TRUE,9.46061821544177,13.3793345887117,8.83883476483184,0.917431192660551,0.467889908256881
8.707,0.25,58,TRUE,9.81388590984102,13.8789305532794,12.5,0.880733944954128,0.564220183486238
8.8515,0.25,58,TRUE,9.88664973031351,13.9818341350417,12.5,0.931192660550459,0.532110091743119
8.5625,0.08,59,FALSE,NA,NA,NA,NA,NA
8.707,0.08,59,FALSE,NA,NA,NA,NA,NA
8.8515,0.08,59,FALSE,NA,NA,NA,NA,NA
8.5625,0.15,59,TRUE,9.39409370613435,13.2852547254189,8.83883476483184,0.908256880733945,0.495412844036697
8.707,0.15,59,TRUE,9.76354622370301,13.8077394864174,12.5,0.903669724770642,0.541284403669725
8.8515,0.15,59,TRUE,9.78645999899487,13.8401444582003,12.5,0.940366972477064,0.532110091743119
8.5625,0.25,59,TRUE,9.30304958878411,13.1564988998879,12.5,0.917431192660551,0.513761467889908
8.707,0.25,59,TRUE,9.40362602082035,13.2987354541287,12.5,0.917431192660551,0.504587155963303
8.8515,0.25,59,TRUE,10.0618072728675,14.2295443072735,12.5,0.917431192660551,0.513761467889908
8.5625,0.08,60,FALSE,NA,NA,NA,NA,NA
8.707,0.08,60,FALSE,NA,NA,NA,NA,NA
8.8515,0.08,60,FALSE,NA,NA,NA,NA,NA
8.5625,0.15,60,TRUE,9.42741463970854,13.3323776415905,10.6694173824159,0.908256880733945,0.5
8.707,0.15,60,TRUE,10.4676694807296,14.8035201460868,12.5,0.926605504587156,0.600917431192661
8.8515,0.15,60,TRUE,9.85488166649151,13.9369073083343,12.5,0.908256880733945,0.559633027522936
8.5625,0.25,60,TRUE,9.09856198941511,12.8673097635232,8.83883476483184,0.894495412844037,0.472477064220183
8.707,0.25,60,TRUE,9.36065416145022,13.237964067807,8.83883476483184,0.922018348623853,0.495412844036697
8.8515,0.25,60,TRUE,9.14766413759884,12.9367506874263,10.6694173824159,0.899082568807339,0.5
8.5625,0.08,61,FALSE,NA,NA,NA,NA,NA
8.707,0.08,61,FALSE,NA,NA,NA,NA,NA
8.8515,0.08,61,FALSE,NA,NA,NA,NA,NA
8.5625,0.15,61,TRUE,9.97236721135785,14.103056959267,12.5,0.885321100917431,0.55045871559633
8.707,0.15,61,TRUE,9.36543854927165,13.2447302139518,12.5,0.889908256880734,0.573394495412844
8.8515,0.15,61,TRUE,9.95438276532162,14.0776231117708,12.5,0.954128440366973,0.564220183486238
8.5625,0.25,61,TRUE,9.93185641202041,14.0457660374214,12.5,0.903669724770642,0.541284403669725
8.707,0.25,61,TRUE,9.14276578965051,12.9298233773245,10.6694173824159,0.912844036697248,0.5
8.8515,0.25,61,TRUE,9.11332041272302,12.8881813259245,8.83883476483184,0.922018348623853,0.44954128440367
8.5625,0.08,62,FALSE,NA,NA,NA,NA,NA
8.707,0.08,62,FALSE,NA,NA,NA,NA,NA
8.8515,0.08,62,FALSE,NA,NA,NA,NA,NA
8.5625,0.15,62,TRUE,9.71755658400314,13.7427003142252,12.5,0.885321100917431,0.518348623853211
8.707,0.15,62,TRUE,9.80475246355356,13.8660139096685,12.5,0.899082568807339,0.577981651376147
8.8515,0.15,62,TRUE,9.33669544757319,13.2040813297051,8.83883476483184,0.917431192660551,0.490825688073394
8.5625,0.25,62,TRUE,8.91453270500613,12.6070530536382,8.83883476483184,0.853211009174312,0.454128440366972
8.707,0.25,62,TRUE,9.85942622825785,13.9433342892193,8.83883476483184,0.912844036697248,0.495412844036697
8.8515,0.25,62,TRUE,9.47953947077503,13.4060932846211,12.5,0.903669724770642,0.509174311926605
8.5625,0.08,63,FALSE,NA,NA,NA,NA,NA
8.707,0.08,63,FALSE,NA,NA,NA,NA,NA
8.8515,0.08,63,FALSE,NA,NA,NA,NA,NA
8.5625,0.15,63,TRUE,9.01944255687109,12.7554179889722,8.83883476483184,0.908256880733945,0.454128440366972
8.707,0.15,63,TRUE,9.18675689748989,12.9920361986548,12.5,0.94954128440367,0.509174311926605
8.8515,0.15,63,TRUE,9.95438276532162,14.0776231117708,12.5,0.912844036697248,0.504587155963303
8.5625,0.25,63,TRUE,8.81345763877371,12.4641113241545,8.83883476483184,0.880733944954128,0.458715596330275
8.707,0.25,63,TRUE,9.52197482600936,13.4661059395176,8.83883476483184,0.926605504587156,0.486238532110092
8.8515,0.25,63,TRUE,9.10840359530944,12.8812278960545,8.83883476483184,0.894495412844037,0.477064220183486
8.5625,0.08,64,FALSE,NA,NA,NA,NA,NA
8.707,0.08,64,FALSE,NA,NA,NA,NA,NA
8.8515,0.08,64,FALSE,NA,NA,NA,NA,NA
8.5625,0.15,64,TRUE,9.74517641208984,13.7817606496958,12.5,0.917431192660551,0.545871559633027
8.707,0.15,64,TRUE,10.4975832736471,14.8458246377327,12.5,0.940366972477064,0.582568807339449
8.8515,0.15,64,TRUE,10.123945182341,14.3174205815884,12.5,0.935779816513762,0.555045871559633
8.5625,0.25,64,TRUE,9.19650412240404,13.0058208563239,12.5,0.894495412844037,0.509174311926605
8.707,0.25,64,TRUE,9.73597850875482,13.7687528500541,12.5,0.903669724770642,0.536697247706422
8.8515,0.25,64,TRUE,9.50313806210995,13.4394667325399,12.5,0.880733944954128,0.509174311926605
8.5625,0.08,65,FALSE,NA,NA,NA,NA,NA
8.707,0.08,65,FALSE,NA,NA,NA,NA,NA
8.8515,0.08,65,FALSE,NA,NA,NA,NA,NA
8.5625,0.15,65,TRUE,9.66208007027491,13.6642446761176,12.5,0.922018348623853,0.513761467889908
8.707,0.15,65,TRUE,9.592283249351,13.5655370653564,12.5,0.935779816513762,0.532110091743119
8.8515,0.15,65,TRUE,9.52197482600936,13.4661059395176,12.5,0.926605504587156,0.527522935779816
8.5625,0.25,65,TRUE,8.87928730919695,12.5572085368736,8.83883476483184,0.908256880733945,0.472477064220183
8.707,0.25,65,TRUE,9.07391127495129,12.8324483888063,8.83883476483184,0.940366972477064,0.495412844036697
8.8515,0.25,65,TRUE,9.43216516388995,13.3390958973162,12.5,0.940366972477064,0.55045871559633
8.5625,0.08,66,FALSE,NA,NA,NA,NA,NA
8.707,0.08,66,FALSE,NA,NA,NA,NA,NA
8.8515,0.08,66,FALSE,NA,NA,NA,NA,NA
8.5625,0.15,66,TRUE,9.62491808615209,13.6116896941664,12.5,0.940366972477064,0.518348623853211
8.707,0.15,66,TRUE,9.3893239197359,13.2785092288046,8.83883476483184,0.894495412844037,0.486238532110092
8.8515,0.15,66,TRUE,10.2645622669508,14.5162831697449,12.5,0.931192660550459,0.55045871559633
8.5625,0.25,66,TRUE,8.61814978600076,12.1879043099251,8.83883476483184,0.908256880733945,0.440366972477064
8.707,0.25,66,TRUE,9.1916318019972,12.9989303547243,12.5,0.917431192660551,0.522935779816514
8.8515,0.25,66,TRUE,9.4984230342523,13.4327986761966,8.83883476483184,0.876146788990826,0.490825688073394
8.5625,0.08,67,FALSE,NA,NA,NA,NA,NA
8.707,0.08,67,FALSE,NA,NA,NA,NA,NA
8.8515,0.08,67,FALSE,NA,NA,NA,NA,NA
8.5625,0.15,67,TRUE,9.2789421380799,13.1224058161478,8.83883476483184,0.880733944954128,0.454128440366972
8.707,0.15,67,TRUE,9.79103631909487,13.8466163521515,12.5,0.931192660550459,0.559633027522936
8.8515,0.15,67,TRUE,9.99031928207493,14.1284450211478,12.5,0.931192660550459,0.555045871559633
8.5625,0.25,67,TRUE,8.6129502984771,12.1805511241517,8.83883476483184,0.899082568807339,0.454128440366972
8.707,0.25,67,TRUE,9.375,13.2582521472478,8.83883476483184,0.899082568807339,0.486238532110092
8.8515,0.25,67,TRUE,9.55953700272257,13.5192268792577,12.5,0.926605504587156,0.513761467889908
8.5625,0.08,68,FALSE,NA,NA,NA,NA,NA
8.707,0.08,68,FALSE,NA,NA,NA,NA,NA
8.8515,0.08,68,FALSE,NA,NA,NA,NA,NA
8.5625,0.15,68,TRUE,10.2470906589372,14.4915745847356,12.5,0.935779816513762,0.577981651376147
8.707,0.15,68,TRUE,9.83212734920623,13.9047278442269,12.5,0.889908256880734,0.522935779816514
8.8515,0.15,68,TRUE,9.67597901786318,13.6839007562996,8.83883476483184,0.903669724770642,0.486238532110092
8.5625,0.25,68,TRUE,9.29341411277683,13.1428722790385,8.83883476483184,0.903669724770642,0.440366972477064
8.707,0.25,68,TRUE,9.46535207524035,13.3860292774412,12.5,0.885321100917431,0.532110091743119
8.8515,0.25,68,TRUE,9.81844944689763,13.8853843692772,12.5,0.889908256880734,0.527522935779816
8.5625,0.08,69,FALSE,NA,NA,NA,NA,NA
8.707,0.08,69,FALSE,NA,NA,NA,NA,NA
8.8515,0.08,69,FALSE,NA,NA,NA,NA,NA
8.5625,0.15,69,TRUE,9.37022049420886,13.2514929053365,12.5,0.908256880733945,0.513761467889908
8.707,0.15,69,TRUE,9.34149210622383,13.210864829423,8.83883476483184,0.903669724770642,0.481651376146789
8.8515,0.15,69,TRUE,10.2295892103664,14.4668237988056,12.5,0.922018348623853,0.545871559633027
8.5625,0.25,69,TRUE,9.01944255687109,12.7554179889722,8.83883476483184,0.908256880733945,0.463302752293578
8.707,0.25,69,TRUE,9.3797770703737,13.2650079449587,8.83883476483184,0.903669724770642,0.495412844036697
8.8515,0.25,69,TRUE,9.42266172050565,13.3256559987929,8.83883476483184,0.889908256880734,0.495412844036697
8.5625,0.08,70,FALSE,NA,NA,NA,NA,NA
8.707,0.08,70,FALSE,NA,NA,NA,NA,NA
8.8515,0.08,70,FALSE,NA,NA,NA,NA,NA
8.5625,0.15,70,TRUE,9.90475716257301,14.0074419113228,12.5,0.889908256880734,0.532110091743119
8.707,0.15,70,TRUE,8.94463250715609,12.6496206020634,8.83883476483184,0.917431192660551,0.481651376146789
8.8515,0.15,70,TRUE,9.42741463970854,13.3323776415905,8.83883476483184,0.894495412844037,0.495412844036697
8.5625,0.25,70,TRUE,9.43691329666684,13.3458107710852,12.5,0.903669724770642,0.513761467889908
8.707,0.25,70,TRUE,9.74977210978085,13.788259947699,12.5,0.912844036697248,0.504587155963303
8.8515,0.25,70,TRUE,9.12805497434579,12.909019142807,8.83883476483184,0.940366972477064,0.472477064220183
8.5625,0.08,71,FALSE,NA,NA,NA,NA,NA
8.707,0.08,71,FALSE,NA,NA,NA,NA,NA
8.8515,0.08,71,FALSE,NA,NA,NA,NA,NA
8.5625,0.15,71,TRUE,9.87304736239949,13.9625974818573,12.5,0.908256880733945,0.55045871559633
8.707,0.15,71,TRUE,9.47008356870018,13.3927206196624,12.5,0.931192660550459,0.559633027522936
8.8515,0.15,71,TRUE,9.43216516388995,13.3390958973162,8.83883476483184,0.908256880733945,0.490825688073394
8.5625,0.25,71,TRUE,9.36543854927165,13.2447302139518,12.5,0.899082568807339,0.513761467889908
8.707,0.25,71,TRUE,9.40838855646161,13.3054706966238,8.83883476483184,0.876146788990826,0.490825688073394
8.8515,0.25,71,TRUE,9.24023939530621,13.0676718724162,12.5,0.912844036697248,0.504587155963303
8.5625,0.08,72,FALSE,NA,NA,NA,NA,NA
8.707,0.08,72,FALSE,NA,NA,NA,NA,NA
8.8515,0.08,72,FALSE,NA,NA,NA,NA,NA
8.5625,0.15,72,TRUE,9.50313806210995,13.4394667325399,12.5,0.917431192660551,0.527522935779816
8.707,0.15,72,TRUE,10.3644524698606,14.6575492494482,12.5,0.935779816513762,0.596330275229358
8.8515,0.15,72,TRUE,9.77730093288072,13.827191582683,8.83883476483184,0.871559633027523,0.477064220183486
8.5625,0.25,72,TRUE,9.55953700272257,13.5192268792577,8.83883476483184,0.903669724770642,0.495412844036697
8.707,0.25,72,TRUE,9.56422190229452,13.5258523277707,12.5,0.954128440366973,0.532110091743119
8.8515,0.25,72,TRUE,10.277646481653,14.5347870436298,12.5,0.894495412844037,0.536697247706422
8.5625,0.08,73,FALSE,NA,NA,NA,NA,NA
8.707,0.08,73,FALSE,NA,NA,NA,NA,NA
8.8515,0.08,73,FALSE,NA,NA,NA,NA,NA
8.5625,0.15,73,TRUE,10.0082391516905,14.1537875437941,12.5,0.944954128440367,0.573394495412844
8.707,0.15,73,TRUE,9.41790640265523,13.3189309637954,12.5,0.926605504587156,0.522935779816514
8.8515,0.15,73,TRUE,9.73597850875482,13.7687528500541,12.5,0.931192660550459,0.532110091743119
8.5625,0.25,73,TRUE,9.06897309157877,12.8254647429074,12.5,0.889908256880734,0.504587155963303
8.707,0.25,73,TRUE,9.31748411971284,13.1769124092938,8.83883476483184,0.889908256880734,0.444954128440367
8.8515,0.25,73,TRUE,9.43216516388995,13.3390958973162,12.5,0.926605504587156,0.518348623853211
8.5625,0.08,74,FALSE,NA,NA,NA,NA,NA
8.707,0.08,74,FALSE,NA,NA,NA,NA,NA
8.8515,0.08,74,FALSE,NA,NA,NA,NA,NA
8.5625,0.15,74,TRUE,9.79561050122672,13.8530852225591,12.5,0.935779816513762,0.532110091743119
8.707,0.15,74,TRUE,9.70371718948867,13.7231284548078,12.5,0.917431192660551,0.536697247706422
8.8515,0.15,74,TRUE,10.2645622669508,14.5162831697449,12.5,0.917431192660551,0.527522935779816
8.5625,0.25,74,TRUE,9.1818794047662,12.9851383822946,12.5,0.903669724770642,0.522935779816514
8.707,0.25,74,TRUE,9.56422190229452,13.5258523277707,12.5,0.912844036697248,0.564220183486238
8.8515,0.25,74,TRUE,8.82361724749409,12.4784791805953,8.83883476483184,0.894495412844037,0.467889908256881
8.5625,0.08,75,FALSE,NA,NA,NA,NA,NA
8.707,0.08,75,FALSE,NA,NA,NA,NA,NA
8.8515,0.08,75,FALSE,NA,NA,NA,NA,NA
8.5625,0.15,75,TRUE,9.28376863626745,13.1292315153434,8.83883476483184,0.917431192660551,0.490825688073394
8.707,0.15,75,TRUE,10.0350589563231,14.1917164752457,12.5,0.935779816513762,0.577981651376147
8.8515,0.15,75,TRUE,9.79103631909487,13.8466163521515,12.5,0.935779816513762,0.559633027522936
8.5625,0.25,75,TRUE,8.93962291140768,12.642535963814,8.83883476483184,0.871559633027523,0.454128440366972
8.707,0.25,75,TRUE,9.42266172050565,13.3256559987929,12.5,0.894495412844037,0.513761467889908
8.8515,0.25,75,TRUE,9.63887062029896,13.6314215571864,12.5,0.940366972477064,0.509174311926605
8.5625,0.08,76,FALSE,NA,NA,NA,NA,NA
8.707,0.08,76,FALSE,NA,NA,NA,NA,NA
8.8515,0.08,76,FALSE,NA,NA,NA,NA,NA
8.5625,0.15,76,TRUE,9.67134825472747,13.677351868269,12.5,0.922018348623853,0.532110091743119
8.707,0.15,76,TRUE,9.40362602082035,13.2987354541287,8.83883476483184,0.876146788990826,0.486238532110092
8.8515,0.15,76,TRUE,10.0662584154312,14.235839173455,12.5,0.963302752293578,0.559633027522936
8.5625,0.25,76,TRUE,10.0127141079399,14.1601160876131,12.5,0.912844036697248,0.532110091743119
8.707,0.25,76,TRUE,9.24508609870547,13.0745261460962,8.83883476483184,0.871559633027523,0.490825688073394
8.8515,0.25,76,TRUE,9.18675689748989,12.9920361986548,12.5,0.903669724770642,0.518348623853211
8.5625,0.08,77,FALSE,NA,NA,NA,NA,NA
8.707,0.08,77,FALSE,NA,NA,NA,NA,NA
8.8515,0.08,77,FALSE,NA,NA,NA,NA,NA
8.5625,0.15,77,TRUE,9.62957117711094,13.6182701585073,12.5,0.912844036697248,0.536697247706422
8.707,0.15,77,TRUE,9.67134825472747,13.677351868269,12.5,0.922018348623853,0.532110091743119
8.8515,0.15,77,TRUE,9.34628630315541,13.2176448477443,12.5,0.940366972477064,0.509174311926605
8.5625,0.25,77,TRUE,8.58168721782536,12.1363384514925,8.83883476483184,0.903669724770642,0.394495412844037
8.707,0.25,77,TRUE,9.24023939530621,13.0676718724162,8.83883476483184,0.903669724770642,0.481651376146789
8.8515,0.25,77,TRUE,9.90475716257301,14.0074419113228,12.5,0.935779816513762,0.527522935779816
8.5625,0.08,78,FALSE,NA,NA,NA,NA,NA
8.707,0.08,78,FALSE,NA,NA,NA,NA,NA
8.8515,0.08,78,FALSE,NA,NA,NA,NA,NA
8.5625,0.15,78,TRUE,9.74977210978085,13.788259947699,12.5,0.917431192660551,0.55045871559633
8.707,0.15,78,TRUE,9.89570758812753,13.9946438804083,12.5,0.922018348623853,0.559633027522936
8.8515,0.15,78,TRUE,9.56890450815758,13.5324745324895,12.5,0.899082568807339,0.532110091743119
8.5625,0.25,78,TRUE,8.65445873312149,12.2392529153787,8.83883476483184,0.871559633027523,0.440366972477064
8.707,0.25,78,TRUE,9.23539014837275,13.0608140016356,8.83883476483184,0.894495412844037,0.477064220183486
8.8515,0.25,78,TRUE,9.49370566468681,13.4261273081784,8.83883476483184,0.903669724770642,0.490825688073394
8.5625,0.08,79,FALSE,NA,NA,NA,NA,NA
8.707,0.08,79,FALSE,NA,NA,NA,NA,NA
8.8515,0.08,79,FALSE,NA,NA,NA,NA,NA
8.5625,0.15,79,TRUE,9.52197482600936,13.4661059395176,12.5,0.899082568807339,0.518348623853211
8.707,0.15,79,TRUE,9.54077439974287,13.4926925516584,12.5,0.880733944954128,0.504587155963303
8.8515,0.15,79,TRUE,10.1372108947565,14.336181132001,12.5,0.912844036697248,0.536697247706422
8.5625,0.25,79,TRUE,9.56890450815758,13.5324745324895,12.5,0.908256880733945,0.541284403669725
8.707,0.25,79,TRUE,9.34149210622383,13.210864829423,8.83883476483184,0.908256880733945,0.472477064220183
8.8515,0.25,79,TRUE,9.64816110016198,13.6445602798096,8.83883476483184,0.917431192660551,0.481651376146789
8.5625,0.08,80,FALSE,NA,NA,NA,NA,NA
8.707,0.08,80,FALSE,NA,NA,NA,NA,NA
8.8515,0.08,80,FALSE,NA,NA,NA,NA,NA
8.5625,0.15,80,TRUE,9.28376863626745,13.1292315153434,8.83883476483184,0.912844036697248,0.454128440366972
8.707,0.15,80,TRUE,9.5829385971091,13.5523217314203,12.5,0.903669724770642,0.509174311926605
8.8515,0.15,80,TRUE,9.90927885062528,14.0138365438912,12.5,0.94954128440367,0.568807339449541
8.5625,0.25,80,TRUE,9.21110562001757,13.0264704922799,8.83883476483184,0.880733944954128,0.472477064220183
8.707,0.25,80,TRUE,9.06897309157877,12.8254647429074,8.83883476483184,0.894495412844037,0.486238532110092
8.8515,0.25,80,TRUE,9.79561050122672,13.8530852225591,12.5,0.903669724770642,0.541284403669725
8.5625,0.08,81,FALSE,NA,NA,NA,NA,NA
8.707,0.08,81,FALSE,NA,NA,NA,NA,NA
8.8515,0.08,81,FALSE,NA,NA,NA,NA,NA
8.5625,0.15,81,TRUE,9.52197482600936,13.4661059395176,12.5,0.889908256880734,0.541284403669725
8.707,0.15,81,TRUE,9.54077439974287,13.4926925516584,8.83883476483184,0.903669724770642,0.481651376146789
8.8515,0.15,81,TRUE,10.1504592701264,14.3549171641285,12.5,0.931192660550459,0.559633027522936
8.5625,0.25,81,TRUE,9.28376863626745,13.1292315153434,12.5,0.935779816513762,0.527522935779816
8.707,0.25,81,TRUE,9.9228315519903,14.0330029579684,12.5,0.935779816513762,0.509174311926605
8.8515,0.25,81,TRUE,9.59695216335312,13.5721399068598,12.5,0.917431192660551,0.504587155963303
8.5625,0.08,82,FALSE,NA,NA,NA,NA,NA
8.707,0.08,82,FALSE,NA,NA,NA,NA,NA
8.8515,0.08,82,FALSE,NA,NA,NA,NA,NA
8.5625,0.15,82,TRUE,10.2863600453052,14.5471098835234,12.5,0.894495412844037,0.577981651376147
8.707,0.15,82,TRUE,9.59695216335312,13.5721399068598,8.83883476483184,0.908256880733945,0.477064220183486
8.8515,0.15,82,TRUE,9.43216516388995,13.3390958973162,8.83883476483184,0.899082568807339,0.472477064220183
8.5625,0.25,82,TRUE,9.3126750953307,13.1701114217908,12.5,0.922018348623853,0.504587155963303
8.707,0.25,82,TRUE,9.56422190229452,13.5258523277707,8.83883476483184,0.912844036697248,0.458715596330275
8.8515,0.25,82,TRUE,9.61560514919998,13.5985192124232,8.83883476483184,0.922018348623853,0.486238532110092
8.5625,0.08,83,FALSE,NA,NA,NA,NA,NA
8.707,0.08,83,FALSE,NA,NA,NA,NA,NA
8.8515,0.08,83,FALSE,NA,NA,NA,NA,NA
8.5625,0.15,83,TRUE,9.26928160226122,13.1087437553732,8.83883476483184,0.917431192660551,0.481651376146789
8.707,0.15,83,TRUE,9.65744264256824,13.6576863629603,8.83883476483184,0.940366972477064,0.490825688073394
8.8515,0.15,83,TRUE,10.0305939688023,14.1854020293379,8.83883476483184,0.908256880733945,0.486238532110092
8.5625,0.25,83,TRUE,9.86396869623819,13.9497583090437,12.5,0.931192660550459,0.509174311926605
8.707,0.25,83,TRUE,9.65744264256824,13.6576863629603,12.5,0.912844036697248,0.522935779816514
8.8515,0.25,83,TRUE,9.67134825472747,13.677351868269,12.5,0.903669724770642,0.545871559633027
8.5625,0.08,84,FALSE,NA,NA,NA,NA,NA
8.707,0.08,84,FALSE,NA,NA,NA,NA,NA
8.8515,0.08,84,FALSE,NA,NA,NA,NA,NA
8.5625,0.15,84,TRUE,9.61560514919998,13.5985192124232,12.5,0.926605504587156,0.522935779816514
8.707,0.15,84,TRUE,9.77271818084415,13.8207105925999,12.5,0.86697247706422,0.541284403669725
8.8515,0.15,84,TRUE,9.25477189088384,13.0882239247572,8.83883476483184,0.926605504587156,0.495412844036697
8.5625,0.25,84,TRUE,9.44165904164706,13.3525222679998,12.5,0.894495412844037,0.509174311926605
8.707,0.25,84,TRUE,8.72662342616079,12.3413092029994,8.83883476483184,0.894495412844037,0.472477064220183
8.8515,0.25,84,TRUE,10.0082391516905,14.1537875437941,12.5,0.922018348623853,0.568807339449541
8.5625,0.08,85,FALSE,NA,NA,NA,NA,NA
8.707,0.08,85,FALSE,NA,NA,NA,NA,NA
8.8515,0.08,85,FALSE,NA,NA,NA,NA,NA
8.5625,0.15,85,TRUE,10.212057767816,14.4420305949829,12.5,0.935779816513762,0.509174311926605
8.707,0.15,85,TRUE,10.4975832736471,14.8458246377327,12.5,0.926605504587156,0.555045871559633
8.8515,0.15,85,TRUE,9.69909966974614,13.7165982957634,8.83883476483184,0.931192660550459,0.490825688073394
8.5625,0.25,85,TRUE,9.63887062029896,13.6314215571864,12.5,0.908256880733945,0.532110091743119
8.707,0.25,85,TRUE,9.26928160226122,13.1087437553732,8.83883476483184,0.912844036697248,0.477064220183486
8.8515,0.25,85,TRUE,9.69909966974614,13.7165982957634,12.5,0.912844036697248,0.518348623853211
8.5625,0.08,86,FALSE,NA,NA,NA,NA,NA
8.707,0.08,86,FALSE,NA,NA,NA,NA,NA
8.8515,0.08,86,FALSE,NA,NA,NA,NA,NA
8.5625,0.15,86,TRUE,9.68523390187067,13.6969891387812,12.5,0.94954128440367,0.568807339449541
8.707,0.15,86,TRUE,9.24508609870547,13.0745261460962,10.6694173824159,0.935779816513762,0.5
8.8515,0.15,86,TRUE,9.78645999899487,13.8401444582003,12.5,0.940366972477064,0.587155963302752
8.5625,0.25,86,TRUE,9.60161880703438,13.5787395376446,12.5,0.917431192660551,0.518348623853211
8.707,0.25,86,TRUE,9.71755658400314,13.7427003142252,12.5,0.885321100917431,0.541284403669725
8.8515,0.25,86,TRUE,8.86919147044698,12.5429308647899,8.83883476483184,0.899082568807339,0.403669724770642
8.5625,0.08,87,FALSE,NA,NA,NA,NA,NA
8.707,0.08,87,FALSE,NA,NA,NA,NA,NA
8.8515,0.08,87,FALSE,NA,NA,NA,NA,NA
8.5625,0.15,87,TRUE,9.63422202074221,13.6248474446472,12.5,0.935779816513762,0.55045871559633
8.707,0.15,87,TRUE,9.66208007027491,13.6642446761176,12.5,0.926605504587156,0.509174311926605
8.8515,0.15,87,TRUE,10.3081117296619,14.577871410545,12.5,0.935779816513762,0.573394495412844
8.5625,0.25,87,TRUE,8.94963929876404,12.6567012746593,8.83883476483184,0.894495412844037,0.44954128440367
8.707,0.25,87,TRUE,9.93636576817194,14.0521432300485,10.6694173824159,0.894495412844037,0.5
8.8515,0.25,87,TRUE,9.4464024024294,13.3592303931494,12.5,0.917431192660551,0.536697247706422
8.5625,0.08,88,FALSE,NA,NA,NA,NA,NA
8.707,0.08,88,FALSE,NA,NA,NA,NA,NA
8.8515,0.08,88,FALSE,NA,NA,NA,NA,NA
8.5625,0.15,88,TRUE,9.51256110662841,13.4527929298967,12.5,0.912844036697248,0.522935779816514
8.707,0.15,88,TRUE,10.1769042804747,14.3923160564202,12.5,0.917431192660551,0.55045871559633
8.8515,0.15,88,TRUE,10.1813051041531,14.3985397609517,12.5,0.908256880733945,0.532110091743119
8.5625,0.25,88,TRUE,9.02937039978501,12.7694580790661,8.83883476483184,0.885321100917431,0.444954128440367
8.707,0.25,88,TRUE,8.7624829044841,12.3920221635838,8.83883476483184,0.922018348623853,0.426605504587156
8.8515,0.25,88,TRUE,9.50313806210995,13.4394667325399,12.5,0.935779816513762,0.536697247706422
8.5625,0.08,89,FALSE,NA,NA,NA,NA,NA
8.707,0.08,89,FALSE,NA,NA,NA,NA,NA
8.8515,0.08,89,FALSE,NA,NA,NA,NA,NA
8.5625,0.15,89,TRUE,10.0618072728675,14.2295443072735,12.5,0.944954128440367,0.555045871559633
8.707,0.15,89,TRUE,9.50785075174359,13.446131482135,8.83883476483184,0.944954128440367,0.454128440366972
8.8515,0.15,89,TRUE,10.459106968474,14.7914109251269,12.5,0.926605504587156,0.573394495412844
8.5625,0.25,89,TRUE,9.4984230342523,13.4327986761966,12.5,0.903669724770642,0.522935779816514
8.707,0.25,89,TRUE,9.52197482600936,13.4661059395176,8.83883476483184,0.853211009174312,0.477064220183486
8.8515,0.25,89,TRUE,10.123945182341,14.3174205815884,12.5,0.903669724770642,0.568807339449541
8.5625,0.08,90,FALSE,NA,NA,NA,NA,NA
8.707,0.08,90,FALSE,NA,NA,NA,NA,NA
8.8515,0.08,90,FALSE,NA,NA,NA,NA,NA
8.5625,0.15,90,TRUE,9.69447995066066,13.7100650263784,12.5,0.894495412844037,0.532110091743119
8.707,0.15,90,TRUE,9.67134825472747,13.677351868269,12.5,0.908256880733945,0.573394495412844
8.8515,0.15,90,TRUE,10.7672280342382,15.2271599151834,12.5,0.908256880733945,0.577981651376147
8.5625,0.25,90,TRUE,8.68030070981668,12.2757989892996,8.83883476483184,0.908256880733945,0.477064220183486
8.707,0.25,90,TRUE,9.18675689748989,12.9920361986548,8.83883476483184,0.903669724770642,0.472477064220183
8.8515,0.25,90,TRUE,9.47953947077503,13.4060932846211,12.5,0.922018348623853,0.527522935779816
8.5625,0.08,91,FALSE,NA,NA,NA,NA,NA
8.707,0.08,91,FALSE,NA,NA,NA,NA,NA
8.8515,0.08,91,FALSE,NA,NA,NA,NA,NA
8.5625,0.15,91,TRUE,9.25961098762803,13.0950674410025,12.5,0.926605504587156,0.532110091743119
8.707,0.15,91,TRUE,9.61560514919998,13.5985192124232,12.5,0.889908256880734,0.564220183486238
8.8515,0.15,91,TRUE,9.47008356870018,13.3927206196624,12.5,0.926605504587156,0.522935779816514
8.5625,0.25,91,TRUE,9.36543854927165,13.2447302139518,12.5,0.894495412844037,0.504587155963303
8.707,0.25,91,TRUE,8.98959324426015,12.7132046862503,8.83883476483184,0.889908256880734,0.472477064220183
8.8515,0.25,91,TRUE,9.68523390187067,13.6969891387812,12.5,0.894495412844037,0.518348623853211
8.5625,0.08,92,FALSE,NA,NA,NA,NA,NA
8.707,0.08,92,FALSE,NA,NA,NA,NA,NA
8.8515,0.08,92,FALSE,NA,NA,NA,NA,NA
8.5625,0.15,92,TRUE,9.97685825739112,14.1094082574765,10.6694173824159,0.908256880733945,0.5
8.707,0.15,92,TRUE,9.40838855646161,13.3054706966238,8.83883476483184,0.903669724770642,0.490825688073394
8.8515,0.15,92,TRUE,9.54546850797263,13.4993310231802,12.5,0.894495412844037,0.522935779816514
8.5625,0.25,92,TRUE,9.50785075174359,13.446131482135,12.5,0.940366972477064,0.513761467889908
8.707,0.25,92,TRUE,9.85033500804121,13.9304773622904,10.6694173824159,0.912844036697248,0.5
8.8515,0.25,92,TRUE,10.1416289428611,14.3424291955497,12.5,0.908256880733945,0.555045871559633
8.5625,0.08,93,FALSE,NA,NA,NA,NA,NA
8.707,0.08,93,FALSE,NA,NA,NA,NA,NA
8.8515,0.08,93,FALSE,NA,NA,NA,NA,NA
8.5625,0.15,93,TRUE,9.79103631909487,13.8466163521515,12.5,0.908256880733945,0.596330275229358
8.707,0.15,93,TRUE,9.70371718948867,13.7231284548078,12.5,0.912844036697248,0.555045871559633
8.8515,0.15,93,TRUE,9.88664973031351,13.9818341350417,12.5,0.908256880733945,0.559633027522936
8.5625,0.25,93,TRUE,8.78290830027327,12.4209080353257,8.83883476483184,0.853211009174312,0.467889908256881
8.707,0.25,93,TRUE,9.57358482367743,13.5390934981739,8.83883476483184,0.926605504587156,0.490825688073394
8.8515,0.25,93,TRUE,9.28376863626745,13.1292315153434,8.83883476483184,0.894495412844037,0.486238532110092
8.5625,0.08,94,FALSE,NA,NA,NA,NA,NA
8.707,0.08,94,FALSE,NA,NA,NA,NA,NA
8.8515,0.08,94,FALSE,NA,NA,NA,NA,NA
8.5625,0.15,94,TRUE,9.61094529666114,13.5919291857641,12.5,0.926605504587156,0.504587155963303
8.707,0.15,94,TRUE,10.0840433381591,14.2609908523827,12.5,0.912844036697248,0.509174311926605
8.8515,0.15,94,TRUE,9.90475716257301,14.0074419113228,12.5,0.917431192660551,0.518348623853211
8.5625,0.25,94,TRUE,8.77270154691203,12.4064735062944,8.83883476483184,0.871559633027523,0.403669724770642
8.707,0.25,94,TRUE,9.61094529666114,13.5919291857641,12.5,0.889908256880734,0.522935779816514
8.8515,0.25,94,TRUE,9.6062831837035,13.5853359623901,12.5,0.922018348623853,0.532110091743119
8.5625,0.08,95,FALSE,NA,NA,NA,NA,NA
8.707,0.08,95,FALSE,NA,NA,NA,NA,NA
8.8515,0.08,95,FALSE,NA,NA,NA,NA,NA
8.5625,0.15,95,TRUE,9.81388590984102,13.8789305532794,12.5,0.899082568807339,0.545871559633027
8.707,0.15,95,TRUE,9.05414238158728,12.8044909516978,8.83883476483184,0.908256880733945,0.477064220183486
8.8515,0.15,95,TRUE,9.59695216335312,13.5721399068598,12.5,0.940366972477064,0.55045871559633
8.5625,0.25,95,TRUE,9.0442417308605,12.7904893171636,8.83883476483184,0.885321100917431,0.41743119266055
8.707,0.25,95,TRUE,9.41314868252202,13.3122025314571,12.5,0.889908256880734,0.513761467889908
8.8515,0.25,95,TRUE,9.90475716257301,14.0074419113228,10.6694173824159,0.926605504587156,0.5
8.5625,0.08,96,FALSE,NA,NA,NA,NA,NA
8.707,0.08,96,FALSE,NA,NA,NA,NA,NA
8.8515,0.08,96,FALSE,NA,NA,NA,NA,NA
8.5625,0.15,96,TRUE,9.488985949921,13.419452623546,12.5,0.889908256880734,0.532110091743119
8.707,0.15,96,TRUE,9.66208007027491,13.6642446761176,12.5,0.912844036697248,0.504587155963303
8.8515,0.15,96,TRUE,9.53137924788288,13.4794058004774,8.83883476483184,0.903669724770642,0.477064220183486
8.5625,0.25,96,TRUE,8.77270154691203,12.4064735062944,8.83883476483184,0.853211009174312,0.458715596330275
8.707,0.25,96,TRUE,8.83376517177651,12.4928305127454,8.83883476483184,0.876146788990826,0.431192660550459
8.8515,0.25,96,TRUE,9.28859262653129,13.1360536677993,12.5,0.940366972477064,0.509174311926605
8.5625,0.08,97,FALSE,NA,NA,NA,NA,NA
8.707,0.08,97,FALSE,NA,NA,NA,NA,NA
8.8515,0.08,97,FALSE,NA,NA,NA,NA,NA
8.5625,0.15,97,TRUE,10.0796000494049,14.2547070931649,12.5,0.86697247706422,0.518348623853211
8.707,0.15,97,TRUE,10.3384872036749,14.6208288178578,12.5,0.935779816513762,0.596330275229358
8.8515,0.15,97,TRUE,9.23053835389639,13.0539525280853,12.5,0.931192660550459,0.555045871559633
8.5625,0.25,97,TRUE,9.39886107193533,13.2919967987915,12.5,0.912844036697248,0.527522935779816
8.707,0.25,97,TRUE,9.15745297307764,12.9505941913202,8.83883476483184,0.903669724770642,0.467889908256881
8.8515,0.25,97,TRUE,9.526678197413,13.4727575111455,8.83883476483184,0.908256880733945,0.472477064220183
8.5625,0.08,98,FALSE,NA,NA,NA,NA,NA
8.707,0.08,98,FALSE,NA,NA,NA,NA,NA
8.8515,0.08,98,FALSE,NA,NA,NA,NA,NA
8.5625,0.15,98,TRUE,9.39409370613435,13.2852547254189,12.5,0.889908256880734,0.518348623853211
8.707,0.15,98,TRUE,9.68060756585229,13.6904465116399,12.5,0.931192660550459,0.504587155963303
8.8515,0.15,98,TRUE,10.3124565609316,14.5840159298529,12.5,0.94954128440367,0.577981651376147
8.5625,0.25,98,TRUE,8.95464329093515,12.6637779882537,12.5,0.912844036697248,0.513761467889908
8.707,0.25,98,TRUE,9.78645999899487,13.8401444582003,12.5,0.899082568807339,0.541284403669725
8.8515,0.25,98,TRUE,9.16723135597357,12.9644229130297,8.83883476483184,0.876146788990826,0.490825688073394
8.5625,0.08,99,FALSE,NA,NA,NA,NA,NA
8.707,0.08,99,FALSE,NA,NA,NA,NA,NA
8.8515,0.08,99,FALSE,NA,NA,NA,NA,NA
8.5625,0.15,99,TRUE,9.2644475567683,13.101907382676,8.83883476483184,0.903669724770642,0.44954128440367
8.707,0.15,99,TRUE,9.43691329666684,13.3458107710852,12.5,0.922018348623853,0.513761467889908
8.8515,0.15,99,TRUE,9.3797770703737,13.2650079449587,12.5,0.917431192660551,0.504587155963303
8.5625,0.25,99,TRUE,8.98460871754243,12.706155500964,8.83883476483184,0.889908256880734,0.444954128440367
8.707,0.25,99,TRUE,9.03433023009575,12.7764723383587,8.83883476483184,0.922018348623853,0.458715596330275
8.8515,0.25,99,TRUE,9.50785075174359,13.446131482135,8.83883476483184,0.894495412844037,0.477064220183486
8.5625,0.08,100,FALSE,NA,NA,NA,NA,NA
8.707,0.08,100,FALSE,NA,NA,NA,NA,NA
8.8515,0.08,100,FALSE,NA,NA,NA,NA,NA
8.5625,0.15,100,TRUE,8.98460871754243,12.706155500964,12.5,0.899082568807339,0.527522935779816
8.707,0.15,100,TRUE,9.57358482367743,13.5390934981739,12.5,0.926605504587156,0.527522935779816
8.8515,0.15,100,TRUE,10.1988894093174,14.4234077238,12.5,0.908256880733945,0.541284403669725
8.5625,0.25,100,TRUE,9.55953700272257,13.5192268792577,12.5,0.880733944954128,0.527522935779816
8.707,0.25,100,TRUE,8.79310320596919,12.435325809228,8.83883476483184,0.899082568807339,0.472477064220183
8.8515,0.25,100,TRUE,9.526678197413,13.4727575111455,12.5,0.903669724770642,0.504587155963303
8.5625,0.08,101,FALSE,NA,NA,NA,NA,NA
8.707,0.08,101,FALSE,NA,NA,NA,NA,NA
8.8515,0.08,101,FALSE,NA,NA,NA,NA,NA
8.5625,0.15,101,TRUE,9.30786358630617,13.1633069204729,8.83883476483184,0.908256880733945,0.426605504587156
8.707,0.15,101,TRUE,9.57826285221151,13.5457092295719,12.5,0.917431192660551,0.513761467889908
8.8515,0.15,101,TRUE,9.0095037741754,12.7413624276904,12.5,0.894495412844037,0.513761467889908
8.5625,0.25,101,TRUE,8.81853890621156,12.4712973214792,8.83883476483184,0.880733944954128,0.477064220183486
8.707,0.25,101,TRUE,9.81844944689763,13.8853843692772,12.5,0.917431192660551,0.559633027522936
8.8515,0.25,101,TRUE,8.91453270500613,12.6070530536382,8.83883476483184,0.894495412844037,0.440366972477064
8.5625,0.08,102,FALSE,NA,NA,NA,NA,NA
8.707,0.08,102,FALSE,NA,NA,NA,NA,NA
8.8515,0.08,102,FALSE,NA,NA,NA,NA,NA
8.5625,0.15,102,TRUE,10.3428192747654,14.6269552915471,12.5,0.908256880733945,0.577981651376147
8.707,0.15,102,TRUE,10.0350589563231,14.1917164752457,12.5,0.940366972477064,0.582568807339449
8.8515,0.15,102,TRUE,9.79561050122672,13.8530852225591,12.5,0.912844036697248,0.527522935779816
8.5625,0.25,102,TRUE,9.54546850797263,13.4993310231802,12.5,0.899082568807339,0.518348623853211
8.707,0.25,102,TRUE,10.1769042804747,14.3923160564202,12.5,0.926605504587156,0.532110091743119
8.8515,0.25,102,TRUE,9.2789421380799,13.1224058161478,12.5,0.894495412844037,0.541284403669725
8.5625,0.08,103,FALSE,NA,NA,NA,NA,NA
8.707,0.08,103,FALSE,NA,NA,NA,NA,NA
8.8515,0.08,103,FALSE,NA,NA,NA,NA,NA
8.5625,0.15,103,TRUE,9.28859262653129,13.1360536677993,12.5,0.922018348623853,0.509174311926605
8.707,0.15,103,TRUE,9.22568400785785,13.0470874460811,8.83883476483184,0.876146788990826,0.481651376146789
8.8515,0.15,103,TRUE,10.3514779780607,14.6392005471798,12.5,0.917431192660551,0.605504587155963
8.5625,0.25,103,TRUE,9.0442417308605,12.7904893171636,8.83883476483184,0.894495412844037,0.454128440366972
8.707,0.25,103,TRUE,9.30304958878411,13.1564988998879,8.83883476483184,0.885321100917431,0.454128440366972
8.8515,0.25,103,TRUE,9.67134825472747,13.677351868269,12.5,0.917431192660551,0.536697247706422
8.5625,0.08,104,FALSE,NA,NA,NA,NA,NA
8.707,0.08,104,FALSE,NA,NA,NA,NA,NA
8.8515,0.08,104,FALSE,NA,NA,NA,NA,NA
8.5625,0.15,104,TRUE,9.70833251302644,13.7296555079497,10.6694173824159,0.917431192660551,0.5
8.707,0.15,104,TRUE,9.56890450815758,13.5324745324895,8.83883476483184,0.917431192660551,0.481651376146789
8.8515,0.15,104,TRUE,10.097361472959,14.2798255392422,12.5,0.954128440366973,0.555045871559633
8.5625,0.25,104,TRUE,9.35586732699684,13.2311944616022,8.83883476483184,0.908256880733945,0.463302752293578
8.707,0.25,104,TRUE,9.78645999899487,13.8401444582003,12.5,0.903669724770642,0.577981651376147
8.8515,0.25,104,TRUE,9.56422190229452,13.5258523277707,12.5,0.908256880733945,0.541284403669725
8.5625,0.08,105,FALSE,NA,NA,NA,NA,NA
8.707,0.08,105,FALSE,NA,NA,NA,NA,NA
8.8515,0.08,105,FALSE,NA,NA,NA,NA,NA
8.5625,0.15,105,TRUE,9.5829385971091,13.5523217314203,10.6694173824159,0.876146788990826,0.5
8.707,0.15,105,TRUE,8.81345763877371,12.4641113241545,8.83883476483184,0.958715596330275,0.490825688073394
8.8515,0.15,105,TRUE,9.90475716257301,14.0074419113228,8.83883476483184,0.908256880733945,0.481651376146789
8.5625,0.25,105,TRUE,9.0442417308605,12.7904893171636,8.83883476483184,0.903669724770642,0.481651376146789
8.707,0.25,105,TRUE,9.15255986400636,12.9436742901094,8.83883476483184,0.903669724770642,0.477064220183486
8.8515,0.25,105,TRUE,8.79819622881497,12.4425284312099,10.6694173824159,0.894495412844037,0.5
8.5625,0.08,106,FALSE,NA,NA,NA,NA,NA
8.707,0.08,106,FALSE,NA,NA,NA,NA,NA
8.8515,0.08,106,FALSE,NA,NA,NA,NA,NA
8.5625,0.15,106,TRUE,9.15745297307764,12.9505941913202,8.83883476483184,0.922018348623853,0.486238532110092
8.707,0.15,106,TRUE,9.12805497434579,12.909019142807,8.83883476483184,0.926605504587156,0.467889908256881
8.8515,0.15,106,TRUE,10.0216580258536,14.1727646976273,12.5,0.912844036697248,0.573394495412844
8.5625,0.25,106,TRUE,9.03433023009575,12.7764723383587,8.83883476483184,0.922018348623853,0.467889908256881
8.707,0.25,106,TRUE,9.488985949921,13.419452623546,8.83883476483184,0.926605504587156,0.495412844036697
8.8515,0.25,106,TRUE,9.89570758812753,13.9946438804083,8.83883476483184,0.917431192660551,0.495412844036697
8.5625,0.08,107,FALSE,NA,NA,NA,NA,NA
8.707,0.08,107,FALSE,NA,NA,NA,NA,NA
8.8515,0.08,107,FALSE,NA,NA,NA,NA,NA
8.5625,0.15,107,TRUE,9.2789421380799,13.1224058161478,8.83883476483184,0.880733944954128,0.440366972477064
8.707,0.15,107,TRUE,9.81844944689763,13.8853843692772,12.5,0.880733944954128,0.532110091743119
8.8515,0.15,107,TRUE,9.83212734920623,13.9047278442269,12.5,0.885321100917431,0.536697247706422
8.5625,0.25,107,TRUE,9.17211663815137,12.9713317453416,8.83883476483184,0.922018348623853,0.486238532110092
8.707,0.25,107,TRUE,9.57826285221151,13.5457092295719,12.5,0.917431192660551,0.522935779816514
8.8515,0.25,107,TRUE,9.74517641208984,13.7817606496958,12.5,0.922018348623853,0.504587155963303
8.5625,0.08,108,FALSE,NA,NA,NA,NA,NA
8.707,0.08,108,FALSE,NA,NA,NA,NA,NA
8.8515,0.08,108,FALSE,NA,NA,NA,NA,NA
8.5625,0.15,108,TRUE,9.4842638864537,13.4127746173482,8.83883476483184,0.922018348623853,0.495412844036697
8.707,0.15,108,TRUE,9.47481269936632,13.3994086203887,12.5,0.912844036697248,0.504587155963303
8.8515,0.15,108,TRUE,9.34149210622383,13.210864829423,12.5,0.931192660550459,0.513761467889908
8.5625,0.25,108,TRUE,9.23539014837275,13.0608140016356,8.83883476483184,0.940366972477064,0.477064220183486
8.707,0.25,108,TRUE,8.45547906075043,11.957853164075,8.83883476483184,0.876146788990826,0.422018348623853
8.8515,0.25,108,TRUE,10.0929240473556,14.2735500717718,12.5,0.908256880733945,0.55045871559633
8.5625,0.08,109,FALSE,NA,NA,NA,NA,NA
8.707,0.08,109,FALSE,NA,NA,NA,NA,NA
8.8515,0.08,109,FALSE,NA,NA,NA,NA,NA
8.5625,0.15,109,TRUE,9.34628630315541,13.2176448477443,8.83883476483184,0.889908256880734,0.495412844036697
8.707,0.15,109,TRUE,9.68523390187067,13.6969891387812,12.5,0.922018348623853,0.532110091743119
8.8515,0.15,109,TRUE,10.0662584154312,14.235839173455,12.5,0.931192660550459,0.555045871559633
8.5625,0.25,109,TRUE,9.11332041272302,12.8881813259245,10.6694173824159,0.922018348623853,0.5
8.707,0.25,109,TRUE,9.46535207524035,13.3860292774412,12.5,0.889908256880734,0.504587155963303
8.8515,0.25,109,TRUE,8.99955401545344,12.7272913439635,8.83883476483184,0.926605504587156,0.44954128440367
8.5625,0.08,110,FALSE,NA,NA,NA,NA,NA
8.707,0.08,110,FALSE,NA,NA,NA,NA,NA
8.8515,0.08,110,FALSE,NA,NA,NA,NA,NA
8.5625,0.15,110,TRUE,9.40362602082035,13.2987354541287,12.5,0.894495412844037,0.518348623853211
8.707,0.15,110,TRUE,9.19650412240404,13.0058208563239,8.83883476483184,0.935779816513762,0.440366972477064
8.8515,0.15,110,TRUE,10.0216580258536,14.1727646976273,12.5,0.931192660550459,0.582568807339449
8.5625,0.25,110,TRUE,9.05908864930481,12.811486030587,8.83883476483184,0.86697247706422,0.472477064220183
8.707,0.25,110,TRUE,9.14276578965051,12.9298233773245,12.5,0.876146788990826,0.518348623853211
8.8515,0.25,110,TRUE,9.67597901786318,13.6839007562996,8.83883476483184,0.894495412844037,0.490825688073394
8.5625,0.08,111,FALSE,NA,NA,NA,NA,NA
8.707,0.08,111,FALSE,NA,NA,NA,NA,NA
8.8515,0.08,111,FALSE,NA,NA,NA,NA,NA
8.5625,0.15,111,TRUE,9.01944255687109,12.7554179889722,8.83883476483184,0.917431192660551,0.44954128440367
8.707,0.15,111,TRUE,10.0618072728675,14.2295443072735,12.5,0.931192660550459,0.564220183486238
8.8515,0.15,111,TRUE,9.99480226156108,14.134784911537,12.5,0.889908256880734,0.577981651376147
8.5625,0.25,111,TRUE,9.83212734920623,13.9047278442269,12.5,0.903669724770642,0.518348623853211
8.707,0.25,111,TRUE,9.67134825472747,13.677351868269,8.83883476483184,0.940366972477064,0.481651376146789
8.8515,0.25,111,TRUE,9.81388590984102,13.8789305532794,12.5,0.889908256880734,0.541284403669725
8.5625,0.08,112,FALSE,NA,NA,NA,NA,NA
8.707,0.08,112,FALSE,NA,NA,NA,NA,NA
8.8515,0.08,112,FALSE,NA,NA,NA,NA,NA
8.5625,0.15,112,TRUE,9.16723135597357,12.9644229130297,12.5,0.922018348623853,0.518348623853211
8.707,0.15,112,TRUE,10.017187065102,14.1664418042957,12.5,0.86697247706422,0.545871559633027
8.8515,0.15,112,TRUE,10.5571565795848,14.9300740149452,12.5,0.926605504587156,0.555045871559633
8.5625,0.25,112,TRUE,9.30786358630617,13.1633069204729,8.83883476483184,0.903669724770642,0.486238532110092
8.707,0.25,112,TRUE,9.52197482600936,13.4661059395176,12.5,0.917431192660551,0.541284403669725
8.8515,0.25,112,TRUE,9.60161880703438,13.5787395376446,12.5,0.903669724770642,0.504587155963303
8.5625,0.08,113,FALSE,NA,NA,NA,NA,NA
8.707,0.08,113,FALSE,NA,NA,NA,NA,NA
8.8515,0.08,113,FALSE,NA,NA,NA,NA,NA
8.5625,0.15,113,TRUE,9.52197482600936,13.4661059395176,12.5,0.940366972477064,0.532110091743119
8.707,0.15,113,TRUE,9.62026274460471,13.6051060470126,12.5,0.912844036697248,0.504587155963303
8.8515,0.15,113,TRUE,10.1106620646386,14.298635416383,12.5,0.912844036697248,0.541284403669725
8.5625,0.25,113,TRUE,9.18675689748989,12.9920361986548,8.83883476483184,0.922018348623853,0.481651376146789
8.707,0.25,113,TRUE,9.69447995066066,13.7100650263784,12.5,0.917431192660551,0.564220183486238
8.8515,0.25,113,TRUE,9.3126750953307,13.1701114217908,8.83883476483184,0.899082568807339,0.467889908256881
8.5625,0.08,114,FALSE,NA,NA,NA,NA,NA
8.707,0.08,114,FALSE,NA,NA,NA,NA,NA
8.8515,0.08,114,FALSE,NA,NA,NA,NA,NA
8.5625,0.15,114,TRUE,9.56890450815758,13.5324745324895,12.5,0.908256880733945,0.509174311926605
8.707,0.15,114,TRUE,9.76354622370301,13.8077394864174,12.5,0.931192660550459,0.559633027522936
8.8515,0.15,114,TRUE,9.85942622825785,13.9433342892193,12.5,0.899082568807339,0.545871559633027
8.5625,0.25,114,TRUE,9.37022049420886,13.2514929053365,12.5,0.912844036697248,0.522935779816514
8.707,0.25,114,TRUE,9.12314609796262,12.9020769432499,8.83883476483184,0.857798165137615,0.463302752293578
8.8515,0.25,114,TRUE,8.99955401545344,12.7272913439635,12.5,0.857798165137615,0.504587155963303
8.5625,0.08,115,FALSE,NA,NA,NA,NA,NA
8.707,0.08,115,FALSE,NA,NA,NA,NA,NA
8.8515,0.08,115,FALSE,NA,NA,NA,NA,NA
8.5625,0.15,115,TRUE,9.62026274460471,13.6051060470126,12.5,0.931192660550459,0.536697247706422
8.707,0.15,115,TRUE,9.43216516388995,13.3390958973162,12.5,0.917431192660551,0.504587155963303
8.8515,0.15,115,TRUE,9.51256110662841,13.4527929298967,12.5,0.94954128440367,0.527522935779816
8.5625,0.25,115,TRUE,9.40362602082035,13.2987354541287,12.5,0.922018348623853,0.504587155963303
8.707,0.25,115,TRUE,9.50313806210995,13.4394667325399,8.83883476483184,0.880733944954128,0.472477064220183
8.8515,0.25,115,TRUE,9.39409370613435,13.2852547254189,12.5,0.885321100917431,0.545871559633027
8.5625,0.08,116,FALSE,NA,NA,NA,NA,NA
8.707,0.08,116,FALSE,NA,NA,NA,NA,NA
8.8515,0.08,116,FALSE,NA,NA,NA,NA,NA
8.5625,0.15,116,TRUE,9.58761206171128,13.558931008444,8.83883476483184,0.885321100917431,0.467889908256881
8.707,0.15,116,TRUE,9.81844944689763,13.8853843692772,12.5,0.917431192660551,0.55045871559633
8.8515,0.15,116,TRUE,9.50785075174359,13.446131482135,12.5,0.922018348623853,0.545871559633027
8.5625,0.25,116,TRUE,9.26928160226122,13.1087437553732,12.5,0.862385321100917,0.518348623853211
8.707,0.25,116,TRUE,8.94963929876404,12.6567012746593,12.5,0.908256880733945,0.518348623853211
8.8515,0.25,116,TRUE,9.57358482367743,13.5390934981739,12.5,0.908256880733945,0.504587155963303
8.5625,0.08,117,FALSE,NA,NA,NA,NA,NA
8.707,0.08,117,FALSE,NA,NA,NA,NA,NA
8.8515,0.08,117,FALSE,NA,NA,NA,NA,NA
8.5625,0.15,117,TRUE,9.85033500804121,13.9304773622904,12.5,0.931192660550459,0.522935779816514
8.707,0.15,117,TRUE,9.20137386281542,13.0127077092589,8.83883476483184,0.903669724770642,0.472477064220183
8.8515,0.15,117,TRUE,10.3471495321353,14.6330792002481,12.5,0.903669724770642,0.587155963302752
8.5625,0.25,117,TRUE,8.695769033419,12.2976745023251,8.83883476483184,0.912844036697248,0.454128440366972
8.707,0.25,117,TRUE,8.69061598465037,12.290386990869,8.83883476483184,0.885321100917431,0.454128440366972
8.8515,0.25,117,TRUE,9.64816110016198,13.6445602798096,12.5,0.931192660550459,0.518348623853211
8.5625,0.08,118,FALSE,NA,NA,NA,NA,NA
8.707,0.08,118,FALSE,NA,NA,NA,NA,NA
8.8515,0.08,118,FALSE,NA,NA,NA,NA,NA
8.5625,0.15,118,TRUE,9.99031928207493,14.1284450211478,12.5,0.954128440366973,0.509174311926605
8.707,0.15,118,TRUE,9.65280298693531,13.6511248990394,12.5,0.926605504587156,0.518348623853211
8.8515,0.15,118,TRUE,9.86396869623819,13.9497583090437,12.5,0.931192660550459,0.527522935779816
8.5625,0.25,118,TRUE,9.07884677233823,12.8394282361479,12.5,0.944954128440367,0.527522935779816
8.707,0.25,118,TRUE,9.25961098762803,13.0950674410025,8.83883476483184,0.903669724770642,0.495412844036697
8.8515,0.25,118,TRUE,9.80475246355356,13.8660139096685,12.5,0.908256880733945,0.513761467889908
8.5625,0.08,119,FALSE,NA,NA,NA,NA,NA
8.707,0.08,119,FALSE,NA,NA,NA,NA,NA
8.8515,0.08,119,FALSE,NA,NA,NA,NA,NA
8.5625,0.15,119,TRUE,9.11823457884597,12.8951310063033,8.83883476483184,0.894495412844037,0.477064220183486
8.707,0.15,119,TRUE,10.4847735272361,14.8277089206277,12.5,0.917431192660551,0.587155963302752
8.8515,0.15,119,TRUE,9.85942622825785,13.9433342892193,12.5,0.912844036697248,0.536697247706422
8.5625,0.25,119,TRUE,9.40362602082035,13.2987354541287,8.83883476483184,0.940366972477064,0.467889908256881
8.707,0.25,119,TRUE,9.05908864930481,12.811486030587,8.83883476483184,0.944954128440367,0.44954128440367
8.8515,0.25,119,TRUE,9.41314868252202,13.3122025314571,8.83883476483184,0.903669724770642,0.490825688073394
8.5625,0.08,120,FALSE,NA,NA,NA,NA,NA
8.707,0.08,120,FALSE,NA,NA,NA,NA,NA
8.8515,0.08,120,FALSE,NA,NA,NA,NA,NA
8.5625,0.15,120,TRUE,9.16234346900599,12.9575103969888,8.83883476483184,0.903669724770642,0.422018348623853
8.707,0.15,120,TRUE,9.78188153792604,13.833669536462,12.5,0.903669724770642,0.536697247706422
8.8515,0.15,120,TRUE,9.56422190229452,13.5258523277707,8.83883476483184,0.899082568807339,0.495412844036697
8.5625,0.25,120,TRUE,9.63422202074221,13.6248474446472,12.5,0.935779816513762,0.55045871559633
8.707,0.25,120,TRUE,9.39886107193533,13.2919967987915,8.83883476483184,0.922018348623853,0.490825688073394
8.8515,0.25,120,TRUE,9.20624102732549,13.0195909193193,10.6694173824159,0.880733944954128,0.5
8.5625,0.08,121,FALSE,NA,NA,NA,NA,NA
8.707,0.08,121,FALSE,NA,NA,NA,NA,NA
8.8515,0.08,121,FALSE,NA,NA,NA,NA,NA
8.5625,0.15,121,TRUE,9.53607798085149,13.4860508123676,12.5,0.899082568807339,0.541284403669725
8.707,0.15,121,TRUE,9.03928733896264,12.7834827489484,8.83883476483184,0.922018348623853,0.454128440366972
8.8515,0.15,121,TRUE,9.78188153792604,13.833669536462,12.5,0.894495412844037,0.527522935779816
8.5625,0.25,121,TRUE,9.53607798085149,13.4860508123676,8.83883476483184,0.889908256880734,0.477064220183486
8.707,0.25,121,TRUE,9.35586732699684,13.2311944616022,8.83883476483184,0.885321100917431,0.440366972477064
8.8515,0.25,121,TRUE,9.46535207524035,13.3860292774412,12.5,0.899082568807339,0.518348623853211
8.5625,0.08,122,FALSE,NA,NA,NA,NA,NA
8.707,0.08,122,FALSE,NA,NA,NA,NA,NA
8.8515,0.08,122,FALSE,NA,NA,NA,NA,NA
8.5625,0.15,122,TRUE,9.38455170904911,13.2717603037289,8.83883476483184,0.885321100917431,0.495412844036697
8.707,0.15,122,TRUE,9.95438276532162,14.0776231117708,12.5,0.876146788990826,0.522935779816514
8.8515,0.15,122,TRUE,9.67134825472747,13.677351868269,12.5,0.885321100917431,0.532110091743119
8.5625,0.25,122,TRUE,8.97962142394829,12.6991024027237,8.83883476483184,0.889908256880734,0.486238532110092
8.707,0.25,122,TRUE,9.61560514919998,13.5985192124232,8.83883476483184,0.908256880733945,0.467889908256881
8.8515,0.25,122,TRUE,8.95964448835991,12.6708507494799,8.83883476483184,0.903669724770642,0.44954128440367
8.5625,0.08,123,FALSE,NA,NA,NA,NA,NA
8.707,0.08,123,FALSE,NA,NA,NA,NA,NA
8.8515,0.08,123,FALSE,NA,NA,NA,NA,NA
8.5625,0.15,123,TRUE,9.83212734920623,13.9047278442269,12.5,0.917431192660551,0.573394495412844
8.707,0.15,123,TRUE,10.0305939688023,14.1854020293379,12.5,0.940366972477064,0.555045871559633
8.8515,0.15,123,TRUE,9.52197482600936,13.4661059395176,8.83883476483184,0.885321100917431,0.472477064220183
8.5625,0.25,123,TRUE,9.4842638864537,13.4127746173482,8.83883476483184,0.922018348623853,0.481651376146789
8.707,0.25,123,TRUE,9.44165904164706,13.3525222679998,12.5,0.899082568807339,0.527522935779816
8.8515,0.25,123,TRUE,9.42741463970854,13.3323776415905,8.83883476483184,0.857798165137615,0.440366972477064
8.5625,0.08,124,FALSE,NA,NA,NA,NA,NA
8.707,0.08,124,FALSE,NA,NA,NA,NA,NA
8.8515,0.08,124,FALSE,NA,NA,NA,NA,NA
8.5625,0.15,124,TRUE,9.74977210978085,13.788259947699,12.5,0.944954128440367,0.522935779816514
8.707,0.15,124,TRUE,9.75895701253351,13.8012493617409,12.5,0.876146788990826,0.536697247706422
8.8515,0.15,124,TRUE,10.1813051041531,14.3985397609517,12.5,0.885321100917431,0.541284403669725
8.5625,0.25,124,TRUE,9.13786481594554,12.9228923538421,8.83883476483184,0.903669724770642,0.486238532110092
8.707,0.25,124,TRUE,8.60774767021713,12.1731934967065,8.83883476483184,0.857798165137615,0.44954128440367
8.8515,0.25,124,TRUE,9.4984230342523,13.4327986761966,12.5,0.912844036697248,0.513761467889908
8.5625,0.08,125,FALSE,NA,NA,NA,NA,NA
8.707,0.08,125,FALSE,NA,NA,NA,NA,NA
8.8515,0.08,125,FALSE,NA,NA,NA,NA,NA
8.5625,0.15,125,TRUE,9.40838855646161,13.3054706966238,8.83883476483184,0.908256880733945,0.490825688073394
8.707,0.15,125,TRUE,9.71755658400314,13.7427003142252,12.5,0.954128440366973,0.564220183486238
8.8515,0.15,125,TRUE,9.88211768802619,13.9754248593737,12.5,0.912844036697248,0.536697247706422
8.5625,0.25,125,TRUE,9.18675689748989,12.9920361986548,8.83883476483184,0.857798165137615,0.486238532110092
8.707,0.25,125,TRUE,9.32709472992086,13.1905038645927,12.5,0.903669724770642,0.513761467889908
8.8515,0.25,125,TRUE,9.74977210978085,13.788259947699,12.5,0.931192660550459,0.55045871559633
8.5625,0.08,126,FALSE,NA,NA,NA,NA,NA
8.707,0.08,126,FALSE,NA,NA,NA,NA,NA
8.8515,0.08,126,FALSE,NA,NA,NA,NA,NA
8.5625,0.15,126,TRUE,9.1769993196993,12.9782368998074,12.5,0.944954128440367,0.504587155963303
8.707,0.15,126,TRUE,10.1460450671475,14.3486745384086,10.6694173824159,0.899082568807339,0.5
8.8515,0.15,126,TRUE,9.68523390187067,13.6969891387812,12.5,0.899082568807339,0.513761467889908
8.5625,0.25,126,TRUE,8.7009190303368,12.3049576978125,8.83883476483184,0.876146788990826,0.435779816513761
8.707,0.25,126,TRUE,8.96963851766696,12.6849844412687,12.5,0.876146788990826,0.504587155963303
8.8515,0.25,126,TRUE,9.64351697902641,13.6379925007144,12.5,0.922018348623853,0.504587155963303
8.5625,0.08,127,FALSE,NA,NA,NA,NA,NA
8.707,0.08,127,FALSE,NA,NA,NA,NA,NA
8.8515,0.08,127,FALSE,NA,NA,NA,NA,NA
8.5625,0.15,127,TRUE,9.22082710622728,13.0402187499241,8.83883476483184,0.903669724770642,0.467889908256881
8.707,0.15,127,TRUE,9.68523390187067,13.6969891387812,10.6694173824159,0.912844036697248,0.5
8.8515,0.15,127,TRUE,9.27411312805309,13.115576564675,8.83883476483184,0.912844036697248,0.486238532110092
8.5625,0.25,127,TRUE,9.63422202074221,13.6248474446472,8.83883476483184,0.908256880733945,0.490825688073394
8.707,0.25,127,TRUE,9.81388590984102,13.8789305532794,12.5,0.935779816513762,0.518348623853211
8.8515,0.25,127,TRUE,8.98460871754243,12.706155500964,8.83883476483184,0.880733944954128,0.472477064220183
8.5625,0.08,128,FALSE,NA,NA,NA,NA,NA
8.707,0.08,128,FALSE,NA,NA,NA,NA,NA
8.8515,0.08,128,FALSE,NA,NA,NA,NA,NA
8.5625,0.15,128,TRUE,9.94988157460298,14.0712574668097,8.83883476483184,0.94954128440367,0.490825688073394
8.707,0.15,128,TRUE,9.4464024024294,13.3592303931494,12.5,0.908256880733945,0.522935779816514
8.8515,0.15,128,TRUE,9.92734500755779,14.0393859480451,12.5,0.876146788990826,0.522935779816514
8.5625,0.25,128,TRUE,8.86919147044698,12.5429308647899,8.83883476483184,0.876146788990826,0.454128440366972
8.707,0.25,128,TRUE,9.65744264256824,13.6576863629603,12.5,0.899082568807339,0.518348623853211
8.8515,0.25,128,TRUE,9.15255986400636,12.9436742901094,12.5,0.885321100917431,0.532110091743119
8.5625,0.08,129,FALSE,NA,NA,NA,NA,NA
8.707,0.08,129,FALSE,NA,NA,NA,NA,NA
8.8515,0.08,129,FALSE,NA,NA,NA,NA,NA
8.5625,0.15,129,TRUE,9.75895701253351,13.8012493617409,12.5,0.954128440366973,0.55045871559633
8.707,0.15,129,TRUE,9.52197482600936,13.4661059395176,12.5,0.935779816513762,0.509174311926605
8.8515,0.15,129,TRUE,9.22082710622728,13.0402187499241,8.83883476483184,0.922018348623853,0.467889908256881
8.5625,0.25,129,TRUE,10.0261269928654,14.1790847713852,12.5,0.912844036697248,0.545871559633027
8.707,0.25,129,TRUE,9.90927885062528,14.0138365438912,12.5,0.876146788990826,0.564220183486238
8.8515,0.25,129,TRUE,9.54546850797263,13.4993310231802,8.83883476483184,0.889908256880734,0.481651376146789
8.5625,0.08,130,FALSE,NA,NA,NA,NA,NA
8.707,0.08,130,FALSE,NA,NA,NA,NA,NA
8.8515,0.08,130,FALSE,NA,NA,NA,NA,NA
8.5625,0.15,130,TRUE,10.3298176112037,14.6085681626047,12.5,0.908256880733945,0.605504587155963
8.707,0.15,130,TRUE,8.86919147044698,12.5429308647899,8.83883476483184,0.880733944954128,0.454128440366972
8.8515,0.15,130,TRUE,9.55016030894799,13.5059662317515,12.5,0.917431192660551,0.545871559633027
8.5625,0.25,130,TRUE,8.98460871754243,12.706155500964,12.5,0.908256880733945,0.513761467889908
8.707,0.25,130,TRUE,10.1769042804747,14.3923160564202,12.5,0.894495412844037,0.545871559633027
8.8515,0.25,130,TRUE,9.3893239197359,13.2785092288046,12.5,0.926605504587156,0.513761467889908
8.5625,0.08,131,FALSE,NA,NA,NA,NA,NA
8.707,0.08,131,FALSE,NA,NA,NA,NA,NA
8.8515,0.08,131,FALSE,NA,NA,NA,NA,NA
8.5625,0.15,131,TRUE,8.8742408255218,12.5500717312179,8.83883476483184,0.912844036697248,0.481651376146789
8.707,0.15,131,TRUE,9.14276578965051,12.9298233773245,8.83883476483184,0.889908256880734,0.477064220183486
8.8515,0.15,131,TRUE,10.1062304790368,14.2923682079222,12.5,0.926605504587156,0.573394495412844
8.5625,0.25,131,TRUE,9.3797770703737,13.2650079449587,12.5,0.899082568807339,0.513761467889908
8.707,0.25,131,TRUE,9.13786481594554,12.9228923538421,8.83883476483184,0.862385321100917,0.490825688073394
8.8515,0.25,131,TRUE,9.33189632340746,13.1972943432225,12.5,0.885321100917431,0.513761467889908
8.5625,0.08,132,FALSE,NA,NA,NA,NA,NA
8.707,0.08,132,FALSE,NA,NA,NA,NA,NA
8.8515,0.08,132,FALSE,NA,NA,NA,NA,NA
8.5625,0.15,132,TRUE,9.47481269936632,13.3994086203887,8.83883476483184,0.931192660550459,0.481651376146789
8.707,0.15,132,TRUE,9.57826285221151,13.5457092295719,8.83883476483184,0.940366972477064,0.495412844036697
8.8515,0.15,132,TRUE,9.64816110016198,13.6445602798096,10.6694173824159,0.894495412844037,0.5
8.5625,0.25,132,TRUE,9.43691329666684,13.3458107710852,8.83883476483184,0.899082568807339,0.463302752293578
8.707,0.25,132,TRUE,9.35107804215422,13.2244213900237,8.83883476483184,0.908256880733945,0.495412844036697
8.8515,0.25,132,TRUE,9.51256110662841,13.4527929298967,12.5,0.908256880733945,0.527522935779816
8.5625,0.08,133,FALSE,NA,NA,NA,NA,NA
8.707,0.08,133,FALSE,NA,NA,NA,NA,NA
8.8515,0.08,133,FALSE,NA,NA,NA,NA,NA
8.5625,0.15,133,TRUE,9.81844944689763,13.8853843692772,12.5,0.899082568807339,0.577981651376147
8.707,0.15,133,TRUE,9.53137924788288,13.4794058004774,10.6694173824159,0.899082568807339,0.5
8.8515,0.15,133,TRUE,9.488985949921,13.419452623546,12.5,0.908256880733945,0.509174311926605
8.5625,0.25,133,TRUE,8.99457500870141,12.7202499650876,8.83883476483184,0.889908256880734,0.495412844036697
8.707,0.25,133,TRUE,9.24508609870547,13.0745261460962,8.83883476483184,0.903669724770642,0.467889908256881
8.8515,0.25,133,TRUE,9.54546850797263,13.4993310231802,8.83883476483184,0.940366972477064,0.490825688073394
8.5625,0.08,134,FALSE,NA,NA,NA,NA,NA
8.707,0.08,134,FALSE,NA,NA,NA,NA,NA
8.8515,0.08,134,FALSE,NA,NA,NA,NA,NA
8.5625,0.15,134,TRUE,9.85942622825785,13.9433342892193,12.5,0.931192660550459,0.587155963302752
8.707,0.15,134,TRUE,10.595276827674,14.983984186794,12.5,0.908256880733945,0.55045871559633
8.8515,0.15,134,TRUE,9.51726913023099,13.4594510807275,12.5,0.917431192660551,0.532110091743119
8.5625,0.25,134,TRUE,9.53607798085149,13.4860508123676,8.83883476483184,0.903669724770642,0.463302752293578
8.707,0.25,134,TRUE,9.61560514919998,13.5985192124232,12.5,0.889908256880734,0.527522935779816
8.8515,0.25,134,TRUE,9.1329612122568,12.915957611001,8.83883476483184,0.885321100917431,0.490825688073394
8.5625,0.08,135,FALSE,NA,NA,NA,NA,NA
8.707,0.08,135,FALSE,NA,NA,NA,NA,NA
8.8515,0.08,135,FALSE,NA,NA,NA,NA,NA
8.5625,0.15,135,TRUE,10.3558046148131,14.6453193355545,12.5,0.935779816513762,0.573394495412844
8.707,0.15,135,TRUE,9.80932024971496,13.8724737348079,12.5,0.903669724770642,0.504587155963303
8.8515,0.15,135,TRUE,10.0796000494049,14.2547070931649,12.5,0.903669724770642,0.564220183486238
8.5625,0.25,135,TRUE,9.3126750953307,13.1701114217908,8.83883476483184,0.908256880733945,0.486238532110092
8.707,0.25,135,TRUE,9.4464024024294,13.3592303931494,12.5,0.876146788990826,0.522935779816514
8.8515,0.25,135,TRUE,8.98460871754243,12.706155500964,8.83883476483184,0.885321100917431,0.463302752293578
8.5625,0.08,136,FALSE,NA,NA,NA,NA,NA
8.707,0.08,136,FALSE,NA,NA,NA,NA,NA
8.8515,0.08,136,FALSE,NA,NA,NA,NA,NA
8.5625,0.15,136,FALSE,NA,NA,NA,NA,NA
8.707,0.15,136,TRUE,9.42741463970854,13.3323776415905,12.5,0.871559633027523,0.532110091743119
8.8515,0.15,136,TRUE,9.62957117711094,13.6182701585073,12.5,0.926605504587156,0.536697247706422
8.5625,0.25,136,TRUE,9.01447453525656,12.7483921454267,8.83883476483184,0.908256880733945,0.444954128440367
8.707,0.25,136,TRUE,9.488985949921,13.419452623546,8.83883476483184,0.903669724770642,0.458715596330275
8.8515,0.25,136,TRUE,10.017187065102,14.1664418042957,8.83883476483184,0.885321100917431,0.490825688073394
8.5625,0.08,137,FALSE,NA,NA,NA,NA,NA
8.707,0.08,137,FALSE,NA,NA,NA,NA,NA
8.8515,0.08,137,FALSE,NA,NA,NA,NA,NA
8.5625,0.15,137,TRUE,10.0395219580809,14.1980281128605,12.5,0.894495412844037,0.527522935779816
8.707,0.15,137,TRUE,10.0840433381591,14.2609908523827,12.5,0.940366972477064,0.55045871559633
8.8515,0.15,137,TRUE,10.1680969189976,14.3798605663705,12.5,0.926605504587156,0.610091743119266
8.5625,0.25,137,TRUE,9.14276578965051,12.9298233773245,8.83883476483184,0.899082568807339,0.481651376146789
8.707,0.25,137,TRUE,9.66208007027491,13.6642446761176,12.5,0.926605504587156,0.509174311926605
8.8515,0.25,137,TRUE,9.18675689748989,12.9920361986548,12.5,0.880733944954128,0.513761467889908
8.5625,0.08,138,FALSE,NA,NA,NA,NA,NA
8.707,0.08,138,FALSE,NA,NA,NA,NA,NA
8.8515,0.08,138,FALSE,NA,NA,NA,NA,NA
8.5625,0.15,138,TRUE,9.74057854610516,13.7752582852623,12.5,0.899082568807339,0.545871559633027
8.707,0.15,138,TRUE,9.34149210622383,13.210864829423,10.6694173824159,0.926605504587156,0.5
8.8515,0.15,138,TRUE,10.2470906589372,14.4915745847356,12.5,0.940366972477064,0.518348623853211
8.5625,0.25,138,TRUE,8.87928730919695,12.5572085368736,8.83883476483184,0.889908256880734,0.486238532110092
8.707,0.25,138,TRUE,9.85942622825785,13.9433342892193,12.5,0.899082568807339,0.568807339449541
8.8515,0.25,138,TRUE,9.3126750953307,13.1701114217908,12.5,0.917431192660551,0.522935779816514
8.5625,0.08,139,FALSE,NA,NA,NA,NA,NA
8.707,0.08,139,FALSE,NA,NA,NA,NA,NA
8.8515,0.08,139,FALSE,NA,NA,NA,NA,NA
8.5625,0.15,139,TRUE,8.7880072315012,12.4281190130218,8.83883476483184,0.903669724770642,0.467889908256881
8.707,0.15,139,TRUE,9.76354622370301,13.8077394864174,12.5,0.908256880733945,0.518348623853211
8.8515,0.15,139,TRUE,10.277646481653,14.5347870436298,12.5,0.926605504587156,0.568807339449541
8.5625,0.25,139,TRUE,9.52197482600936,13.4661059395176,8.83883476483184,0.903669724770642,0.477064220183486
8.707,0.25,139,TRUE,8.99955401545344,12.7272913439635,8.83883476483184,0.880733944954128,0.422018348623853
8.8515,0.25,139,TRUE,9.2789421380799,13.1224058161478,8.83883476483184,0.917431192660551,0.486238532110092
8.5625,0.08,140,FALSE,NA,NA,NA,NA,NA
8.707,0.08,140,FALSE,NA,NA,NA,NA,NA
8.8515,0.08,140,FALSE,NA,NA,NA,NA,NA
8.5625,0.15,140,TRUE,10.0082391516905,14.1537875437941,12.5,0.944954128440367,0.559633027522936
8.707,0.15,140,TRUE,9.6062831837035,13.5853359623901,12.5,0.876146788990826,0.555045871559633
8.8515,0.15,140,TRUE,10.4032788585702,14.7124580549393,12.5,0.940366972477064,0.564220183486238
8.5625,0.25,140,TRUE,9.36543854927165,13.2447302139518,12.5,0.931192660550459,0.504587155963303
8.707,0.25,140,TRUE,9.16234346900599,12.9575103969888,10.6694173824159,0.844036697247706,0.5
8.8515,0.25,140,TRUE,9.14276578965051,12.9298233773245,8.83883476483184,0.922018348623853,0.467889908256881
8.5625,0.08,141,FALSE,NA,NA,NA,NA,NA
8.707,0.08,141,FALSE,NA,NA,NA,NA,NA
8.8515,0.08,141,FALSE,NA,NA,NA,NA,NA
8.5625,0.15,141,TRUE,9.88664973031351,13.9818341350417,8.83883476483184,0.917431192660551,0.495412844036697
8.707,0.15,141,TRUE,9.9228315519903,14.0330029579684,12.5,0.922018348623853,0.545871559633027
8.8515,0.15,141,TRUE,10.2514613525285,14.4977556788894,12.5,0.903669724770642,0.532110091743119
8.5625,0.25,141,TRUE,8.89944462755396,12.5857152898752,8.83883476483184,0.876146788990826,0.44954128440367
8.707,0.25,141,TRUE,9.21596764496423,13.0333464339,8.83883476483184,0.903669724770642,0.472477064220183
8.8515,0.25,141,TRUE,9.01944255687109,12.7554179889722,12.5,0.908256880733945,0.522935779816514
8.5625,0.08,142,FALSE,NA,NA,NA,NA,NA
8.707,0.08,142,FALSE,NA,NA,NA,NA,NA
8.8515,0.08,142,FALSE,NA,NA,NA,NA,NA
8.5625,0.15,142,TRUE,9.78645999899487,13.8401444582003,12.5,0.889908256880734,0.532110091743119
8.707,0.15,142,TRUE,9.81388590984102,13.8789305532794,12.5,0.931192660550459,0.545871559633027
8.8515,0.15,142,TRUE,10.1592819221789,14.3673942783173,12.5,0.912844036697248,0.545871559633027
8.5625,0.25,142,TRUE,9.23539014837275,13.0608140016356,8.83883476483184,0.862385321100917,0.463302752293578
8.707,0.25,142,TRUE,9.35107804215422,13.2244213900237,8.83883476483184,0.926605504587156,0.486238532110092
8.8515,0.25,142,TRUE,9.04919341025192,12.7974920493155,12.5,0.922018348623853,0.509174311926605
8.5625,0.08,143,FALSE,NA,NA,NA,NA,NA
8.707,0.08,143,FALSE,NA,NA,NA,NA,NA
8.8515,0.08,143,FALSE,NA,NA,NA,NA,NA
8.5625,0.15,143,TRUE,9.42266172050565,13.3256559987929,10.6694173824159,0.912844036697248,0.5
8.707,0.15,143,TRUE,9.45114338260361,13.3659351516108,8.83883476483184,0.880733944954128,0.472477064220183
8.8515,0.15,143,TRUE,9.99480226156108,14.134784911537,12.5,0.903669724770642,0.568807339449541
8.5625,0.25,143,TRUE,9.41314868252202,13.3122025314571,12.5,0.894495412844037,0.509174311926605
8.707,0.25,143,TRUE,9.1034841223093,12.8742707106179,8.83883476483184,0.899082568807339,0.467889908256881
8.8515,0.25,143,TRUE,9.76354622370301,13.8077394864174,12.5,0.917431192660551,0.527522935779816
8.5625,0.08,144,FALSE,NA,NA,NA,NA,NA
8.707,0.08,144,FALSE,NA,NA,NA,NA,NA
8.8515,0.08,144,FALSE,NA,NA,NA,NA,NA
8.5625,0.15,144,TRUE,9.82301086384377,13.8918351869861,12.5,0.931192660550459,0.545871559633027
8.707,0.15,144,TRUE,9.94087307879984,14.0585175298683,12.5,0.926605504587156,0.532110091743119
8.8515,0.15,144,TRUE,9.42266172050565,13.3256559987929,8.83883476483184,0.922018348623853,0.472477064220183
8.5625,0.25,144,TRUE,9.07391127495129,12.8324483888063,12.5,0.889908256880734,0.513761467889908
8.707,0.25,144,TRUE,9.17211663815137,12.9713317453416,8.83883476483184,0.908256880733945,0.486238532110092
8.8515,0.25,144,TRUE,9.62026274460471,13.6051060470126,12.5,0.903669724770642,0.518348623853211
8.5625,0.08,145,FALSE,NA,NA,NA,NA,NA
8.707,0.08,145,FALSE,NA,NA,NA,NA,NA
8.8515,0.08,145,FALSE,NA,NA,NA,NA,NA
8.5625,0.15,145,TRUE,9.76813327879455,13.8142265619392,12.5,0.912844036697248,0.513761467889908
8.707,0.15,145,TRUE,10.0037621936711,14.1474561690449,12.5,0.967889908256881,0.587155963302752
8.8515,0.15,145,TRUE,9.75895701253351,13.8012493617409,12.5,0.912844036697248,0.527522935779816
8.5625,0.25,145,TRUE,9.01447453525656,12.7483921454267,8.83883476483184,0.871559633027523,0.426605504587156
8.707,0.25,145,TRUE,9.0095037741754,12.7413624276904,8.83883476483184,0.899082568807339,0.490825688073394
8.8515,0.25,145,TRUE,10.0618072728675,14.2295443072735,12.5,0.931192660550459,0.527522935779816
8.5625,0.08,146,FALSE,NA,NA,NA,NA,NA
8.707,0.08,146,FALSE,NA,NA,NA,NA,NA
8.8515,0.08,146,FALSE,NA,NA,NA,NA,NA
8.5625,0.15,146,TRUE,10.123945182341,14.3174205815884,12.5,0.944954128440367,0.536697247706422
8.707,0.15,146,TRUE,9.15745297307764,12.9505941913202,10.6694173824159,0.922018348623853,0.5
8.8515,0.15,146,TRUE,9.42741463970854,13.3323776415905,8.83883476483184,0.912844036697248,0.495412844036697
8.5625,0.25,146,TRUE,8.81853890621156,12.4712973214792,8.83883476483184,0.880733944954128,0.477064220183486
8.707,0.25,146,TRUE,9.46535207524035,13.3860292774412,10.6694173824159,0.931192660550459,0.5
8.8515,0.25,146,TRUE,9.37022049420886,13.2514929053365,8.83883476483184,0.885321100917431,0.495412844036697
8.5625,0.08,147,FALSE,NA,NA,NA,NA,NA
8.707,0.08,147,FALSE,NA,NA,NA,NA,NA
8.8515,0.08,147,FALSE,NA,NA,NA,NA,NA
8.5625,0.15,147,TRUE,9.3893239197359,13.2785092288046,8.83883476483184,0.908256880733945,0.486238532110092
8.707,0.15,147,TRUE,9.37022049420886,13.2514929053365,8.83883476483184,0.940366972477064,0.495412844036697
8.8515,0.15,147,TRUE,10.5188981854896,14.8759684751412,12.5,0.903669724770642,0.527522935779816
8.5625,0.25,147,TRUE,9.14276578965051,12.9298233773245,8.83883476483184,0.908256880733945,0.463302752293578
8.707,0.25,147,TRUE,8.974631358865,12.6920453850058,8.83883476483184,0.922018348623853,0.44954128440367
8.8515,0.25,147,TRUE,9.23539014837275,13.0608140016356,8.83883476483184,0.917431192660551,0.481651376146789
8.5625,0.08,148,FALSE,NA,NA,NA,NA,NA
8.707,0.08,148,FALSE,NA,NA,NA,NA,NA
8.8515,0.08,148,FALSE,NA,NA,NA,NA,NA
8.5625,0.15,148,TRUE,9.09856198941511,12.8673097635232,8.83883476483184,0.876146788990826,0.490825688073394
8.707,0.15,148,TRUE,10.1636903762472,14.3736287738497,12.5,0.940366972477064,0.55045871559633
8.8515,0.15,148,TRUE,10.017187065102,14.1664418042957,12.5,0.917431192660551,0.587155963302752
8.5625,0.25,148,TRUE,9.56422190229452,13.5258523277707,12.5,0.922018348623853,0.513761467889908
8.707,0.25,148,TRUE,9.24993026256876,13.0813768283301,8.83883476483184,0.931192660550459,0.477064220183486
8.8515,0.25,148,TRUE,9.69909966974614,13.7165982957634,12.5,0.885321100917431,0.591743119266055
8.5625,0.08,149,FALSE,NA,NA,NA,NA,NA
8.707,0.08,149,FALSE,NA,NA,NA,NA,NA
8.8515,0.08,149,FALSE,NA,NA,NA,NA,NA
8.5625,0.15,149,TRUE,9.57826285221151,13.5457092295719,12.5,0.94954128440367,0.518348623853211
8.707,0.15,149,TRUE,9.99031928207493,14.1284450211478,12.5,0.903669724770642,0.564220183486238
8.8515,0.15,149,TRUE,10.1680969189976,14.3798605663705,12.5,0.917431192660551,0.541284403669725
8.5625,0.25,149,TRUE,9.51256110662841,13.4527929298967,12.5,0.935779816513762,0.532110091743119
8.707,0.25,149,TRUE,9.67597901786318,13.6839007562996,12.5,0.917431192660551,0.509174311926605
8.8515,0.25,149,TRUE,8.96963851766696,12.6849844412687,8.83883476483184,0.908256880733945,0.458715596330275
8.5625,0.08,150,FALSE,NA,NA,NA,NA,NA
8.707,0.08,150,FALSE,NA,NA,NA,NA,NA
8.8515,0.08,150,FALSE,NA,NA,NA,NA,NA
8.5625,0.15,150,TRUE,9.22568400785785,13.0470874460811,10.6694173824159,0.912844036697248,0.5
8.707,0.15,150,TRUE,9.42741463970854,13.3323776415905,12.5,0.899082568807339,0.509174311926605
8.8515,0.15,150,TRUE,10.586817523469,14.9720209240589,12.5,0.922018348623853,0.573394495412844
8.5625,0.25,150,TRUE,9.19650412240404,13.0058208563239,8.83883476483184,0.903669724770642,0.477064220183486
8.707,0.25,150,TRUE,9.21110562001757,13.0264704922799,8.83883476483184,0.862385321100917,0.44954128440367
8.8515,0.25,150,TRUE,9.3893239197359,13.2785092288046,12.5,0.917431192660551,0.513761467889908
8.5625,0.08,151,FALSE,NA,NA,NA,NA,NA
8.707,0.08,151,FALSE,NA,NA,NA,NA,NA
8.8515,0.08,151,FALSE,NA,NA,NA,NA,NA
8.5625,0.15,151,TRUE,9.62491808615209,13.6116896941664,12.5,0.926605504587156,0.568807339449541
8.707,0.15,151,TRUE,9.50313806210995,13.4394667325399,12.5,0.926605504587156,0.527522935779816
8.8515,0.15,151,TRUE,9.92734500755779,14.0393859480451,12.5,0.94954128440367,0.568807339449541
8.5625,0.25,151,TRUE,9.64351697902641,13.6379925007144,8.83883476483184,0.871559633027523,0.463302752293578
8.707,0.25,151,TRUE,9.62491808615209,13.6116896941664,8.83883476483184,0.935779816513762,0.495412844036697
8.8515,0.25,151,TRUE,9.2789421380799,13.1224058161478,12.5,0.944954128440367,0.518348623853211
8.5625,0.08,152,FALSE,NA,NA,NA,NA,NA
8.707,0.08,152,FALSE,NA,NA,NA,NA,NA
8.8515,0.08,152,FALSE,NA,NA,NA,NA,NA
8.5625,0.15,152,TRUE,9.30786358630617,13.1633069204729,12.5,0.899082568807339,0.504587155963303
8.707,0.15,152,TRUE,10.1062304790368,14.2923682079222,12.5,0.935779816513762,0.564220183486238
8.8515,0.15,152,TRUE,10.2907140603342,14.5532673906281,12.5,0.899082568807339,0.545871559633027
8.5625,0.25,152,TRUE,9.40362602082035,13.2987354541287,12.5,0.899082568807339,0.522935779816514
8.707,0.25,152,TRUE,9.2789421380799,13.1224058161478,12.5,0.931192660550459,0.509174311926605
8.8515,0.25,152,TRUE,9.23053835389639,13.0539525280853,8.83883476483184,0.899082568807339,0.467889908256881
8.5625,0.08,153,FALSE,NA,NA,NA,NA,NA
8.707,0.08,153,FALSE,NA,NA,NA,NA,NA
8.8515,0.08,153,FALSE,NA,NA,NA,NA,NA
8.5625,0.15,153,TRUE,10.3558046148131,14.6453193355545,12.5,0.880733944954128,0.532110091743119
8.707,0.15,153,TRUE,9.58761206171128,13.558931008444,12.5,0.917431192660551,0.509174311926605
8.8515,0.15,153,TRUE,9.6062831837035,13.5853359623901,12.5,0.912844036697248,0.518348623853211
8.5625,0.25,153,TRUE,9.37022049420886,13.2514929053365,8.83883476483184,0.917431192660551,0.495412844036697
8.707,0.25,153,TRUE,9.38455170904911,13.2717603037289,12.5,0.931192660550459,0.509174311926605
8.8515,0.25,153,TRUE,9.37022049420886,13.2514929053365,12.5,0.908256880733945,0.527522935779816
8.5625,0.08,154,FALSE,NA,NA,NA,NA,NA
8.707,0.08,154,FALSE,NA,NA,NA,NA,NA
8.8515,0.08,154,FALSE,NA,NA,NA,NA,NA
8.5625,0.15,154,TRUE,9.29823309889938,13.1496873545699,10.6694173824159,0.899082568807339,0.5
8.707,0.15,154,TRUE,9.46061821544177,13.3793345887117,8.83883476483184,0.922018348623853,0.463302752293578
8.8515,0.15,154,TRUE,9.69447995066066,13.7100650263784,12.5,0.917431192660551,0.527522935779816
8.5625,0.25,154,TRUE,9.61560514919998,13.5985192124232,12.5,0.926605504587156,0.509174311926605
8.707,0.25,154,TRUE,8.80837344011654,12.4569211814598,8.83883476483184,0.917431192660551,0.44954128440367
8.8515,0.25,154,TRUE,9.97236721135785,14.103056959267,12.5,0.889908256880734,0.509174311926605
8.5625,0.08,155,FALSE,NA,NA,NA,NA,NA
8.707,0.08,155,FALSE,NA,NA,NA,NA,NA
8.8515,0.08,155,FALSE,NA,NA,NA,NA,NA
8.5625,0.15,155,TRUE,9.32709472992086,13.1905038645927,10.6694173824159,0.908256880733945,0.5
8.707,0.15,155,TRUE,9.92734500755779,14.0393859480451,12.5,0.912844036697248,0.509174311926605
8.8515,0.15,155,TRUE,9.79561050122672,13.8530852225591,12.5,0.903669724770642,0.527522935779816
8.5625,0.25,155,TRUE,9.89570758812753,13.9946438804083,12.5,0.922018348623853,0.564220183486238
8.707,0.25,155,TRUE,9.64816110016198,13.6445602798096,8.83883476483184,0.862385321100917,0.458715596330275
8.8515,0.25,155,TRUE,9.14766413759884,12.9367506874263,12.5,0.912844036697248,0.532110091743119
8.5625,0.08,156,FALSE,NA,NA,NA,NA,NA
8.707,0.08,156,FALSE,NA,NA,NA,NA,NA
8.8515,0.08,156,FALSE,NA,NA,NA,NA,NA
8.5625,0.15,156,TRUE,10.0261269928654,14.1790847713852,12.5,0.903669724770642,0.522935779816514
8.707,0.15,156,TRUE,10.0216580258536,14.1727646976273,12.5,0.922018348623853,0.522935779816514
8.8515,0.15,156,TRUE,9.92734500755779,14.0393859480451,12.5,0.926605504587156,0.545871559633027
8.5625,0.25,156,TRUE,9.3126750953307,13.1701114217908,8.83883476483184,0.894495412844037,0.44954128440367
8.707,0.25,156,TRUE,9.39409370613435,13.2852547254189,8.83883476483184,0.926605504587156,0.490825688073394
8.8515,0.25,156,TRUE,8.7880072315012,12.4281190130218,8.83883476483184,0.871559633027523,0.481651376146789
8.5625,0.08,157,FALSE,NA,NA,NA,NA,NA
8.707,0.08,157,FALSE,NA,NA,NA,NA,NA
8.8515,0.08,157,FALSE,NA,NA,NA,NA,NA
8.5625,0.15,157,TRUE,9.68523390187067,13.6969891387812,12.5,0.912844036697248,0.513761467889908
8.707,0.15,157,TRUE,9.97685825739112,14.1094082574765,12.5,0.922018348623853,0.573394495412844
8.8515,0.15,157,TRUE,10.017187065102,14.1664418042957,12.5,0.926605504587156,0.545871559633027
8.5625,0.25,157,TRUE,9.64816110016198,13.6445602798096,12.5,0.940366972477064,0.559633027522936
8.707,0.25,157,TRUE,8.3434810156622,11.7994640097519,8.83883476483184,0.903669724770642,0.412844036697248
8.8515,0.25,157,TRUE,9.39886107193533,13.2919967987915,12.5,0.899082568807339,0.532110091743119
8.5625,0.08,158,FALSE,NA,NA,NA,NA,NA
8.707,0.08,158,FALSE,NA,NA,NA,NA,NA
8.8515,0.08,158,FALSE,NA,NA,NA,NA,NA
8.5625,0.15,158,TRUE,9.50313806210995,13.4394667325399,12.5,0.912844036697248,0.513761467889908
8.707,0.15,158,TRUE,10.3989719741552,14.7063672005881,12.5,0.931192660550459,0.587155963302752
8.8515,0.15,158,TRUE,9.26928160226122,13.1087437553732,8.83883476483184,0.926605504587156,0.495412844036697
8.5625,0.25,158,TRUE,9.63887062029896,13.6314215571864,12.5,0.903669724770642,0.513761467889908
8.707,0.25,158,TRUE,10.1857040264167,14.4047607764767,12.5,0.922018348623853,0.541284403669725
8.8515,0.25,158,TRUE,9.05414238158728,12.8044909516978,10.6694173824159,0.912844036697248,0.5
8.5625,0.08,159,FALSE,NA,NA,NA,NA,NA
8.707,0.08,159,FALSE,NA,NA,NA,NA,NA
8.8515,0.08,159,FALSE,NA,NA,NA,NA,NA
8.5625,0.15,159,TRUE,9.24993026256876,13.0813768283301,12.5,0.885321100917431,0.522935779816514
8.707,0.15,159,TRUE,9.72216533768126,13.7492180761824,10.6694173824159,0.935779816513762,0.5
8.8515,0.15,159,TRUE,9.71755658400314,13.7427003142252,8.83883476483184,0.908256880733945,0.463302752293578
8.5625,0.25,159,TRUE,9.23053835389639,13.0539525280853,8.83883476483184,0.926605504587156,0.495412844036697
8.707,0.25,159,TRUE,9.16234346900599,12.9575103969888,8.83883476483184,0.880733944954128,0.477064220183486
8.8515,0.25,159,TRUE,8.82869266767076,12.4856569086439,8.83883476483184,0.876146788990826,0.481651376146789
8.5625,0.08,160,FALSE,NA,NA,NA,NA,NA
8.707,0.08,160,FALSE,NA,NA,NA,NA,NA
8.8515,0.08,160,FALSE,NA,NA,NA,NA,NA
8.5625,0.15,160,TRUE,9.14276578965051,12.9298233773245,8.83883476483184,0.885321100917431,0.477064220183486
8.707,0.15,160,TRUE,9.15255986400636,12.9436742901094,8.83883476483184,0.899082568807339,0.435779816513761
8.8515,0.15,160,TRUE,9.1329612122568,12.915957611001,8.83883476483184,0.903669724770642,0.458715596330275
8.5625,0.25,160,TRUE,8.89440958068555,12.5785946583067,8.83883476483184,0.885321100917431,0.463302752293578
8.707,0.25,160,TRUE,9.39886107193533,13.2919967987915,12.5,0.935779816513762,0.518348623853211
8.8515,0.25,160,TRUE,9.47008356870018,13.3927206196624,12.5,0.880733944954128,0.518348623853211
8.5625,0.08,161,FALSE,NA,NA,NA,NA,NA
8.707,0.08,161,FALSE,NA,NA,NA,NA,NA
8.8515,0.08,161,FALSE,NA,NA,NA,NA,NA
8.5625,0.15,161,TRUE,9.90023340935117,14.0010443581636,12.5,0.931192660550459,0.545871559633027
8.707,0.15,161,TRUE,9.1916318019972,12.9989303547243,12.5,0.926605504587156,0.532110091743119
8.8515,0.15,161,TRUE,9.75895701253351,13.8012493617409,12.5,0.903669724770642,0.513761467889908
8.5625,0.25,161,TRUE,9.10840359530944,12.8812278960545,8.83883476483184,0.880733944954128,0.444954128440367
8.707,0.25,161,TRUE,9.66208007027491,13.6642446761176,8.83883476483184,0.935779816513762,0.495412844036697
8.8515,0.25,161,TRUE,9.32709472992086,13.1905038645927,12.5,0.903669724770642,0.522935779816514
8.5625,0.08,162,FALSE,NA,NA,NA,NA,NA
8.707,0.08,162,FALSE,NA,NA,NA,NA,NA
8.8515,0.08,162,FALSE,NA,NA,NA,NA,NA
8.5625,0.15,162,TRUE,9.84578625000228,13.9240444469798,8.83883476483184,0.912844036697248,0.486238532110092
8.707,0.15,162,TRUE,9.32229066329779,13.1837098884198,12.5,0.885321100917431,0.513761467889908
8.8515,0.15,162,TRUE,9.68523390187067,13.6969891387812,12.5,0.908256880733945,0.559633027522936
8.5625,0.25,162,TRUE,9.59695216335312,13.5721399068598,8.83883476483184,0.899082568807339,0.495412844036697
8.707,0.25,162,TRUE,9.50313806210995,13.4394667325399,8.83883476483184,0.931192660550459,0.490825688073394
8.8515,0.25,162,TRUE,9.4464024024294,13.3592303931494,12.5,0.917431192660551,0.522935779816514
8.5625,0.08,163,FALSE,NA,NA,NA,NA,NA
8.707,0.08,163,FALSE,NA,NA,NA,NA,NA
8.8515,0.08,163,FALSE,NA,NA,NA,NA,NA
8.5625,0.15,163,TRUE,9.24508609870547,13.0745261460962,8.83883476483184,0.922018348623853,0.490825688073394
8.707,0.15,163,TRUE,9.70371718948867,13.7231284548078,8.83883476483184,0.889908256880734,0.490825688073394
8.8515,0.15,163,TRUE,9.24023939530621,13.0676718724162,12.5,0.94954128440367,0.518348623853211
8.5625,0.25,163,TRUE,9.62957117711094,13.6182701585073,8.83883476483184,0.889908256880734,0.467889908256881
8.707,0.25,163,TRUE,9.375,13.2582521472478,12.5,0.917431192660551,0.522935779816514
8.8515,0.25,163,TRUE,9.08870972665608,12.8533765599093,8.83883476483184,0.894495412844037,0.495412844036697
8.5625,0.08,164,FALSE,NA,NA,NA,NA,NA
8.707,0.08,164,FALSE,NA,NA,NA,NA,NA
8.8515,0.08,164,FALSE,NA,NA,NA,NA,NA
8.5625,0.15,164,TRUE,9.64816110016198,13.6445602798096,12.5,0.944954128440367,0.541284403669725
8.707,0.15,164,TRUE,10.0573541603357,14.2232466551362,12.5,0.922018348623853,0.513761467889908
8.8515,0.15,164,TRUE,9.75895701253351,13.8012493617409,10.6694173824159,0.889908256880734,0.5
8.5625,0.25,164,TRUE,9.21110562001757,13.0264704922799,12.5,0.899082568807339,0.509174311926605
8.707,0.25,164,TRUE,9.83668242350628,13.9111696920796,12.5,0.922018348623853,0.568807339449541
8.8515,0.25,164,TRUE,9.55953700272257,13.5192268792577,12.5,0.908256880733945,0.509174311926605
8.5625,0.08,165,FALSE,NA,NA,NA,NA,NA
8.707,0.08,165,FALSE,NA,NA,NA,NA,NA
8.8515,0.08,165,FALSE,NA,NA,NA,NA,NA
8.5625,0.15,165,TRUE,9.91831604251781,14.0266170632313,10.6694173824159,0.926605504587156,0.5
8.707,0.15,165,TRUE,10.017187065102,14.1664418042957,12.5,0.903669724770642,0.513761467889908
8.8515,0.15,165,TRUE,9.94087307879984,14.0585175298683,12.5,0.926605504587156,0.555045871559633
8.5625,0.25,165,TRUE,9.62026274460471,13.6051060470126,12.5,0.889908256880734,0.509174311926605
8.707,0.25,165,TRUE,8.95964448835991,12.6708507494799,8.83883476483184,0.922018348623853,0.435779816513761
8.8515,0.25,165,TRUE,10.0305939688023,14.1854020293379,12.5,0.912844036697248,0.513761467889908
8.5625,0.08,166,FALSE,NA,NA,NA,NA,NA
8.707,0.08,166,FALSE,NA,NA,NA,NA,NA
8.8515,0.08,166,FALSE,NA,NA,NA,NA,NA
8.5625,0.15,166,TRUE,9.3893239197359,13.2785092288046,12.5,0.908256880733945,0.527522935779816
8.707,0.15,166,TRUE,9.79103631909487,13.8466163521515,12.5,0.912844036697248,0.527522935779816
8.8515,0.15,166,TRUE,9.98583429002754,14.1221022845673,12.5,0.935779816513762,0.55045871559633
8.5625,0.25,166,TRUE,9.14276578965051,12.9298233773245,8.83883476483184,0.917431192660551,0.477064220183486
8.707,0.25,166,TRUE,9.3893239197359,13.2785092288046,12.5,0.926605504587156,0.509174311926605
8.8515,0.25,166,TRUE,10.3341533165829,14.6146997759545,13.2377124296868,0.935779816513762,0.610091743119266
8.5625,0.08,167,FALSE,NA,NA,NA,NA,NA
8.707,0.08,167,FALSE,NA,NA,NA,NA,NA
8.8515,0.08,167,FALSE,NA,NA,NA,NA,NA
8.5625,0.15,167,TRUE,8.98959324426015,12.7132046862503,10.6694173824159,0.917431192660551,0.5
8.707,0.15,167,TRUE,9.68523390187067,13.6969891387812,12.5,0.912844036697248,0.536697247706422
8.8515,0.15,167,TRUE,9.3797770703737,13.2650079449587,12.5,0.912844036697248,0.513761467889908
8.5625,0.25,167,TRUE,9.09363719230766,12.8603450486619,8.83883476483184,0.876146788990826,0.477064220183486
8.707,0.25,167,TRUE,9.91379847633377,14.0202282598649,12.5,0.894495412844037,0.55045871559633
8.8515,0.25,167,TRUE,9.87304736239949,13.9625974818573,8.83883476483184,0.935779816513762,0.495412844036697
8.5625,0.08,168,FALSE,NA,NA,NA,NA,NA
8.707,0.08,168,FALSE,NA,NA,NA,NA,NA
8.8515,0.08,168,FALSE,NA,NA,NA,NA,NA
8.5625,0.15,168,TRUE,9.90475716257301,14.0074419113228,12.5,0.931192660550459,0.577981651376147
8.707,0.15,168,TRUE,10.0662584154312,14.235839173455,12.5,0.912844036697248,0.518348623853211
8.8515,0.15,168,TRUE,9.67134825472747,13.677351868269,12.5,0.899082568807339,0.555045871559633
8.5625,0.25,168,TRUE,9.22568400785785,13.0470874460811,8.83883476483184,0.908256880733945,0.495412844036697
8.707,0.25,168,TRUE,9.82757016363154,13.8982830105809,12.5,0.917431192660551,0.518348623853211
8.8515,0.25,168,TRUE,9.3797770703737,13.2650079449587,8.83883476483184,0.931192660550459,0.481651376146789
8.5625,0.08,169,FALSE,NA,NA,NA,NA,NA
8.707,0.08,169,FALSE,NA,NA,NA,NA,NA
8.8515,0.08,169,FALSE,NA,NA,NA,NA,NA
8.5625,0.15,169,TRUE,9.67134825472747,13.677351868269,12.5,0.899082568807339,0.541284403669725
8.707,0.15,169,TRUE,9.70371718948867,13.7231284548078,12.5,0.903669724770642,0.522935779816514
8.8515,0.15,169,TRUE,9.27411312805309,13.115576564675,8.83883476483184,0.871559633027523,0.486238532110092
8.5625,0.25,169,TRUE,8.86413923906553,12.53578593065,8.83883476483184,0.912844036697248,0.477064220183486
8.707,0.25,169,TRUE,9.66671527326175,13.6707998430459,12.5,0.912844036697248,0.55045871559633
8.8515,0.25,169,TRUE,9.78188153792604,13.833669536462,12.5,0.862385321100917,0.522935779816514
8.5625,0.08,170,FALSE,NA,NA,NA,NA,NA
8.707,0.08,170,FALSE,NA,NA,NA,NA,NA
8.8515,0.08,170,FALSE,NA,NA,NA,NA,NA
8.5625,0.15,170,TRUE,10.017187065102,14.1664418042957,12.5,0.940366972477064,0.509174311926605
8.707,0.15,170,TRUE,9.68985802908656,13.703528642204,12.5,0.935779816513762,0.504587155963303
8.8515,0.15,170,TRUE,9.9228315519903,14.0330029579684,12.5,0.944954128440367,0.527522935779816
8.5625,0.25,170,TRUE,9.55016030894799,13.5059662317515,8.83883476483184,0.903669724770642,0.495412844036697
8.707,0.25,170,TRUE,8.71635076406416,12.3267814649406,8.83883476483184,0.908256880733945,0.463302752293578
8.8515,0.25,170,TRUE,9.592283249351,13.5655370653564,8.83883476483184,0.885321100917431,0.454128440366972
8.5625,0.08,171,FALSE,NA,NA,NA,NA,NA
8.707,0.08,171,FALSE,NA,NA,NA,NA,NA
8.8515,0.08,171,FALSE,NA,NA,NA,NA,NA
8.5625,0.15,171,TRUE,9.46535207524035,13.3860292774412,8.83883476483184,0.935779816513762,0.490825688073394
8.707,0.15,171,TRUE,9.35586732699684,13.2311944616022,12.5,0.871559633027523,0.509174311926605
8.8515,0.15,171,FALSE,NA,NA,NA,NA,NA
8.5625,0.25,171,TRUE,8.99955401545344,12.7272913439635,10.6694173824159,0.894495412844037,0.5
8.707,0.25,171,TRUE,9.67134825472747,13.677351868269,8.83883476483184,0.885321100917431,0.472477064220183
8.8515,0.25,171,TRUE,8.61814978600076,12.1879043099251,8.83883476483184,0.899082568807339,0.426605504587156
8.5625,0.08,172,FALSE,NA,NA,NA,NA,NA
8.707,0.08,172,FALSE,NA,NA,NA,NA,NA
8.8515,0.08,172,FALSE,NA,NA,NA,NA,NA
8.5625,0.15,172,TRUE,10.0840433381591,14.2609908523827,12.5,0.917431192660551,0.587155963302752
8.707,0.15,172,TRUE,9.99928323119286,14.1411219595628,12.5,0.894495412844037,0.582568807339449
8.8515,0.15,172,TRUE,10.0037621936711,14.1474561690449,12.5,0.931192660550459,0.596330275229358
8.5625,0.25,172,TRUE,9.74057854610516,13.7752582852623,12.5,0.908256880733945,0.509174311926605
8.707,0.25,172,TRUE,9.1818794047662,12.9851383822946,8.83883476483184,0.908256880733945,0.481651376146789
8.8515,0.25,172,TRUE,9.42266172050565,13.3256559987929,8.83883476483184,0.889908256880734,0.486238532110092
8.5625,0.08,173,FALSE,NA,NA,NA,NA,NA
8.707,0.08,173,FALSE,NA,NA,NA,NA,NA
8.8515,0.08,173,FALSE,NA,NA,NA,NA,NA
8.5625,0.15,173,TRUE,9.55484980606779,13.512598182179,12.5,0.912844036697248,0.518348623853211
8.707,0.15,173,TRUE,9.34149210622383,13.210864829423,8.83883476483184,0.889908256880734,0.486238532110092
8.8515,0.15,173,TRUE,10.0439829767228,14.2043369459259,12.5,0.917431192660551,0.522935779816514
8.5625,0.25,173,TRUE,9.66671527326175,13.6707998430459,12.5,0.926605504587156,0.564220183486238
8.707,0.25,173,TRUE,9.28376863626745,13.1292315153434,8.83883476483184,0.871559633027523,0.486238532110092
8.8515,0.25,173,TRUE,9.45588198575048,13.3726365484478,8.83883476483184,0.885321100917431,0.444954128440367
8.5625,0.08,174,FALSE,NA,NA,NA,NA,NA
8.707,0.08,174,FALSE,NA,NA,NA,NA,NA
8.8515,0.08,174,FALSE,NA,NA,NA,NA,NA
8.5625,0.15,174,TRUE,9.7543656422429,13.7947561836061,12.5,0.944954128440367,0.559633027522936
8.707,0.15,174,TRUE,10.0796000494049,14.2547070931649,12.5,0.931192660550459,0.614678899082569
8.8515,0.15,174,TRUE,9.67597901786318,13.6839007562996,12.5,0.912844036697248,0.55045871559633
8.5625,0.25,174,TRUE,9.25477189088384,13.0882239247572,8.83883476483184,0.903669724770642,0.486238532110092
8.707,0.25,174,TRUE,9.62026274460471,13.6051060470126,8.83883476483184,0.922018348623853,0.477064220183486
8.8515,0.25,174,TRUE,9.62957117711094,13.6182701585073,12.5,0.903669724770642,0.541284403669725
8.5625,0.08,175,FALSE,NA,NA,NA,NA,NA
8.707,0.08,175,FALSE,NA,NA,NA,NA,NA
8.8515,0.08,175,FALSE,NA,NA,NA,NA,NA
8.5625,0.15,175,TRUE,9.50313806210995,13.4394667325399,10.6694173824159,0.908256880733945,0.5
8.707,0.15,175,TRUE,9.72677190763304,13.7557327498843,12.5,0.912844036697248,0.532110091743119
8.8515,0.15,175,TRUE,10.6458914954993,15.0555641364875,12.5,0.944954128440367,0.573394495412844
8.5625,0.25,175,TRUE,9.61560514919998,13.5985192124232,8.83883476483184,0.857798165137615,0.486238532110092
8.707,0.25,175,TRUE,9.37022049420886,13.2514929053365,12.5,0.889908256880734,0.509174311926605
8.8515,0.25,175,TRUE,10.212057767816,14.4420305949829,12.5,0.944954128440367,0.559633027522936
8.5625,0.08,176,FALSE,NA,NA,NA,NA,NA
8.707,0.08,176,FALSE,NA,NA,NA,NA,NA
8.8515,0.08,176,FALSE,NA,NA,NA,NA,NA
8.5625,0.15,176,TRUE,10.1017969493306,14.2860982500825,12.5,0.935779816513762,0.577981651376147
8.707,0.15,176,TRUE,9.50313806210995,13.4394667325399,8.83883476483184,0.917431192660551,0.490825688073394
8.8515,0.15,176,TRUE,9.63422202074221,13.6248474446472,12.5,0.917431192660551,0.504587155963303
8.5625,0.25,176,TRUE,9.65744264256824,13.6576863629603,8.83883476483184,0.912844036697248,0.490825688073394
8.707,0.25,176,TRUE,9.3126750953307,13.1701114217908,8.83883476483184,0.926605504587156,0.477064220183486
8.8515,0.25,176,TRUE,9.12805497434579,12.909019142807,12.5,0.894495412844037,0.509174311926605
8.5625,0.08,177,FALSE,NA,NA,NA,NA,NA
8.707,0.08,177,FALSE,NA,NA,NA,NA,NA
8.8515,0.08,177,FALSE,NA,NA,NA,NA,NA
8.5625,0.15,177,TRUE,9.3797770703737,13.2650079449587,8.83883476483184,0.903669724770642,0.490825688073394
8.707,0.15,177,TRUE,9.79561050122672,13.8530852225591,12.5,0.917431192660551,0.55045871559633
8.8515,0.15,177,TRUE,9.64816110016198,13.6445602798096,12.5,0.926605504587156,0.55045871559633
8.5625,0.25,177,TRUE,9.33189632340746,13.1972943432225,8.83883476483184,0.86697247706422,0.486238532110092
8.707,0.25,177,TRUE,9.75895701253351,13.8012493617409,12.5,0.853211009174312,0.527522935779816
8.8515,0.25,177,TRUE,9.488985949921,13.419452623546,12.5,0.922018348623853,0.509174311926605
8.5625,0.08,178,FALSE,NA,NA,NA,NA,NA
8.707,0.08,178,FALSE,NA,NA,NA,NA,NA
8.8515,0.08,178,FALSE,NA,NA,NA,NA,NA
8.5625,0.15,178,TRUE,9.72677190763304,13.7557327498843,8.83883476483184,0.889908256880734,0.486238532110092
8.707,0.15,178,TRUE,10.7630667865333,15.2212750222428,12.5,0.922018348623853,0.587155963302752
8.8515,0.15,178,TRUE,10.4161888269606,14.7307155073268,12.5,0.917431192660551,0.577981651376147
8.5625,0.25,178,TRUE,8.8742408255218,12.5500717312179,8.83883476483184,0.885321100917431,0.440366972477064
8.707,0.25,178,TRUE,9.24508609870547,13.0745261460962,8.83883476483184,0.912844036697248,0.490825688073394
8.8515,0.25,178,TRUE,9.40838855646161,13.3054706966238,12.5,0.86697247706422,0.509174311926605
8.5625,0.08,179,FALSE,NA,NA,NA,NA,NA
8.707,0.08,179,FALSE,NA,NA,NA,NA,NA
8.8515,0.08,179,FALSE,NA,NA,NA,NA,NA
8.5625,0.15,179,TRUE,8.95964448835991,12.6708507494799,12.5,0.903669724770642,0.509174311926605
8.707,0.15,179,TRUE,9.75895701253351,13.8012493617409,12.5,0.931192660550459,0.532110091743119
8.8515,0.15,179,TRUE,8.98959324426015,12.7132046862503,8.83883476483184,0.922018348623853,0.486238532110092
8.5625,0.25,179,TRUE,9.83212734920623,13.9047278442269,12.5,0.912844036697248,0.527522935779816
8.707,0.25,179,TRUE,9.5829385971091,13.5523217314203,12.5,0.912844036697248,0.513761467889908
8.8515,0.25,179,TRUE,9.08377958811774,12.846404291124,8.83883476483184,0.908256880733945,0.477064220183486
8.5625,0.08,180,FALSE,NA,NA,NA,NA,NA
8.707,0.08,180,FALSE,NA,NA,NA,NA,NA
8.8515,0.08,180,FALSE,NA,NA,NA,NA,NA
8.5625,0.15,180,TRUE,9.40362602082035,13.2987354541287,8.83883476483184,0.908256880733945,0.477064220183486
8.707,0.15,180,TRUE,10.0082391516905,14.1537875437941,12.5,0.926605504587156,0.568807339449541
8.8515,0.15,180,TRUE,9.47481269936632,13.3994086203887,10.6694173824159,0.931192660550459,0.5
8.5625,0.25,180,TRUE,9.05414238158728,12.8044909516978,8.83883476483184,0.857798165137615,0.477064220183486
8.707,0.25,180,TRUE,9.06403221783062,12.8184772922428,8.83883476483184,0.889908256880734,0.440366972477064
8.8515,0.25,180,TRUE,8.98460871754243,12.706155500964,12.5,0.899082568807339,0.509174311926605
8.5625,0.08,181,FALSE,NA,NA,NA,NA,NA
8.707,0.08,181,FALSE,NA,NA,NA,NA,NA
8.8515,0.08,181,FALSE,NA,NA,NA,NA,NA
8.5625,0.15,181,TRUE,8.77780640713276,12.4136928688526,8.83883476483184,0.908256880733945,0.477064220183486
8.707,0.15,181,TRUE,9.90023340935117,14.0010443581636,12.5,0.922018348623853,0.55045871559633
8.8515,0.15,181,TRUE,9.12314609796262,12.9020769432499,8.83883476483184,0.899082568807339,0.486238532110092
8.5625,0.25,181,TRUE,9.42741463970854,13.3323776415905,8.83883476483184,0.86697247706422,0.458715596330275
8.707,0.25,181,TRUE,9.07884677233823,12.8394282361479,8.83883476483184,0.926605504587156,0.481651376146789
8.8515,0.25,181,TRUE,8.86413923906553,12.53578593065,8.83883476483184,0.880733944954128,0.440366972477064
8.5625,0.08,182,FALSE,NA,NA,NA,NA,NA
8.707,0.08,182,FALSE,NA,NA,NA,NA,NA
8.8515,0.08,182,FALSE,NA,NA,NA,NA,NA
8.5625,0.15,182,TRUE,9.74977210978085,13.788259947699,8.83883476483184,0.871559633027523,0.467889908256881
8.707,0.15,182,TRUE,10.1636903762472,14.3736287738497,12.5,0.931192660550459,0.55045871559633
8.8515,0.15,182,TRUE,10.017187065102,14.1664418042957,12.5,0.885321100917431,0.555045871559633
8.5625,0.25,182,TRUE,9.66208007027491,13.6642446761176,8.83883476483184,0.908256880733945,0.458715596330275
8.707,0.25,182,TRUE,9.25477189088384,13.0882239247572,12.5,0.889908256880734,0.527522935779816
8.8515,0.25,182,TRUE,9.42266172050565,13.3256559987929,8.83883476483184,0.889908256880734,0.454128440366972
8.5625,0.08,183,FALSE,NA,NA,NA,NA,NA
8.707,0.08,183,FALSE,NA,NA,NA,NA,NA
8.8515,0.08,183,FALSE,NA,NA,NA,NA,NA
8.5625,0.15,183,TRUE,10.0261269928654,14.1790847713852,12.5,0.912844036697248,0.55045871559633
8.707,0.15,183,TRUE,9.68060756585229,13.6904465116399,12.5,0.935779816513762,0.55045871559633
8.8515,0.15,183,TRUE,9.84578625000228,13.9240444469798,12.5,0.917431192660551,0.532110091743119
8.5625,0.25,183,TRUE,8.90447682734968,12.5928318950749,8.83883476483184,0.912844036697248,0.481651376146789
8.707,0.25,183,TRUE,8.91453270500613,12.6070530536382,8.83883476483184,0.899082568807339,0.477064220183486
8.8515,0.25,183,TRUE,10.0395219580809,14.1980281128605,12.5,0.926605504587156,0.536697247706422
8.5625,0.08,184,FALSE,NA,NA,NA,NA,NA
8.707,0.08,184,FALSE,NA,NA,NA,NA,NA
8.8515,0.08,184,FALSE,NA,NA,NA,NA,NA
8.5625,0.15,184,TRUE,10.1769042804747,14.3923160564202,12.5,0.912844036697248,0.573394495412844
8.707,0.15,184,TRUE,9.96337904620459,14.0903457742064,12.5,0.912844036697248,0.591743119266055
8.8515,0.15,184,TRUE,9.62026274460471,13.6051060470126,12.5,0.876146788990826,0.504587155963303
8.5625,0.25,184,TRUE,9.2644475567683,13.101907382676,8.83883476483184,0.885321100917431,0.467889908256881
8.707,0.25,184,TRUE,10.1548715543036,14.3611570762529,12.5,0.935779816513762,0.573394495412844
8.8515,0.25,184,TRUE,9.62491808615209,13.6116896941664,12.5,0.912844036697248,0.527522935779816
8.5625,0.08,185,FALSE,NA,NA,NA,NA,NA
8.707,0.08,185,FALSE,NA,NA,NA,NA,NA
8.8515,0.08,185,FALSE,NA,NA,NA,NA,NA
8.5625,0.15,185,TRUE,9.94087307879984,14.0585175298683,12.5,0.94954128440367,0.509174311926605
8.707,0.15,185,TRUE,10.1283690170212,14.3236768285908,12.5,0.935779816513762,0.568807339449541
8.8515,0.15,185,TRUE,10.1195194137438,14.3111615996143,12.5,0.963302752293578,0.591743119266055
8.5625,0.25,185,TRUE,9.64816110016198,13.6445602798096,12.5,0.922018348623853,0.527522935779816
8.707,0.25,185,TRUE,8.97962142394829,12.6991024027237,8.83883476483184,0.885321100917431,0.440366972477064
8.8515,0.25,185,TRUE,9.80932024971496,13.8724737348079,12.5,0.876146788990826,0.504587155963303
8.5625,0.08,186,FALSE,NA,NA,NA,NA,NA
8.707,0.08,186,FALSE,NA,NA,NA,NA,NA
8.8515,0.08,186,FALSE,NA,NA,NA,NA,NA
8.5625,0.15,186,TRUE,9.23539014837275,13.0608140016356,8.83883476483184,0.908256880733945,0.490825688073394
8.707,0.15,186,TRUE,9.42741463970854,13.3323776415905,8.83883476483184,0.908256880733945,0.481651376146789
8.8515,0.15,186,TRUE,9.592283249351,13.5655370653564,12.5,0.903669724770642,0.545871559633027
8.5625,0.25,186,TRUE,9.05908864930481,12.811486030587,12.5,0.908256880733945,0.509174311926605
8.707,0.25,186,TRUE,9.91831604251781,14.0266170632313,12.5,0.94954128440367,0.545871559633027
8.8515,0.25,186,TRUE,9.1769993196993,12.9782368998074,12.5,0.889908256880734,0.532110091743119
8.5625,0.08,187,FALSE,NA,NA,NA,NA,NA
8.707,0.08,187,FALSE,NA,NA,NA,NA,NA
8.8515,0.08,187,FALSE,NA,NA,NA,NA,NA
8.5625,0.15,187,TRUE,9.81388590984102,13.8789305532794,12.5,0.880733944954128,0.527522935779816
8.707,0.15,187,TRUE,9.78645999899487,13.8401444582003,12.5,0.940366972477064,0.573394495412844
8.8515,0.15,187,TRUE,9.82301086384377,13.8918351869861,12.5,0.903669724770642,0.532110091743119
8.5625,0.25,187,TRUE,9.14276578965051,12.9298233773245,8.83883476483184,0.876146788990826,0.431192660550459
8.707,0.25,187,TRUE,9.86396869623819,13.9497583090437,12.5,0.922018348623853,0.55045871559633
8.8515,0.25,187,TRUE,9.05908864930481,12.811486030587,8.83883476483184,0.903669724770642,0.481651376146789
8.5625,0.08,188,FALSE,NA,NA,NA,NA,NA
8.707,0.08,188,FALSE,NA,NA,NA,NA,NA
8.8515,0.08,188,FALSE,NA,NA,NA,NA,NA
8.5625,0.15,188,TRUE,9.51726913023099,13.4594510807275,12.5,0.922018348623853,0.513761467889908
8.707,0.15,188,TRUE,9.46061821544177,13.3793345887117,12.5,0.935779816513762,0.518348623853211
8.8515,0.15,188,TRUE,9.75895701253351,13.8012493617409,12.5,0.922018348623853,0.504587155963303
8.5625,0.25,188,TRUE,9.36065416145022,13.237964067807,12.5,0.871559633027523,0.504587155963303
8.707,0.25,188,TRUE,10.1062304790368,14.2923682079222,12.5,0.922018348623853,0.555045871559633
8.8515,0.25,188,TRUE,8.58168721782536,12.1363384514925,8.83883476483184,0.857798165137615,0.477064220183486
8.5625,0.08,189,FALSE,NA,NA,NA,NA,NA
8.707,0.08,189,FALSE,NA,NA,NA,NA,NA
8.8515,0.08,189,FALSE,NA,NA,NA,NA,NA
8.5625,0.15,189,TRUE,9.41790640265523,13.3189309637954,8.83883476483184,0.899082568807339,0.481651376146789
8.707,0.15,189,TRUE,9.39409370613435,13.2852547254189,10.6694173824159,0.899082568807339,0.5
8.8515,0.15,189,TRUE,9.36543854927165,13.2447302139518,12.5,0.889908256880734,0.509174311926605
8.5625,0.25,189,TRUE,8.8742408255218,12.5500717312179,8.83883476483184,0.848623853211009,0.454128440366972
8.707,0.25,189,TRUE,9.42266172050565,13.3256559987929,8.83883476483184,0.917431192660551,0.495412844036697
8.8515,0.25,189,TRUE,8.73688400986501,12.3558198596317,8.83883476483184,0.903669724770642,0.435779816513761
8.5625,0.08,190,FALSE,NA,NA,NA,NA,NA
8.707,0.08,190,FALSE,NA,NA,NA,NA,NA
8.8515,0.08,190,FALSE,NA,NA,NA,NA,NA
8.5625,0.15,190,TRUE,10.5401699932325,14.9060513541473,13.9754248593737,0.931192660550459,0.614678899082569
8.707,0.15,190,TRUE,9.34149210622383,13.210864829423,12.5,0.912844036697248,0.541284403669725
8.8515,0.15,190,TRUE,9.33189632340746,13.1972943432225,8.83883476483184,0.899082568807339,0.454128440366972
8.5625,0.25,190,TRUE,9.63887062029896,13.6314215571864,12.5,0.899082568807339,0.522935779816514
8.707,0.25,190,TRUE,8.95464329093515,12.6637779882537,8.83883476483184,0.894495412844037,0.477064220183486
8.8515,0.25,190,TRUE,9.40362602082035,13.2987354541287,8.83883476483184,0.903669724770642,0.495412844036697
8.5625,0.08,191,FALSE,NA,NA,NA,NA,NA
8.707,0.08,191,FALSE,NA,NA,NA,NA,NA
8.8515,0.08,191,FALSE,NA,NA,NA,NA,NA
8.5625,0.15,191,TRUE,9.53137924788288,13.4794058004774,12.5,0.912844036697248,0.522935779816514
8.707,0.15,191,TRUE,9.74517641208984,13.7817606496958,12.5,0.908256880733945,0.509174311926605
8.8515,0.15,191,TRUE,9.71755658400314,13.7427003142252,12.5,0.940366972477064,0.582568807339449
8.5625,0.25,191,TRUE,9.30786358630617,13.1633069204729,12.5,0.908256880733945,0.518348623853211
8.707,0.25,191,TRUE,9.68060756585229,13.6904465116399,12.5,0.926605504587156,0.532110091743119
8.8515,0.25,191,TRUE,9.30786358630617,13.1633069204729,12.5,0.908256880733945,0.509174311926605
8.5625,0.08,192,FALSE,NA,NA,NA,NA,NA
8.707,0.08,192,FALSE,NA,NA,NA,NA,NA
8.8515,0.08,192,FALSE,NA,NA,NA,NA,NA
8.5625,0.15,192,TRUE,10.1504592701264,14.3549171641285,12.5,0.940366972477064,0.577981651376147
8.707,0.15,192,TRUE,10.0751548010964,14.2484205627189,12.5,0.912844036697248,0.532110091743119
8.8515,0.15,192,TRUE,9.30304958878411,13.1564988998879,12.5,0.908256880733945,0.522935779816514
8.5625,0.25,192,TRUE,9.69909966974614,13.7165982957634,12.5,0.889908256880734,0.513761467889908
8.707,0.25,192,TRUE,9.05414238158728,12.8044909516978,8.83883476483184,0.86697247706422,0.472477064220183
8.8515,0.25,192,TRUE,9.02937039978501,12.7694580790661,8.83883476483184,0.917431192660551,0.463302752293578
8.5625,0.08,193,FALSE,NA,NA,NA,NA,NA
8.707,0.08,193,FALSE,NA,NA,NA,NA,NA
8.8515,0.08,193,FALSE,NA,NA,NA,NA,NA
8.5625,0.15,193,TRUE,9.58761206171128,13.558931008444,12.5,0.889908256880734,0.513761467889908
8.707,0.15,193,TRUE,9.56890450815758,13.5324745324895,12.5,0.908256880733945,0.513761467889908
8.8515,0.15,193,TRUE,9.79103631909487,13.8466163521515,12.5,0.922018348623853,0.522935779816514
8.5625,0.25,193,TRUE,8.98460871754243,12.706155500964,8.83883476483184,0.899082568807339,0.477064220183486
8.707,0.25,193,TRUE,9.86396869623819,13.9497583090437,12.5,0.917431192660551,0.527522935779816
8.8515,0.25,193,TRUE,9.65280298693531,13.6511248990394,8.83883476483184,0.903669724770642,0.472477064220183
8.5625,0.08,194,FALSE,NA,NA,NA,NA,NA
8.707,0.08,194,FALSE,NA,NA,NA,NA,NA
8.8515,0.08,194,FALSE,NA,NA,NA,NA,NA
8.5625,0.15,194,TRUE,9.47008356870018,13.3927206196624,10.6694173824159,0.889908256880734,0.5
8.707,0.15,194,TRUE,9.34149210622383,13.210864829423,8.83883476483184,0.908256880733945,0.481651376146789
8.8515,0.15,194,TRUE,9.22082710622728,13.0402187499241,8.83883476483184,0.908256880733945,0.477064220183486
8.5625,0.25,194,TRUE,9.84578625000228,13.9240444469798,12.5,0.889908256880734,0.513761467889908
8.707,0.25,194,TRUE,9.08377958811774,12.846404291124,8.83883476483184,0.899082568807339,0.495412844036697
8.8515,0.25,194,TRUE,9.57826285221151,13.5457092295719,8.83883476483184,0.899082568807339,0.495412844036697
8.5625,0.08,195,FALSE,NA,NA,NA,NA,NA
8.707,0.08,195,FALSE,NA,NA,NA,NA,NA
8.8515,0.08,195,FALSE,NA,NA,NA,NA,NA
8.5625,0.15,195,TRUE,9.0045302690908,12.7343288293473,8.83883476483184,0.885321100917431,0.454128440366972
8.707,0.15,195,TRUE,9.35586732699684,13.2311944616022,8.83883476483184,0.926605504587156,0.486238532110092
8.8515,0.15,195,TRUE,9.67597901786318,13.6839007562996,12.5,0.931192660550459,0.541284403669725
8.5625,0.25,195,TRUE,8.7880072315012,12.4281190130218,8.83883476483184,0.86697247706422,0.477064220183486
8.707,0.25,195,TRUE,9.74057854610516,13.7752582852623,12.5,0.917431192660551,0.518348623853211
8.8515,0.25,195,TRUE,8.99955401545344,12.7272913439635,8.83883476483184,0.889908256880734,0.435779816513761
8.5625,0.08,196,FALSE,NA,NA,NA,NA,NA
8.707,0.08,196,FALSE,NA,NA,NA,NA,NA
8.8515,0.08,196,FALSE,NA,NA,NA,NA,NA
8.5625,0.15,196,TRUE,9.42266172050565,13.3256559987929,12.5,0.917431192660551,0.545871559633027
8.707,0.15,196,TRUE,9.61560514919998,13.5985192124232,12.5,0.899082568807339,0.509174311926605
8.8515,0.15,196,TRUE,10.2383436742796,14.479204480403,12.5,0.935779816513762,0.527522935779816
8.5625,0.25,196,TRUE,9.57358482367743,13.5390934981739,12.5,0.917431192660551,0.513761467889908
8.707,0.25,196,TRUE,9.592283249351,13.5655370653564,12.5,0.903669724770642,0.509174311926605
8.8515,0.25,196,TRUE,9.76354622370301,13.8077394864174,12.5,0.899082568807339,0.527522935779816
8.5625,0.08,197,FALSE,NA,NA,NA,NA,NA
8.707,0.08,197,FALSE,NA,NA,NA,NA,NA
8.8515,0.08,197,FALSE,NA,NA,NA,NA,NA
8.5625,0.15,197,TRUE,9.76813327879455,13.8142265619392,12.5,0.917431192660551,0.541284403669725
8.707,0.15,197,TRUE,9.56890450815758,13.5324745324895,12.5,0.931192660550459,0.536697247706422
8.8515,0.15,197,TRUE,9.83212734920623,13.9047278442269,12.5,0.889908256880734,0.504587155963303
8.5625,0.25,197,TRUE,9.1034841223093,12.874270710618,8.83883476483184,0.903669724770642,0.458715596330275
8.707,0.25,197,TRUE,9.42741463970854,13.3323776415905,12.5,0.931192660550459,0.527522935779816
8.8515,0.25,197,TRUE,9.08377958811774,12.846404291124,12.5,0.912844036697248,0.522935779816514
8.5625,0.08,198,FALSE,NA,NA,NA,NA,NA
8.707,0.08,198,FALSE,NA,NA,NA,NA,NA
8.8515,0.08,198,FALSE,NA,NA,NA,NA,NA
8.5625,0.15,198,TRUE,9.50313806210995,13.4394667325399,12.5,0.903669724770642,0.513761467889908
8.707,0.15,198,TRUE,9.78645999899487,13.8401444582003,8.83883476483184,0.917431192660551,0.486238532110092
8.8515,0.15,198,TRUE,9.63422202074221,13.6248474446472,12.5,0.931192660550459,0.532110091743119
8.5625,0.25,198,TRUE,8.95464329093515,12.6637779882537,8.83883476483184,0.917431192660551,0.426605504587156
8.707,0.25,198,TRUE,9.27411312805309,13.115576564675,8.83883476483184,0.889908256880734,0.490825688073394
8.8515,0.25,198,TRUE,8.74200978561241,12.3630688012114,8.83883476483184,0.880733944954128,0.472477064220183
8.5625,0.08,199,FALSE,NA,NA,NA,NA,NA
8.707,0.08,199,FALSE,NA,NA,NA,NA,NA
8.8515,0.08,199,FALSE,NA,NA,NA,NA,NA
8.5625,0.15,199,TRUE,9.06897309157877,12.8254647429074,12.5,0.876146788990826,0.504587155963303
8.707,0.15,199,TRUE,9.35586732699684,13.2311944616022,8.83883476483184,0.899082568807339,0.458715596330275
8.8515,0.15,199,TRUE,9.488985949921,13.419452623546,8.83883476483184,0.899082568807339,0.435779816513761
8.5625,0.25,199,TRUE,9.09856198941511,12.8673097635232,8.83883476483184,0.908256880733945,0.454128440366972
8.707,0.25,199,TRUE,9.488985949921,13.419452623546,12.5,0.853211009174312,0.513761467889908
8.8515,0.25,199,TRUE,9.94537834668524,14.064888940814,12.5,0.894495412844037,0.536697247706422
8.5625,0.08,200,FALSE,NA,NA,NA,NA,NA
8.707,0.08,200,FALSE,NA,NA,NA,NA,NA
8.8515,0.08,200,FALSE,NA,NA,NA,NA,NA
8.5625,0.15,200,TRUE,9.4984230342523,13.4327986761966,12.5,0.912844036697248,0.518348623853211
8.707,0.15,200,TRUE,9.26928160226122,13.1087437553732,8.83883476483184,0.899082568807339,0.435779816513761
8.8515,0.15,200,TRUE,10.1062304790368,14.2923682079222,12.5,0.894495412844037,0.573394495412844
8.5625,0.25,200,TRUE,9.22082710622728,13.0402187499241,12.5,0.876146788990826,0.504587155963303
8.707,0.25,200,TRUE,9.07391127495129,12.8324483888063,8.83883476483184,0.889908256880734,0.463302752293578
8.8515,0.25,200,TRUE,8.88433092636549,12.5643412886768,8.83883476483184,0.885321100917431,0.472477064220183
8.5625,0.08,201,FALSE,NA,NA,NA,NA,NA
8.707,0.08,201,FALSE,NA,NA,NA,NA,NA
8.8515,0.08,201,FALSE,NA,NA,NA,NA,NA
8.5625,0.15,201,TRUE,9.54546850797263,13.4993310231802,12.5,0.917431192660551,0.541284403669725
8.707,0.15,201,TRUE,9.5829385971091,13.5523217314203,12.5,0.917431192660551,0.504587155963303
8.8515,0.15,201,TRUE,9.61560514919998,13.5985192124232,12.5,0.931192660550459,0.504587155963303
8.5625,0.25,201,TRUE,9.15255986400636,12.9436742901094,8.83883476483184,0.871559633027523,0.472477064220183
8.707,0.25,201,TRUE,8.88937168190658,12.5714699935276,8.83883476483184,0.876146788990826,0.408256880733945
8.8515,0.25,201,TRUE,9.06403221783062,12.8184772922428,12.5,0.903669724770642,0.518348623853211
8.5625,0.08,202,FALSE,NA,NA,NA,NA,NA
8.707,0.08,202,FALSE,NA,NA,NA,NA,NA
8.8515,0.08,202,FALSE,NA,NA,NA,NA,NA
8.5625,0.15,202,TRUE,9.26928160226122,13.1087437553732,12.5,0.935779816513762,0.522935779816514
8.707,0.15,202,TRUE,9.80018254838405,13.8595510736569,8.83883476483184,0.917431192660551,0.495412844036697
8.8515,0.15,202,TRUE,10.3514779780607,14.6392005471798,12.5,0.912844036697248,0.513761467889908
8.5625,0.25,202,TRUE,8.96963851766696,12.6849844412687,8.83883476483184,0.917431192660551,0.495412844036697
8.707,0.25,202,TRUE,9.4984230342523,13.4327986761966,12.5,0.894495412844037,0.527522935779816
8.8515,0.25,202,TRUE,9.43216516388995,13.3390958973162,8.83883476483184,0.894495412844037,0.458715596330275
8.5625,0.08,203,FALSE,NA,NA,NA,NA,NA
8.707,0.08,203,FALSE,NA,NA,NA,NA,NA
8.8515,0.08,203,FALSE,NA,NA,NA,NA,NA
8.5625,0.15,203,TRUE,9.47953947077503,13.4060932846211,12.5,0.917431192660551,0.555045871559633
8.707,0.15,203,TRUE,9.63422202074221,13.6248474446472,12.5,0.912844036697248,0.527522935779816
8.8515,0.15,203,TRUE,9.43216516388995,13.3390958973162,12.5,0.880733944954128,0.513761467889908
8.5625,0.25,203,TRUE,9.40362602082035,13.2987354541287,10.6694173824159,0.885321100917431,0.5
8.707,0.25,203,TRUE,9.4464024024294,13.3592303931494,8.83883476483184,0.912844036697248,0.454128440366972
8.8515,0.25,203,TRUE,9.98583429002754,14.1221022845673,12.5,0.926605504587156,0.568807339449541
8.5625,0.08,204,FALSE,NA,NA,NA,NA,NA
8.707,0.08,204,FALSE,NA,NA,NA,NA,NA
8.8515,0.08,204,FALSE,NA,NA,NA,NA,NA
8.5625,0.15,204,TRUE,9.22082710622728,13.0402187499241,8.83883476483184,0.931192660550459,0.44954128440367
8.707,0.15,204,TRUE,9.76813327879455,13.8142265619392,12.5,0.917431192660551,0.513761467889908
8.8515,0.15,204,TRUE,9.3893239197359,13.2785092288046,8.83883476483184,0.889908256880734,0.495412844036697
8.5625,0.25,204,TRUE,8.73175522514956,12.3485666627286,8.83883476483184,0.926605504587156,0.472477064220183
8.707,0.25,204,TRUE,9.33669544757319,13.2040813297051,8.83883476483184,0.885321100917431,0.486238532110092
8.8515,0.25,204,TRUE,9.13786481594554,12.9228923538421,12.5,0.912844036697248,0.513761467889908
8.5625,0.08,205,FALSE,NA,NA,NA,NA,NA
8.707,0.08,205,FALSE,NA,NA,NA,NA,NA
8.8515,0.08,205,FALSE,NA,NA,NA,NA,NA
8.5625,0.15,205,TRUE,9.10840359530944,12.8812278960545,10.6694173824159,0.894495412844037,0.5
8.707,0.15,205,TRUE,9.89570758812753,13.9946438804083,12.5,0.931192660550459,0.545871559633027
8.8515,0.15,205,TRUE,9.90475716257301,14.0074419113228,12.5,0.926605504587156,0.568807339449541
8.5625,0.25,205,TRUE,9.1916318019972,12.9989303547243,8.83883476483184,0.894495412844037,0.486238532110092
8.707,0.25,205,TRUE,9.42266172050565,13.3256559987929,12.5,0.894495412844037,0.504587155963303
8.8515,0.25,205,TRUE,9.3126750953307,13.1701114217908,8.83883476483184,0.889908256880734,0.495412844036697
8.5625,0.08,206,FALSE,NA,NA,NA,NA,NA
8.707,0.08,206,FALSE,NA,NA,NA,NA,NA
8.8515,0.08,206,FALSE,NA,NA,NA,NA,NA
8.5625,0.15,206,TRUE,8.74713255768148,12.3703134949484,8.83883476483184,0.899082568807339,0.41743119266055
8.707,0.15,206,TRUE,9.81388590984102,13.8789305532794,12.5,0.931192660550459,0.513761467889908
8.8515,0.15,206,TRUE,8.70606598081966,12.3122365849902,8.83883476483184,0.926605504587156,0.44954128440367
8.5625,0.25,206,TRUE,10.1017969493306,14.2860982500825,12.5,0.889908256880734,0.509174311926605
8.707,0.25,206,TRUE,9.24508609870547,13.0745261460962,8.83883476483184,0.940366972477064,0.458715596330275
8.8515,0.25,206,TRUE,9.15255986400636,12.9436742901094,8.83883476483184,0.880733944954128,0.481651376146789
8.5625,0.08,207,FALSE,NA,NA,NA,NA,NA
8.707,0.08,207,FALSE,NA,NA,NA,NA,NA
8.8515,0.08,207,FALSE,NA,NA,NA,NA,NA
8.5625,0.15,207,TRUE,9.49370566468681,13.4261273081784,8.83883476483184,0.876146788990826,0.495412844036697
8.707,0.15,207,TRUE,9.20137386281542,13.0127077092589,12.5,0.899082568807339,0.555045871559633
8.8515,0.15,207,TRUE,9.88211768802619,13.9754248593737,12.5,0.908256880733945,0.532110091743119
8.5625,0.25,207,TRUE,9.39886107193533,13.2919967987915,8.83883476483184,0.876146788990826,0.463302752293578
8.707,0.25,207,TRUE,9.90927885062528,14.0138365438912,12.5,0.908256880733945,0.532110091743119
8.8515,0.25,207,TRUE,9.54077439974287,13.4926925516584,12.5,0.889908256880734,0.532110091743119
8.5625,0.08,208,FALSE,NA,NA,NA,NA,NA
8.707,0.08,208,FALSE,NA,NA,NA,NA,NA
8.8515,0.08,208,FALSE,NA,NA,NA,NA,NA
8.5625,0.15,208,TRUE,9.22082710622728,13.0402187499241,8.83883476483184,0.903669724770642,0.454128440366972
8.707,0.15,208,TRUE,9.74517641208984,13.7817606496958,12.5,0.922018348623853,0.509174311926605
8.8515,0.15,208,TRUE,9.71294564349016,13.7361794596165,12.5,0.912844036697248,0.518348623853211
8.5625,0.25,208,TRUE,9.1034841223093,12.8742707106179,8.83883476483184,0.862385321100917,0.481651376146789
8.707,0.25,208,TRUE,9.3126750953307,13.1701114217908,12.5,0.940366972477064,0.532110091743119
8.8515,0.25,208,TRUE,9.30786358630617,13.1633069204729,8.83883476483184,0.908256880733945,0.477064220183486
8.5625,0.08,209,FALSE,NA,NA,NA,NA,NA
8.707,0.08,209,FALSE,NA,NA,NA,NA,NA
8.8515,0.08,209,FALSE,NA,NA,NA,NA,NA
8.5625,0.15,209,TRUE,10.0350589563231,14.1917164752457,12.5,0.899082568807339,0.536697247706422
8.707,0.15,209,TRUE,9.61094529666114,13.5919291857641,12.5,0.922018348623853,0.536697247706422
8.8515,0.15,209,TRUE,9.45588198575048,13.3726365484478,12.5,0.894495412844037,0.518348623853211
8.5625,0.25,209,TRUE,9.526678197413,13.4727575111455,8.83883476483184,0.917431192660551,0.495412844036697
8.707,0.25,209,TRUE,9.86850907332385,13.9561793718965,12.5,0.922018348623853,0.536697247706422
8.8515,0.25,209,TRUE,9.24993026256876,13.0813768283301,8.83883476483184,0.903669724770642,0.481651376146789
8.5625,0.08,210,FALSE,NA,NA,NA,NA,NA
8.707,0.08,210,FALSE,NA,NA,NA,NA,NA
8.8515,0.08,210,FALSE,NA,NA,NA,NA,NA
8.5625,0.15,210,TRUE,9.78645999899487,13.8401444582003,12.5,0.917431192660551,0.545871559633027
8.707,0.15,210,TRUE,9.81388590984102,13.8789305532794,12.5,0.926605504587156,0.522935779816514
8.8515,0.15,210,TRUE,9.45114338260361,13.3659351516108,12.5,0.885321100917431,0.532110091743119
8.5625,0.25,210,TRUE,9.0442417308605,12.7904893171636,8.83883476483184,0.889908256880734,0.486238532110092
8.707,0.25,210,TRUE,8.87928730919695,12.5572085368736,8.83883476483184,0.899082568807339,0.444954128440367
8.8515,0.25,210,TRUE,9.30304958878411,13.1564988998879,12.5,0.926605504587156,0.522935779816514
8.5625,0.08,211,FALSE,NA,NA,NA,NA,NA
8.707,0.08,211,FALSE,NA,NA,NA,NA,NA
8.8515,0.08,211,FALSE,NA,NA,NA,NA,NA
8.5625,0.15,211,TRUE,9.69447995066066,13.7100650263784,12.5,0.917431192660551,0.541284403669725
8.707,0.15,211,TRUE,9.43216516388995,13.3390958973162,12.5,0.940366972477064,0.532110091743119
8.8515,0.15,211,TRUE,9.4842638864537,13.4127746173482,12.5,0.917431192660551,0.536697247706422
8.5625,0.25,211,TRUE,9.71294564349016,13.7361794596165,12.5,0.885321100917431,0.522935779816514
8.707,0.25,211,TRUE,9.85488166649151,13.9369073083343,12.5,0.931192660550459,0.509174311926605
8.8515,0.25,211,TRUE,9.28859262653129,13.1360536677993,8.83883476483184,0.894495412844037,0.463302752293578
8.5625,0.08,212,FALSE,NA,NA,NA,NA,NA
8.707,0.08,212,FALSE,NA,NA,NA,NA,NA
8.8515,0.08,212,FALSE,NA,NA,NA,NA,NA
8.5625,0.15,212,TRUE,9.80475246355356,13.8660139096685,12.5,0.903669724770642,0.518348623853211
8.707,0.15,212,TRUE,9.80475246355356,13.8660139096685,12.5,0.940366972477064,0.522935779816514
8.8515,0.15,212,TRUE,9.77271818084415,13.8207105925999,12.5,0.958715596330275,0.527522935779816
8.5625,0.25,212,TRUE,9.47008356870018,13.3927206196624,8.83883476483184,0.935779816513762,0.463302752293578
8.707,0.25,212,TRUE,9.69909966974614,13.7165982957634,8.83883476483184,0.894495412844037,0.454128440366972
8.8515,0.25,212,TRUE,9.32709472992086,13.1905038645927,12.5,0.908256880733945,0.513761467889908
8.5625,0.08,213,FALSE,NA,NA,NA,NA,NA
8.707,0.08,213,FALSE,NA,NA,NA,NA,NA
8.8515,0.08,213,FALSE,NA,NA,NA,NA,NA
8.5625,0.15,213,TRUE,9.58761206171128,13.558931008444,12.5,0.94954128440367,0.55045871559633
8.707,0.15,213,TRUE,9.31748411971284,13.1769124092938,12.5,0.889908256880734,0.541284403669725
8.8515,0.15,213,TRUE,9.9228315519903,14.0330029579684,12.5,0.917431192660551,0.532110091743119
8.5625,0.25,213,TRUE,9.29823309889938,13.1496873545699,8.83883476483184,0.912844036697248,0.481651376146789
8.707,0.25,213,TRUE,9.64816110016198,13.6445602798096,10.6694173824159,0.908256880733945,0.5
8.8515,0.25,213,TRUE,10.1504592701264,14.3549171641285,12.5,0.917431192660551,0.541284403669725
8.5625,0.08,214,FALSE,NA,NA,NA,NA,NA
8.707,0.08,214,FALSE,NA,NA,NA,NA,NA
8.8515,0.08,214,FALSE,NA,NA,NA,NA,NA
8.5625,0.15,214,TRUE,9.86396869623819,13.9497583090437,12.5,0.94954128440367,0.573394495412844
8.707,0.15,214,TRUE,10.1813051041531,14.3985397609517,12.5,0.931192660550459,0.536697247706422
8.8515,0.15,214,TRUE,9.41314868252202,13.3122025314571,8.83883476483184,0.908256880733945,0.490825688073394
8.5625,0.25,214,TRUE,8.97962142394829,12.6991024027237,8.83883476483184,0.889908256880734,0.44954128440367
8.707,0.25,214,TRUE,9.83212734920623,13.9047278442269,12.5,0.944954128440367,0.559633027522936
8.8515,0.25,214,TRUE,8.93962291140768,12.642535963814,8.83883476483184,0.880733944954128,0.481651376146789
8.5625,0.08,215,FALSE,NA,NA,NA,NA,NA
8.707,0.08,215,FALSE,NA,NA,NA,NA,NA
8.8515,0.08,215,FALSE,NA,NA,NA,NA,NA
8.5625,0.15,215,TRUE,9.70833251302644,13.7296555079497,12.5,0.908256880733945,0.522935779816514
8.707,0.15,215,TRUE,9.53137924788288,13.4794058004774,8.83883476483184,0.899082568807339,0.486238532110092
8.8515,0.15,215,TRUE,9.81388590984102,13.8789305532794,12.5,0.926605504587156,0.518348623853211
8.5625,0.25,215,TRUE,9.02937039978501,12.7694580790661,12.5,0.931192660550459,0.527522935779816
8.707,0.25,215,TRUE,9.1916318019972,12.9989303547243,8.83883476483184,0.903669724770642,0.44954128440367
8.8515,0.25,215,TRUE,8.99955401545344,12.7272913439635,8.83883476483184,0.876146788990826,0.472477064220183
8.5625,0.08,216,FALSE,NA,NA,NA,NA,NA
8.707,0.08,216,FALSE,NA,NA,NA,NA,NA
8.8515,0.08,216,FALSE,NA,NA,NA,NA,NA
8.5625,0.15,216,TRUE,9.86850907332385,13.9561793718965,12.5,0.903669724770642,0.536697247706422
8.707,0.15,216,TRUE,9.68060756585229,13.6904465116399,12.5,0.894495412844037,0.518348623853211
8.8515,0.15,216,TRUE,9.93185641202041,14.0457660374214,12.5,0.917431192660551,0.532110091743119
8.5625,0.25,216,TRUE,9.85488166649151,13.9369073083343,12.5,0.894495412844037,0.522935779816514
8.707,0.25,216,TRUE,9.19650412240404,13.0058208563239,8.83883476483184,0.880733944954128,0.458715596330275
8.8515,0.25,216,TRUE,9.23053835389639,13.0539525280853,8.83883476483184,0.917431192660551,0.477064220183486
8.5625,0.08,217,FALSE,NA,NA,NA,NA,NA
8.707,0.08,217,FALSE,NA,NA,NA,NA,NA
8.8515,0.08,217,FALSE,NA,NA,NA,NA,NA
8.5625,0.15,217,TRUE,9.53607798085149,13.4860508123676,12.5,0.931192660550459,0.532110091743119
8.707,0.15,217,TRUE,9.97236721135785,14.103056959267,12.5,0.940366972477064,0.504587155963303
8.8515,0.15,217,TRUE,9.50785075174359,13.446131482135,8.83883476483184,0.931192660550459,0.467889908256881
8.5625,0.25,217,TRUE,9.1769993196993,12.9782368998074,8.83883476483184,0.894495412844037,0.495412844036697
8.707,0.25,217,TRUE,9.56422190229452,13.5258523277707,12.5,0.917431192660551,0.527522935779816
8.8515,0.25,217,TRUE,9.43216516388995,13.3390958973162,12.5,0.908256880733945,0.522935779816514
8.5625,0.08,218,FALSE,NA,NA,NA,NA,NA
8.707,0.08,218,FALSE,NA,NA,NA,NA,NA
8.8515,0.08,218,FALSE,NA,NA,NA,NA,NA
8.5625,0.15,218,TRUE,9.24508609870547,13.0745261460962,8.83883476483184,0.889908256880734,0.472477064220183
8.707,0.15,218,TRUE,9.24993026256876,13.0813768283301,8.83883476483184,0.889908256880734,0.454128440366972
8.8515,0.15,218,TRUE,9.55953700272257,13.5192268792577,12.5,0.917431192660551,0.513761467889908
8.5625,0.25,218,TRUE,8.89440958068555,12.5785946583067,8.83883476483184,0.889908256880734,0.458715596330275
8.707,0.25,218,TRUE,9.17211663815137,12.9713317453416,10.6694173824159,0.889908256880734,0.5
8.8515,0.25,218,TRUE,9.68985802908656,13.703528642204,12.5,0.908256880733945,0.522935779816514
8.5625,0.08,219,FALSE,NA,NA,NA,NA,NA
8.707,0.08,219,FALSE,NA,NA,NA,NA,NA
8.8515,0.08,219,FALSE,NA,NA,NA,NA,NA
8.5625,0.15,219,TRUE,9.53607798085149,13.4860508123676,12.5,0.899082568807339,0.545871559633027
8.707,0.15,219,TRUE,9.5829385971091,13.5523217314203,12.5,0.908256880733945,0.518348623853211
8.8515,0.15,219,TRUE,9.56890450815758,13.5324745324895,12.5,0.917431192660551,0.504587155963303
8.5625,0.25,219,TRUE,8.92959528860903,12.6283547636538,8.83883476483184,0.912844036697248,0.490825688073394
8.707,0.25,219,TRUE,9.81388590984102,13.8789305532794,12.5,0.917431192660551,0.522935779816514
8.8515,0.25,219,TRUE,9.34149210622383,13.210864829423,8.83883476483184,0.926605504587156,0.486238532110092
8.5625,0.08,220,FALSE,NA,NA,NA,NA,NA
8.707,0.08,220,FALSE,NA,NA,NA,NA,NA
8.8515,0.08,220,FALSE,NA,NA,NA,NA,NA
8.5625,0.15,220,TRUE,9.76813327879455,13.8142265619392,12.5,0.912844036697248,0.536697247706422
8.707,0.15,220,TRUE,9.80475246355356,13.8660139096685,8.83883476483184,0.912844036697248,0.495412844036697
8.8515,0.15,220,TRUE,10.3167995624132,14.5901578614496,12.5,0.908256880733945,0.55045871559633
8.5625,0.25,220,TRUE,9.68523390187067,13.6969891387812,12.5,0.935779816513762,0.541284403669725
8.707,0.25,220,TRUE,9.61560514919998,13.5985192124232,8.83883476483184,0.885321100917431,0.477064220183486
8.8515,0.25,220,TRUE,9.50785075174359,13.446131482135,12.5,0.908256880733945,0.522935779816514
8.5625,0.08,221,FALSE,NA,NA,NA,NA,NA
8.707,0.08,221,FALSE,NA,NA,NA,NA,NA
8.8515,0.08,221,FALSE,NA,NA,NA,NA,NA
8.5625,0.15,221,TRUE,9.30304958878411,13.1564988998879,8.83883476483184,0.889908256880734,0.477064220183486
8.707,0.15,221,TRUE,9.66671527326175,13.6707998430459,12.5,0.912844036697248,0.522935779816514
8.8515,0.15,221,TRUE,10.9569371850469,15.4954491691635,13.2377124296868,0.954128440366973,0.637614678899083
8.5625,0.25,221,TRUE,9.06897309157877,12.8254647429074,8.83883476483184,0.834862385321101,0.44954128440367
8.707,0.25,221,TRUE,9.21110562001757,13.0264704922799,8.83883476483184,0.917431192660551,0.472477064220183
8.8515,0.25,221,TRUE,9.2789421380799,13.1224058161478,12.5,0.903669724770642,0.522935779816514
8.5625,0.08,222,FALSE,NA,NA,NA,NA,NA
8.707,0.08,222,FALSE,NA,NA,NA,NA,NA
8.8515,0.08,222,FALSE,NA,NA,NA,NA,NA
8.5625,0.15,222,TRUE,9.85488166649151,13.9369073083343,12.5,0.931192660550459,0.545871559633027
8.707,0.15,222,TRUE,9.57826285221151,13.5457092295719,10.6694173824159,0.908256880733945,0.5
8.8515,0.15,222,TRUE,9.87758356634312,13.9690126429961,12.5,0.917431192660551,0.513761467889908
8.5625,0.25,222,TRUE,10.0127141079399,14.1601160876131,12.5,0.908256880733945,0.527522935779816
8.707,0.25,222,TRUE,9.0045302690908,12.7343288293473,8.83883476483184,0.894495412844037,0.444954128440367
8.8515,0.25,222,TRUE,9.32229066329779,13.1837098884198,10.6694173824159,0.857798165137615,0.5
8.5625,0.08,223,FALSE,NA,NA,NA,NA,NA
8.707,0.08,223,FALSE,NA,NA,NA,NA,NA
8.8515,0.08,223,FALSE,NA,NA,NA,NA,NA
8.5625,0.15,223,TRUE,8.97962142394829,12.6991024027237,8.83883476483184,0.931192660550459,0.486238532110092
8.707,0.15,223,TRUE,9.54077439974287,13.4926925516584,12.5,0.917431192660551,0.509174311926605
8.8515,0.15,223,TRUE,9.76354622370301,13.8077394864174,12.5,0.894495412844037,0.513761467889908
8.5625,0.25,223,TRUE,9.77271818084415,13.8207105925999,12.5,0.926605504587156,0.532110091743119
8.707,0.25,223,TRUE,8.80837344011654,12.4569211814598,8.83883476483184,0.889908256880734,0.481651376146789
8.8515,0.25,223,TRUE,10.0395219580809,14.1980281128605,12.5,0.912844036697248,0.513761467889908
8.5625,0.08,224,FALSE,NA,NA,NA,NA,NA
8.707,0.08,224,FALSE,NA,NA,NA,NA,NA
8.8515,0.08,224,FALSE,NA,NA,NA,NA,NA
8.5625,0.15,224,TRUE,9.78188153792604,13.833669536462,12.5,0.885321100917431,0.541284403669725
8.707,0.15,224,TRUE,10.0884846699482,14.2672718440338,8.83883476483184,0.912844036697248,0.495412844036697
8.8515,0.15,224,TRUE,9.83212734920623,13.9047278442269,12.5,0.912844036697248,0.522935779816514
8.5625,0.25,224,TRUE,9.03433023009575,12.7764723383587,8.83883476483184,0.894495412844037,0.412844036697248
8.707,0.25,224,TRUE,9.47008356870018,13.3927206196624,8.83883476483184,0.899082568807339,0.481651376146789
8.8515,0.25,224,TRUE,9.17211663815137,12.9713317453416,8.83883476483184,0.899082568807339,0.477064220183486
8.5625,0.08,225,FALSE,NA,NA,NA,NA,NA
8.707,0.08,225,FALSE,NA,NA,NA,NA,NA
8.8515,0.08,225,FALSE,NA,NA,NA,NA,NA
8.5625,0.15,225,TRUE,9.43216516388995,13.3390958973162,12.5,0.944954128440367,0.513761467889908
8.707,0.15,225,TRUE,9.41790640265523,13.3189309637954,12.5,0.908256880733945,0.509174311926605
8.8515,0.15,225,TRUE,9.44165904164706,13.3525222679998,8.83883476483184,0.862385321100917,0.477064220183486
8.5625,0.25,225,TRUE,8.98959324426015,12.7132046862503,8.83883476483184,0.871559633027523,0.495412844036697
8.707,0.25,225,TRUE,9.4842638864537,13.4127746173482,12.5,0.889908256880734,0.509174311926605
8.8515,0.25,225,TRUE,9.09363719230766,12.8603450486619,8.83883476483184,0.903669724770642,0.458715596330275
8.5625,0.08,226,FALSE,NA,NA,NA,NA,NA
8.707,0.08,226,FALSE,NA,NA,NA,NA,NA
8.8515,0.08,226,FALSE,NA,NA,NA,NA,NA
8.5625,0.15,226,TRUE,10.0840433381591,14.2609908523827,12.5,0.931192660550459,0.555045871559633
8.707,0.15,226,TRUE,9.99031928207493,14.1284450211478,12.5,0.922018348623853,0.559633027522936
8.8515,0.15,226,TRUE,9.26928160226122,13.1087437553732,12.5,0.899082568807339,0.509174311926605
8.5625,0.25,226,TRUE,9.70371718948867,13.7231284548078,12.5,0.894495412844037,0.55045871559633
8.707,0.25,226,TRUE,8.8742408255218,12.5500717312179,8.83883476483184,0.880733944954128,0.481651376146789
8.8515,0.25,226,TRUE,9.26928160226122,13.1087437553732,12.5,0.926605504587156,0.509174311926605
8.5625,0.08,227,FALSE,NA,NA,NA,NA,NA
8.707,0.08,227,FALSE,NA,NA,NA,NA,NA
8.8515,0.08,227,FALSE,NA,NA,NA,NA,NA
8.5625,0.15,227,TRUE,9.72677190763304,13.7557327498843,8.83883476483184,0.885321100917431,0.490825688073394
8.707,0.15,227,TRUE,9.59695216335312,13.5721399068598,12.5,0.917431192660551,0.509174311926605
8.8515,0.15,227,TRUE,10.123945182341,14.3174205815884,12.5,0.963302752293578,0.587155963302752
8.5625,0.25,227,TRUE,9.37022049420886,13.2514929053365,8.83883476483184,0.935779816513762,0.495412844036697
8.707,0.25,227,TRUE,9.15745297307764,12.9505941913202,8.83883476483184,0.862385321100917,0.472477064220183
8.8515,0.25,227,TRUE,9.45588198575048,13.3726365484478,12.5,0.931192660550459,0.513761467889908
8.5625,0.08,228,FALSE,NA,NA,NA,NA,NA
8.707,0.08,228,FALSE,NA,NA,NA,NA,NA
8.8515,0.08,228,FALSE,NA,NA,NA,NA,NA
8.5625,0.15,228,TRUE,9.05908864930481,12.811486030587,8.83883476483184,0.899082568807339,0.472477064220183
8.707,0.15,228,TRUE,9.27411312805309,13.115576564675,10.6694173824159,0.917431192660551,0.5
8.8515,0.15,228,TRUE,9.44165904164706,13.3525222679998,12.5,0.926605504587156,0.522935779816514
8.5625,0.25,228,TRUE,9.05908864930481,12.811486030587,12.5,0.903669724770642,0.536697247706422
8.707,0.25,228,TRUE,9.88211768802619,13.9754248593737,12.5,0.912844036697248,0.522935779816514
8.8515,0.25,228,TRUE,9.90475716257301,14.0074419113228,12.5,0.885321100917431,0.513761467889908
8.5625,0.08,229,FALSE,NA,NA,NA,NA,NA
8.707,0.08,229,FALSE,NA,NA,NA,NA,NA
8.8515,0.08,229,FALSE,NA,NA,NA,NA,NA
8.5625,0.15,229,TRUE,9.68060756585229,13.6904465116399,12.5,0.912844036697248,0.509174311926605
8.707,0.15,229,TRUE,9.5829385971091,13.5523217314203,12.5,0.908256880733945,0.509174311926605
8.8515,0.15,229,TRUE,9.42266172050565,13.3256559987929,12.5,0.912844036697248,0.509174311926605
8.5625,0.25,229,TRUE,9.69447995066066,13.7100650263784,10.6694173824159,0.899082568807339,0.5
8.707,0.25,229,TRUE,9.25477189088384,13.0882239247572,12.5,0.876146788990826,0.504587155963303
8.8515,0.25,229,TRUE,8.81853890621156,12.4712973214792,8.83883476483184,0.894495412844037,0.477064220183486
8.5625,0.08,230,FALSE,NA,NA,NA,NA,NA
8.707,0.08,230,FALSE,NA,NA,NA,NA,NA
8.8515,0.08,230,FALSE,NA,NA,NA,NA,NA
8.5625,0.15,230,TRUE,9.08377958811774,12.846404291124,12.5,0.899082568807339,0.513761467889908
8.707,0.15,230,TRUE,9.63887062029896,13.6314215571864,12.5,0.912844036697248,0.522935779816514
8.8515,0.15,230,TRUE,10.1504592701264,14.3549171641285,12.5,0.926605504587156,0.532110091743119
8.5625,0.25,230,TRUE,8.79310320596919,12.435325809228,8.83883476483184,0.880733944954128,0.477064220183486
8.707,0.25,230,TRUE,9.65744264256824,13.6576863629603,12.5,0.889908256880734,0.541284403669725
8.8515,0.25,230,TRUE,9.44165904164706,13.3525222679998,8.83883476483184,0.903669724770642,0.477064220183486
8.5625,0.08,231,FALSE,NA,NA,NA,NA,NA
8.707,0.08,231,FALSE,NA,NA,NA,NA,NA
8.8515,0.08,231,FALSE,NA,NA,NA,NA,NA
8.5625,0.15,231,TRUE,10.0082391516905,14.1537875437941,12.5,0.926605504587156,0.577981651376147
8.707,0.15,231,TRUE,9.24993026256876,13.0813768283301,8.83883476483184,0.908256880733945,0.477064220183486
8.8515,0.15,231,TRUE,10.3428192747654,14.6269552915471,12.5,0.917431192660551,0.555045871559633
8.5625,0.25,231,TRUE,9.11823457884597,12.8951310063033,12.5,0.922018348623853,0.504587155963303
8.707,0.25,231,TRUE,9.83212734920623,13.9047278442269,12.5,0.917431192660551,0.564220183486238
8.8515,0.25,231,TRUE,9.55484980606779,13.512598182179,8.83883476483184,0.931192660550459,0.495412844036697
8.5625,0.08,232,FALSE,NA,NA,NA,NA,NA
8.707,0.08,232,FALSE,NA,NA,NA,NA,NA
8.8515,0.08,232,FALSE,NA,NA,NA,NA,NA
8.5625,0.15,232,TRUE,9.42266172050565,13.3256559987929,12.5,0.922018348623853,0.509174311926605
8.707,0.15,232,TRUE,9.79561050122672,13.8530852225591,12.5,0.903669724770642,0.568807339449541
8.8515,0.15,232,TRUE,8.87928730919695,12.5572085368736,8.83883476483184,0.885321100917431,0.477064220183486
8.5625,0.25,232,TRUE,8.7009190303368,12.3049576978125,8.83883476483184,0.848623853211009,0.435779816513761
8.707,0.25,232,TRUE,9.84578625000228,13.9240444469798,12.5,0.894495412844037,0.513761467889908
8.8515,0.25,232,TRUE,9.72216533768126,13.7492180761824,12.5,0.894495412844037,0.509174311926605
8.5625,0.08,233,FALSE,NA,NA,NA,NA,NA
8.707,0.08,233,FALSE,NA,NA,NA,NA,NA
8.8515,0.08,233,FALSE,NA,NA,NA,NA,NA
8.5625,0.15,233,TRUE,9.57826285221151,13.5457092295719,12.5,0.944954128440367,0.518348623853211
8.707,0.15,233,TRUE,10.1592819221789,14.3673942783173,12.5,0.926605504587156,0.573394495412844
8.8515,0.15,233,TRUE,10.1017969493306,14.2860982500825,12.5,0.903669724770642,0.559633027522936
8.5625,0.25,233,TRUE,9.13786481594554,12.9228923538421,12.5,0.926605504587156,0.518348623853211
8.707,0.25,233,TRUE,9.40838855646161,13.3054706966238,12.5,0.908256880733945,0.504587155963303
8.8515,0.25,233,TRUE,9.42266172050565,13.3256559987929,10.6694173824159,0.903669724770642,0.5
8.5625,0.08,234,FALSE,NA,NA,NA,NA,NA
8.707,0.08,234,FALSE,NA,NA,NA,NA,NA
8.8515,0.08,234,FALSE,NA,NA,NA,NA,NA
8.5625,0.15,234,TRUE,9.37022049420886,13.2514929053365,8.83883476483184,0.926605504587156,0.444954128440367
8.707,0.15,234,TRUE,9.16234346900599,12.9575103969888,12.5,0.922018348623853,0.513761467889908
8.8515,0.15,234,TRUE,9.55484980606779,13.512598182179,12.5,0.912844036697248,0.522935779816514
8.5625,0.25,234,TRUE,8.67513847283925,12.2684984837539,8.83883476483184,0.908256880733945,0.44954128440367
8.707,0.25,234,TRUE,8.77780640713276,12.4136928688526,8.83883476483184,0.894495412844037,0.467889908256881
8.8515,0.25,234,TRUE,9.60161880703438,13.5787395376446,8.83883476483184,0.908256880733945,0.481651376146789
8.5625,0.08,235,FALSE,NA,NA,NA,NA,NA
8.707,0.08,235,FALSE,NA,NA,NA,NA,NA
8.8515,0.08,235,FALSE,NA,NA,NA,NA,NA
8.5625,0.15,235,TRUE,9.25477189088384,13.0882239247572,8.83883476483184,0.917431192660551,0.463302752293578
8.707,0.15,235,TRUE,8.74713255768148,12.3703134949484,12.5,0.908256880733945,0.513761467889908
8.8515,0.15,235,TRUE,9.74057854610516,13.7752582852623,12.5,0.917431192660551,0.568807339449541
8.5625,0.25,235,TRUE,9.65280298693531,13.6511248990394,10.6694173824159,0.917431192660551,0.5
8.707,0.25,235,TRUE,9.30786358630617,13.1633069204729,12.5,0.926605504587156,0.532110091743119
8.8515,0.25,235,TRUE,9.50785075174359,13.446131482135,12.5,0.880733944954128,0.518348623853211
8.5625,0.08,236,FALSE,NA,NA,NA,NA,NA
8.707,0.08,236,FALSE,NA,NA,NA,NA,NA
8.8515,0.08,236,FALSE,NA,NA,NA,NA,NA
8.5625,0.15,236,TRUE,9.94537834668524,14.064888940814,12.5,0.935779816513762,0.591743119266055
8.707,0.15,236,TRUE,9.76813327879455,13.8142265619392,12.5,0.912844036697248,0.509174311926605
8.8515,0.15,236,TRUE,10.6795013391643,15.1030956332277,12.5,0.940366972477064,0.587155963302752
8.5625,0.25,236,TRUE,8.99955401545344,12.7272913439635,12.5,0.912844036697248,0.504587155963303
8.707,0.25,236,TRUE,9.14766413759884,12.9367506874263,12.5,0.876146788990826,0.504587155963303
8.8515,0.25,236,TRUE,10.0216580258536,14.1727646976273,12.5,0.880733944954128,0.532110091743119
8.5625,0.08,237,FALSE,NA,NA,NA,NA,NA
8.707,0.08,237,FALSE,NA,NA,NA,NA,NA
8.8515,0.08,237,FALSE,NA,NA,NA,NA,NA
8.5625,0.15,237,TRUE,9.85942622825785,13.9433342892193,12.5,0.922018348623853,0.518348623853211
8.707,0.15,237,TRUE,9.5829385971091,13.5523217314203,12.5,0.935779816513762,0.568807339449541
8.8515,0.15,237,TRUE,9.52197482600936,13.4661059395176,12.5,0.899082568807339,0.532110091743119
8.5625,0.25,237,TRUE,8.67513847283925,12.2684984837539,8.83883476483184,0.880733944954128,0.458715596330275
8.707,0.25,237,TRUE,8.94463250715609,12.6496206020634,8.83883476483184,0.899082568807339,0.467889908256881
8.8515,0.25,237,TRUE,9.77730093288072,13.827191582683,12.5,0.917431192660551,0.513761467889908
8.5625,0.08,238,FALSE,NA,NA,NA,NA,NA
8.707,0.08,238,FALSE,NA,NA,NA,NA,NA
8.8515,0.08,238,FALSE,NA,NA,NA,NA,NA
8.5625,0.15,238,TRUE,9.17211663815137,12.9713317453416,8.83883476483184,0.894495412844037,0.490825688073394
8.707,0.15,238,TRUE,9.29341411277683,13.1428722790385,8.83883476483184,0.912844036697248,0.486238532110092
8.8515,0.15,238,TRUE,9.88664973031351,13.9818341350417,12.5,0.912844036697248,0.504587155963303
8.5625,0.25,238,TRUE,9.25961098762803,13.0950674410025,8.83883476483184,0.880733944954128,0.477064220183486
8.707,0.25,238,TRUE,9.53607798085149,13.4860508123676,12.5,0.935779816513762,0.513761467889908
8.8515,0.25,238,TRUE,9.39409370613435,13.2852547254189,8.83883476483184,0.931192660550459,0.481651376146789
8.5625,0.08,239,FALSE,NA,NA,NA,NA,NA
8.707,0.08,239,FALSE,NA,NA,NA,NA,NA
8.8515,0.08,239,FALSE,NA,NA,NA,NA,NA
8.5625,0.15,239,TRUE,9.9228315519903,14.0330029579684,12.5,0.917431192660551,0.545871559633027
8.707,0.15,239,TRUE,9.42741463970854,13.3323776415905,12.5,0.908256880733945,0.504587155963303
8.8515,0.15,239,TRUE,10.2863600453052,14.5471098835234,12.5,0.894495412844037,0.582568807339449
8.5625,0.25,239,TRUE,8.74200978561241,12.3630688012114,8.83883476483184,0.885321100917431,0.472477064220183
8.707,0.25,239,TRUE,9.21110562001757,13.0264704922799,8.83883476483184,0.917431192660551,0.467889908256881
8.8515,0.25,239,TRUE,9.55953700272257,13.5192268792577,12.5,0.894495412844037,0.518348623853211
8.5625,0.08,240,FALSE,NA,NA,NA,NA,NA
8.707,0.08,240,FALSE,NA,NA,NA,NA,NA
8.8515,0.08,240,FALSE,NA,NA,NA,NA,NA
8.5625,0.15,240,TRUE,9.66208007027491,13.6642446761176,12.5,0.917431192660551,0.541284403669725
8.707,0.15,240,TRUE,9.24023939530621,13.0676718724162,12.5,0.917431192660551,0.518348623853211
8.8515,0.15,240,TRUE,9.50313806210995,13.4394667325399,8.83883476483184,0.912844036697248,0.486238532110092
8.5625,0.25,240,TRUE,9.51726913023099,13.4594510807275,8.83883476483184,0.908256880733945,0.495412844036697
8.707,0.25,240,TRUE,8.79310320596919,12.435325809228,8.83883476483184,0.871559633027523,0.431192660550459
8.8515,0.25,240,TRUE,9.526678197413,13.4727575111455,8.83883476483184,0.922018348623853,0.486238532110092
8.5625,0.08,241,FALSE,NA,NA,NA,NA,NA
8.707,0.08,241,FALSE,NA,NA,NA,NA,NA
8.8515,0.08,241,FALSE,NA,NA,NA,NA,NA
8.5625,0.15,241,TRUE,9.87758356634312,13.9690126429961,12.5,0.922018348623853,0.522935779816514
8.707,0.15,241,TRUE,9.24023939530621,13.0676718724162,8.83883476483184,0.926605504587156,0.495412844036697
8.8515,0.15,241,TRUE,10.4376699568649,14.7610944125726,12.5,0.917431192660551,0.591743119266055
8.5625,0.25,241,TRUE,9.43216516388995,13.3390958973162,12.5,0.903669724770642,0.504587155963303
8.707,0.25,241,TRUE,9.3797770703737,13.2650079449587,8.83883476483184,0.86697247706422,0.490825688073394
8.8515,0.25,241,TRUE,9.3893239197359,13.2785092288046,8.83883476483184,0.917431192660551,0.486238532110092
8.5625,0.08,242,FALSE,NA,NA,NA,NA,NA
8.707,0.08,242,FALSE,NA,NA,NA,NA,NA
8.8515,0.08,242,FALSE,NA,NA,NA,NA,NA
8.5625,0.15,242,TRUE,8.78290830027327,12.4209080353257,8.83883476483184,0.86697247706422,0.454128440366972
8.707,0.15,242,TRUE,9.72677190763304,13.7557327498843,8.83883476483184,0.899082568807339,0.490825688073394
8.8515,0.15,242,TRUE,9.41790640265523,13.3189309637954,12.5,0.935779816513762,0.522935779816514
8.5625,0.25,242,TRUE,8.68030070981668,12.2757989892996,8.83883476483184,0.86697247706422,0.435779816513761
8.707,0.25,242,TRUE,9.39409370613435,13.2852547254189,12.5,0.912844036697248,0.522935779816514
8.8515,0.25,242,TRUE,9.47953947077503,13.4060932846211,10.6694173824159,0.903669724770642,0.5
8.5625,0.08,243,FALSE,NA,NA,NA,NA,NA
8.707,0.08,243,FALSE,NA,NA,NA,NA,NA
8.8515,0.08,243,FALSE,NA,NA,NA,NA,NA
8.5625,0.15,243,TRUE,9.14276578965051,12.9298233773245,8.83883476483184,0.880733944954128,0.490825688073394
8.707,0.15,243,TRUE,10.0350589563231,14.1917164752457,12.5,0.94954128440367,0.573394495412844
8.8515,0.15,243,TRUE,9.92734500755779,14.0393859480451,10.6694173824159,0.922018348623853,0.5
8.5625,0.25,243,TRUE,9.23539014837275,13.0608140016356,8.83883476483184,0.885321100917431,0.490825688073394
8.707,0.25,243,TRUE,8.39699972357974,11.8751508923296,8.83883476483184,0.903669724770642,0.422018348623853
8.8515,0.25,243,TRUE,9.68523390187067,13.6969891387812,12.5,0.908256880733945,0.536697247706422
8.5625,0.08,244,FALSE,NA,NA,NA,NA,NA
8.707,0.08,244,FALSE,NA,NA,NA,NA,NA
8.8515,0.08,244,FALSE,NA,NA,NA,NA,NA
8.5625,0.15,244,TRUE,9.61560514919998,13.5985192124232,10.6694173824159,0.903669724770642,0.5
8.707,0.15,244,TRUE,9.58761206171128,13.558931008444,12.5,0.94954128440367,0.532110091743119
8.8515,0.15,244,TRUE,9.74517641208984,13.7817606496958,12.5,0.944954128440367,0.55045871559633
8.5625,0.25,244,TRUE,9.22082710622728,13.0402187499241,8.83883476483184,0.912844036697248,0.481651376146789
8.707,0.25,244,TRUE,9.85488166649151,13.9369073083343,8.83883476483184,0.912844036697248,0.495412844036697
8.8515,0.25,244,TRUE,9.74977210978085,13.788259947699,12.5,0.926605504587156,0.559633027522936
8.5625,0.08,245,FALSE,NA,NA,NA,NA,NA
8.707,0.08,245,FALSE,NA,NA,NA,NA,NA
8.8515,0.08,245,FALSE,NA,NA,NA,NA,NA
8.5625,0.15,245,TRUE,9.85488166649151,13.9369073083343,12.5,0.912844036697248,0.532110091743119
8.707,0.15,245,TRUE,9.81388590984102,13.8789305532794,12.5,0.908256880733945,0.522935779816514
8.8515,0.15,245,TRUE,9.45114338260361,13.3659351516108,12.5,0.935779816513762,0.509174311926605
8.5625,0.25,245,TRUE,9.65280298693531,13.6511248990394,12.5,0.912844036697248,0.522935779816514
8.707,0.25,245,TRUE,9.77730093288072,13.827191582683,8.83883476483184,0.931192660550459,0.495412844036697
8.8515,0.25,245,TRUE,9.4984230342523,13.4327986761966,12.5,0.894495412844037,0.527522935779816
8.5625,0.08,246,FALSE,NA,NA,NA,NA,NA
8.707,0.08,246,FALSE,NA,NA,NA,NA,NA
8.8515,0.08,246,FALSE,NA,NA,NA,NA,NA
8.5625,0.15,246,TRUE,9.82301086384377,13.8918351869861,12.5,0.903669724770642,0.555045871559633
8.707,0.15,246,TRUE,9.33189632340746,13.1972943432225,12.5,0.917431192660551,0.527522935779816
8.8515,0.15,246,TRUE,9.6062831837035,13.5853359623901,12.5,0.908256880733945,0.522935779816514
8.5625,0.25,246,TRUE,8.83883476483184,12.5,8.83883476483184,0.899082568807339,0.467889908256881
8.707,0.25,246,TRUE,8.96464289571573,12.6779195649528,8.83883476483184,0.912844036697248,0.477064220183486
8.8515,0.25,246,TRUE,9.25477189088384,13.0882239247572,12.5,0.857798165137615,0.527522935779816
8.5625,0.08,247,FALSE,NA,NA,NA,NA,NA
8.707,0.08,247,FALSE,NA,NA,NA,NA,NA
8.8515,0.08,247,FALSE,NA,NA,NA,NA,NA
8.5625,0.15,247,TRUE,10.0216580258536,14.1727646976273,12.5,0.931192660550459,0.532110091743119
8.707,0.15,247,TRUE,9.89570758812753,13.9946438804083,12.5,0.931192660550459,0.564220183486238
8.8515,0.15,247,TRUE,10.2164434488289,14.4482328845516,12.5,0.935779816513762,0.522935779816514
8.5625,0.25,247,TRUE,9.1329612122568,12.915957611001,8.83883476483184,0.917431192660551,0.44954128440367
8.707,0.25,247,TRUE,8.97962142394829,12.6991024027237,12.5,0.912844036697248,0.527522935779816
8.8515,0.25,247,TRUE,9.28376863626745,13.1292315153434,8.83883476483184,0.885321100917431,0.472477064220183
8.5625,0.08,248,FALSE,NA,NA,NA,NA,NA
8.707,0.08,248,FALSE,NA,NA,NA,NA,NA
8.8515,0.08,248,FALSE,NA,NA,NA,NA,NA
8.5625,0.15,248,TRUE,9.80018254838405,13.8595510736569,12.5,0.912844036697248,0.541284403669725
8.707,0.15,248,TRUE,10.1283690170212,14.3236768285908,12.5,0.917431192660551,0.582568807339449
8.8515,0.15,248,TRUE,9.71294564349016,13.7361794596165,12.5,0.912844036697248,0.532110091743119
8.5625,0.25,248,TRUE,9.03433023009575,12.7764723383587,8.83883476483184,0.876146788990826,0.472477064220183
8.707,0.25,248,TRUE,9.80475246355356,13.8660139096685,12.5,0.912844036697248,0.545871559633027
8.8515,0.25,248,TRUE,9.3126750953307,13.1701114217908,8.83883476483184,0.917431192660551,0.467889908256881
8.5625,0.08,249,FALSE,NA,NA,NA,NA,NA
8.707,0.08,249,FALSE,NA,NA,NA,NA,NA
8.8515,0.08,249,FALSE,NA,NA,NA,NA,NA
8.5625,0.15,249,TRUE,9.58761206171128,13.558931008444,12.5,0.889908256880734,0.504587155963303
8.707,0.15,249,TRUE,9.93636576817194,14.0521432300485,12.5,0.912844036697248,0.504587155963303
8.8515,0.15,249,TRUE,9.90927885062528,14.0138365438912,10.6694173824159,0.908256880733945,0.5
8.5625,0.25,249,TRUE,10.0350589563231,14.1917164752457,12.5,0.922018348623853,0.559633027522936
8.707,0.25,249,TRUE,8.97962142394829,12.6991024027237,10.6694173824159,0.894495412844037,0.5
8.8515,0.25,249,TRUE,9.488985949921,13.419452623546,12.5,0.894495412844037,0.536697247706422
8.5625,0.08,250,FALSE,NA,NA,NA,NA,NA
8.707,0.08,250,FALSE,NA,NA,NA,NA,NA
8.8515,0.08,250,FALSE,NA,NA,NA,NA,NA
8.5625,0.15,250,TRUE,9.68523390187067,13.6969891387812,12.5,0.894495412844037,0.541284403669725
8.707,0.15,250,TRUE,9.73597850875482,13.7687528500541,12.5,0.926605504587156,0.600917431192661
8.8515,0.15,250,TRUE,10.3428192747654,14.6269552915471,12.5,0.935779816513762,0.596330275229358
8.5625,0.25,250,TRUE,9.1769993196993,12.9782368998074,8.83883476483184,0.908256880733945,0.458715596330275
8.707,0.25,250,TRUE,9.2644475567683,13.101907382676,8.83883476483184,0.885321100917431,0.463302752293578
8.8515,0.25,250,TRUE,8.98460871754243,12.706155500964,8.83883476483184,0.903669724770642,0.467889908256881
