"family","orientation","replicate","sigma_true","method","success","sigma_hat","sigma_se","lcl","ucl","error","relative_bias","covered95","relative_ci_width"
"stationary_null","NONE",1,6.25,"CHECK",TRUE,5.78266681147361,0.568019756342143,4.7721819094863,7.0071166788606,"",-0.074773310164223,TRUE,0.357589563099888
"stationary_null","NONE",1,6.25,"FIRST",TRUE,5.80974444166589,0.786932875956331,4.46051473487458,7.56709314590277,"",-0.0704408893334575,TRUE,0.497052545764511
"stationary_null","NONE",1,6.25,"LAST",TRUE,6.87433507268118,0.974756215485625,5.21354977641002,9.06416639682201,"",0.0998936116289893,TRUE,0.616098659265919
"stationary_null","NONE",2,6.25,"CHECK",TRUE,5.64462216974945,0.463181287077506,4.80734070574963,6.62773067053892,"",-0.0968604528400877,TRUE,0.291262394366286
"stationary_null","NONE",2,6.25,"FIRST",TRUE,6.18110690116556,0.749013868978463,4.87859838968764,7.83136455839373,"",-0.0110228958135106,TRUE,0.472442586992975
"stationary_null","NONE",2,6.25,"LAST",TRUE,6.38174881552928,0.806845630230696,4.98595686091503,8.16828526210615,"",0.021079810484684,TRUE,0.509172544190578
"stationary_null","NONE",3,6.25,"CHECK",TRUE,6.44317690768994,0.428107098837128,5.65725213065489,7.33828503750691,"",0.0309083052303903,TRUE,0.268965265096324
"stationary_null","NONE",3,6.25,"FIRST",TRUE,7.291225651219,0.892874094198915,5.74051876575258,9.26083053924559,"",0.16659610419504,TRUE,0.563249883758881
"stationary_null","NONE",3,6.25,"LAST",TRUE,5.98237837279975,0.633596960457126,4.86378020085278,7.35823773226168,"",-0.0428194603520399,TRUE,0.399113205025424
"stationary_null","NONE",4,6.25,"CHECK",TRUE,6.45409052059356,0.6071748670429,5.36949904119501,7.75775991920933,"",0.0326544832949689,TRUE,0.38212174048229
"stationary_null","NONE",4,6.25,"FIRST",TRUE,6.43192798327972,0.929660408942654,4.85227367751679,8.52583764468705,"",0.0291084773247552,TRUE,0.587770234747241
"stationary_null","NONE",4,6.25,"LAST",TRUE,6.59978747607149,0.939058891690148,5.00059934069096,8.71039484704879,"",0.0559659961714389,TRUE,0.593567281017253
"stationary_null","NONE",5,6.25,"CHECK",TRUE,6.50279670856793,0.548202643294604,5.51402441367779,7.66887519178708,"",0.0404474733708692,TRUE,0.344776124497487
"stationary_null","NONE",5,6.25,"FIRST",TRUE,7.68624632570472,1.02772198000099,5.9211304939991,9.97755118541696,"",0.229799412112755,TRUE,0.649027310626858
"stationary_null","NONE",5,6.25,"LAST",TRUE,7.6845041780644,1.03783167294694,5.90440057854818,10.0012869515044,"",0.229520668490304,TRUE,0.655501819673
"stationary_null","NONE",6,6.25,"CHECK",TRUE,7.26356629866208,0.567765199879761,6.23327133493316,8.46415831112305,"",0.162170607785933,TRUE,0.356941916190382
"stationary_null","NONE",6,6.25,"FIRST",TRUE,6.89708363262809,0.780546171251666,5.5289280175773,8.60379489192749,"",0.103533381220495,TRUE,0.49197869989603
"stationary_null","NONE",6,6.25,"LAST",TRUE,9.05570383683038,1.28155134109892,6.87160143248275,11.9340117127188,"",0.448912613892861,FALSE,0.80998564483777
"stationary_null","NONE",7,6.25,"CHECK",TRUE,6.24799615851788,0.746813574255173,4.94718932625874,7.89083526471299,"",-0.000320614637139585,TRUE,0.47098335015268
"stationary_null","NONE",7,6.25,"FIRST",TRUE,5.39433589497373,0.791918768039193,4.05174741698726,7.18180497278849,"",-0.136906256804204,TRUE,0.500809208928197
"stationary_null","NONE",7,6.25,"LAST",TRUE,6.50050776897769,1.15195926487249,4.60542604865917,9.17539459065725,"",0.0400812430364311,TRUE,0.731194966719693
"stationary_null","NONE",8,6.25,"CHECK",TRUE,6.39004742738709,0.551792165927015,5.39681781183841,7.56607088619631,"",0.0224075883819337,TRUE,0.347080491897264
"stationary_null","NONE",8,6.25,"FIRST",TRUE,7.07003915003168,1.00519467253085,5.35803802073852,9.32905914245286,"",0.131206264005069,TRUE,0.635363379474295
"stationary_null","NONE",8,6.25,"LAST",TRUE,7.48451505165838,1.11135512657783,5.6035025451599,9.99695549471769,"",0.197522408265341,TRUE,0.702952471929247
"stationary_null","NONE",9,6.25,"CHECK",TRUE,6.07043654876703,0.531568034810368,5.11476067998639,7.20467724654218,"",-0.0287301521972752,TRUE,0.334386650648927
"stationary_null","NONE",9,6.25,"FIRST",TRUE,4.81906264268972,0.608962149809138,3.76552884113866,6.16735808804617,"",-0.228949977169645,FALSE,0.384292679505202
"stationary_null","NONE",9,6.25,"LAST",TRUE,6.83619409243936,0.92070640146745,5.25640008001622,8.89079007649634,"",0.093791054790297,TRUE,0.581502399436819
"stationary_null","NONE",10,6.25,"CHECK",TRUE,7.37326385205805,0.773268483273124,6.00667756210776,9.05076379911245,"",0.179722216329288,TRUE,0.487053797920751
"stationary_null","NONE",10,6.25,"FIRST",TRUE,7.80075217151951,1.24658223096491,5.71437414266693,10.6488887360579,"",0.248120347443122,TRUE,0.789522334942556
"stationary_null","NONE",10,6.25,"LAST",TRUE,7.23203455870074,1.10471185676607,5.37014857555259,9.73945564492318,"",0.157125529392119,TRUE,0.699089131099294
"stationary_null","NONE",11,6.25,"CHECK",TRUE,6.15245460051714,0.620397057421747,5.05164157852579,7.49314792489118,"",-0.0156072639172577,TRUE,0.390641015418463
"stationary_null","NONE",11,6.25,"FIRST",TRUE,4.47657851279393,0.639426503595755,3.38825037299728,5.91448475617843,"",-0.283747437952971,FALSE,0.404197501308983
"stationary_null","NONE",11,6.25,"LAST",TRUE,6.24183854430723,0.985132019775697,4.58981579968306,8.48847755848714,"",-0.00130583291084363,TRUE,0.623785881408653
"stationary_null","NONE",12,6.25,"CHECK",TRUE,5.66379824686155,0.645147617856274,4.53379699649986,7.075440432361,"",-0.0937922805021519,TRUE,0.406662949737781
"stationary_null","NONE",12,6.25,"FIRST",TRUE,6.23499988119291,1.00546128102008,4.55460819554351,8.53536063903661,"",-0.00240001900913427,TRUE,0.636920390958895
"stationary_null","NONE",12,6.25,"LAST",TRUE,5.09564878231944,0.79839562309263,3.75525535390607,6.91447959344366,"",-0.18469619482889,TRUE,0.505475878326015
"stationary_null","NONE",13,6.25,"CHECK",TRUE,5.55895338615705,0.579352537110233,4.53440737570652,6.81499481388173,"",-0.110567458214871,TRUE,0.364893990108033
"stationary_null","NONE",13,6.25,"FIRST",TRUE,6.64763082426528,1.08525305377506,4.8374613978076,9.13516242129596,"",0.0636209318824442,TRUE,0.687632163758136
"stationary_null","NONE",13,6.25,"LAST",TRUE,6.49355730149472,0.913984893544067,4.93470253109202,8.54484868380999,"",0.0389691682391556,TRUE,0.577623384434875
"stationary_null","NONE",14,6.25,"CHECK",TRUE,7.03498557917679,0.640690930138988,5.88711501476541,8.40666811759198,"",0.125597692668287,TRUE,0.403128496452252
"stationary_null","NONE",14,6.25,"FIRST",TRUE,7.29130113935262,1.03268423476444,5.53153230790359,9.61091237391202,"",0.166608182296419,TRUE,0.652700810561349
"stationary_null","NONE",14,6.25,"LAST",TRUE,7.48241379576766,1.06524839396203,5.66847391554843,9.87682347051562,"",0.197186207322826,TRUE,0.67333592879475
"stationary_null","NONE",15,6.25,"CHECK",TRUE,7.44424826445641,0.570337878890898,6.40769459256873,8.64848213695008,"",0.191079722313026,FALSE,0.358526007101015
"stationary_null","NONE",15,6.25,"FIRST",TRUE,8.1622397619,1.13474269119386,6.22355106699865,10.7048463511476,"",0.305958361903999,TRUE,0.717007245463832
"stationary_null","NONE",15,6.25,"LAST",TRUE,7.61084751484555,0.98410473245849,5.91324816961616,9.79580058754591,"",0.217735602375288,TRUE,0.62120838686876
"stationary_null","NONE",16,6.25,"CHECK",TRUE,4.98097854070123,0.542004834472575,4.02683347741788,6.16120516581061,"",-0.203043433487804,FALSE,0.341499470142836
"stationary_null","NONE",16,6.25,"FIRST",TRUE,4.37074155511578,0.621210045803937,3.31267554607239,5.76675302966676,"",-0.300681351181475,FALSE,0.392652397375099
"stationary_null","NONE",16,6.25,"LAST",TRUE,5.37532381788151,0.797888139458622,4.02479716069528,7.1790216981004,"",-0.139948189138958,TRUE,0.50467592598482
"stationary_null","NONE",17,6.25,"CHECK",TRUE,6.13992492224306,0.617556368470549,5.04387344741286,7.47415224506042,"",-0.0176120124411106,TRUE,0.38884460762361
"stationary_null","NONE",17,6.25,"FIRST",TRUE,6.41257585405764,0.888712712782154,4.89357154076406,8.40309143158509,"",0.0260121366492226,TRUE,0.561523182531365
"stationary_null","NONE",17,6.25,"LAST",TRUE,6.3532038430802,0.881965281815049,4.84608048144779,8.32904018541399,"",0.0165126148928317,TRUE,0.557273552634593
"stationary_null","NONE",18,6.25,"CHECK",TRUE,5.39268068504127,0.440963267142392,4.59533620369162,6.32837374280803,"",-0.137171090393397,TRUE,0.277286006258626
"stationary_null","NONE",18,6.25,"FIRST",TRUE,6.028861050907,0.78952967131154,4.66913980190997,7.78455285409856,"",-0.0353822318548798,TRUE,0.498466088350174
"stationary_null","NONE",18,6.25,"LAST",TRUE,3.88611076419062,0.488039693328727,3.04112603563511,4.96587668337275,"",-0.378222277729501,FALSE,0.307960103638022
"stationary_null","NONE",19,6.25,"CHECK",TRUE,5.86219957388055,0.653221250259701,4.71524431813454,7.28814490308343,"",-0.0620480681791116,TRUE,0.411664093591824
"stationary_null","NONE",19,6.25,"FIRST",TRUE,5.65857891454329,0.890605140184835,4.16442720926656,7.68881618602074,"",-0.0946273736730737,TRUE,0.563902236280669
"stationary_null","NONE",19,6.25,"LAST",TRUE,6.50397162333359,1.16039644326441,4.59727942998728,9.20145218957152,"",0.0406354597333744,TRUE,0.736667641533479
"stationary_null","NONE",20,6.25,"CHECK",TRUE,6.15413014901298,0.459230348206467,5.31786010126033,7.12190940901483,"",-0.0153391761579238,TRUE,0.288647889240721
"stationary_null","NONE",20,6.25,"FIRST",TRUE,5.9455438128209,0.618890543613556,4.85094027891964,7.28714212042322,"",-0.0487129899486561,TRUE,0.389792294640573
"stationary_null","NONE",20,6.25,"LAST",TRUE,6.6682837438868,0.748660818184294,5.35484837808179,8.3038780838298,"",0.0669253990218877,TRUE,0.471844752919682
"stationary_null","NONE",21,6.25,"CHECK",TRUE,6.33665789368968,0.465916893691361,5.48729252930265,7.31749456535036,"",0.0138652629903493,TRUE,0.292832325767633
"stationary_null","NONE",21,6.25,"FIRST",TRUE,6.76049298926465,0.769301301529857,5.41288006135523,8.44361318555678,"",0.0816788782823434,TRUE,0.484917299872248
"stationary_null","NONE",21,6.25,"LAST",TRUE,6.57877069037845,0.751993637655241,5.26214496087488,8.22482545015004,"",0.0526033104605519,TRUE,0.474028878284025
"stationary_null","NONE",22,6.25,"CHECK",TRUE,6.1399076079008,0.808668123886355,4.74825894413576,7.93942914173137,"",-0.0176147827358727,TRUE,0.510587231615298
"stationary_null","NONE",22,6.25,"FIRST",TRUE,6.73056996257204,1.29257621076419,4.63511181989525,9.7733504133889,"",0.0768911940115264,TRUE,0.822118174958985
"stationary_null","NONE",22,6.25,"LAST",TRUE,5.97390048765868,1.06971631426458,4.21734027365135,8.46208385399042,"",-0.044175921974611,TRUE,0.679158972854251
"stationary_null","NONE",23,6.25,"CHECK",TRUE,6.32993751907629,0.51729816098578,5.39452055355862,7.42755701782947,"",0.0127900030522065,TRUE,0.325285834283336
"stationary_null","NONE",23,6.25,"FIRST",TRUE,6.26171419940272,0.766335317128304,4.93067645203776,7.95206602915452,"",0.00187427190443501,TRUE,0.483422332338681
"stationary_null","NONE",23,6.25,"LAST",TRUE,5.68314479171981,0.69762237049768,4.4718961944712,7.22246969050478,"",-0.0906968333248311,TRUE,0.440091759365373
"stationary_null","NONE",24,6.25,"CHECK",TRUE,6.17180336691214,0.458011062225637,5.3374142813137,7.13663110865971,"",-0.0125114612940582,TRUE,0.287874692375361
"stationary_null","NONE",24,6.25,"FIRST",TRUE,6.95920041646818,0.963527164990314,5.31210102063698,9.11700855243967,"",0.113472066634909,TRUE,0.608785205088431
"stationary_null","NONE",24,6.25,"LAST",TRUE,6.64678444520572,0.825972265795201,5.21483746456126,8.47193105466149,"",0.0634855112329153,TRUE,0.521134974416036
"stationary_null","NONE",25,6.25,"CHECK",TRUE,6.14990790439272,0.567600474837556,5.13421708963552,7.36653058727537,"",-0.0160147352971654,TRUE,0.357170159622375
"stationary_null","NONE",25,6.25,"FIRST",TRUE,6.21653132685092,0.837107912410158,4.78014735524119,8.08453356471245,"",-0.00535498770385303,TRUE,0.528701793515401
"stationary_null","NONE",25,6.25,"LAST",TRUE,6.09044749316769,0.850086684170956,4.63888520105643,7.99622087189939,"",-0.0255284010931699,TRUE,0.537173707334873
"stationary_null","NONE",26,6.25,"CHECK",TRUE,5.74228197598457,0.418898658775142,4.97819446628912,6.62364688945082,"",-0.081234883842469,TRUE,0.263272387705871
"stationary_null","NONE",26,6.25,"FIRST",TRUE,6.05490347657334,0.661527889244256,4.89085765492801,7.49599736841239,"",-0.0312154437482653,TRUE,0.416822354157501
"stationary_null","NONE",26,6.25,"LAST",TRUE,5.81900032376385,0.599704629531023,4.75724351805577,7.1177278689745,"",-0.0689599481977837,TRUE,0.377677496146997
"stationary_null","NONE",27,6.25,"CHECK",TRUE,5.87940118602181,0.467985852467866,5.03137283258743,6.87036311090031,"",-0.0592958102365105,TRUE,0.294238444530061
"stationary_null","NONE",27,6.25,"FIRST",TRUE,6.45381701562313,0.776007730402837,5.10311239959014,8.16202952427463,"",0.032610722499701,TRUE,0.489426739949518
"stationary_null","NONE",27,6.25,"LAST",TRUE,6.92617260694793,0.852865780175041,5.44594533177793,8.80873091055701,"",0.108187617111669,TRUE,0.538045692604654
"stationary_null","NONE",28,6.25,"CHECK",TRUE,5.59404740594745,0.448895966078363,4.78113276362847,6.54517829290279,"",-0.104952415048408,TRUE,0.28224728468389
"stationary_null","NONE",28,6.25,"FIRST",TRUE,6.36844638376186,0.814597052965108,4.96131200185497,8.17467422481911,"",0.0189514214018978,TRUE,0.514137955674261
"stationary_null","NONE",28,6.25,"LAST",TRUE,6.14209701246246,0.832010898153407,4.71559309781548,8.00012955485425,"",-0.017264478006006,TRUE,0.525525833126203
"stationary_null","NONE",29,6.25,"CHECK",TRUE,6.35393681390983,0.505190744618541,5.43840933223117,7.42358851068595,"",0.0166298902255723,TRUE,0.317628668552764
"stationary_null","NONE",29,6.25,"FIRST",TRUE,5.91650159665845,0.670168979721861,4.74193434318954,7.38200671072911,"",-0.0533597445346481,TRUE,0.422411578806332
"stationary_null","NONE",29,6.25,"LAST",TRUE,7.20579769736135,0.92722232777972,5.60532959784631,9.26324126867548,"",0.152927631577816,TRUE,0.585265867332667
"stationary_null","NONE",30,6.25,"CHECK",TRUE,5.82514167124847,0.642286024593208,4.69608060147286,7.22565866511599,"",-0.0679773326002444,TRUE,0.404732490182901
"stationary_null","NONE",30,6.25,"FIRST",TRUE,5.85022769702693,0.780564564341673,4.50922743594304,7.59002835702017,"",-0.0639635684756918,TRUE,0.492928147372341
"stationary_null","NONE",30,6.25,"LAST",TRUE,6.20129439561051,0.860953237370873,4.73009486486883,8.13008053319388,"",-0.00779289670231776,TRUE,0.543997706932008
"stationary_null","NONE",31,6.25,"CHECK",TRUE,6.04886655551194,0.465138119112506,5.20374289828467,7.03124411055201,"",-0.0321813511180891,TRUE,0.292400193962774
"stationary_null","NONE",31,6.25,"FIRST",TRUE,6.65728252124357,0.848895518839044,5.19032309453697,8.5388538941445,"",0.0651652033989708,TRUE,0.535764927937205
"stationary_null","NONE",31,6.25,"LAST",TRUE,6.08615175453806,0.701385890142441,4.85927192407652,7.62279694530703,"",-0.0262157192739105,TRUE,0.442164003396883
"stationary_null","NONE",32,6.25,"CHECK",TRUE,5.88019381213535,0.534695285552717,4.92209316489389,7.02479171156044,"",-0.059168990058344,TRUE,0.336431767466647
"stationary_null","NONE",32,6.25,"FIRST",TRUE,6.48693808653311,0.896064231783223,4.95467714942554,8.49305907719796,"",0.037910093845298,TRUE,0.566141108443588
"stationary_null","NONE",32,6.25,"LAST",TRUE,5.58118146107539,0.780797999146421,4.24835715152278,7.33214873196016,"",-0.107010966227938,TRUE,0.493406652869981
"stationary_null","NONE",33,6.25,"CHECK",TRUE,6.5262762082888,0.552090601601056,5.53077958518947,7.70095435748907,"",0.0442041933262081,TRUE,0.347227963567937
"stationary_null","NONE",33,6.25,"FIRST",TRUE,5.89332661269909,0.739010477370839,4.61357663449175,7.5280636511576,"",-0.0570677419681449,TRUE,0.466317922666535
"stationary_null","NONE",33,6.25,"LAST",TRUE,8.16706152428595,1.18096754299067,6.16051785337046,10.8271569905409,"",0.306729843885752,TRUE,0.746662261947268
"stationary_null","NONE",34,6.25,"CHECK",TRUE,5.85308693198817,0.365302846257314,5.1797811539353,6.61391391166844,"",-0.0635060908818927,TRUE,0.229461241237301
"stationary_null","NONE",34,6.25,"FIRST",TRUE,6.11952312625738,0.586138750744247,5.07427568059708,7.38008055730872,"",-0.0208762997988187,TRUE,0.368928780273862
"stationary_null","NONE",34,6.25,"LAST",TRUE,6.02773937338108,0.55677743049801,5.03148986914742,7.22124915250306,"",-0.035561700259027,TRUE,0.350361485336903
"stationary_null","NONE",35,6.25,"CHECK",TRUE,6.73820808535197,0.631981995265283,5.60898496250441,8.09477089081553,"",0.0781132936563158,TRUE,0.39772574852978
"stationary_null","NONE",35,6.25,"FIRST",TRUE,6.87041123131314,0.963624102444163,5.22608690195453,9.03210210103859,"",0.0992657970101023,TRUE,0.608962431853449
"stationary_null","NONE",35,6.25,"LAST",TRUE,7.98787586292621,1.20964661580919,5.94647087719571,10.7300888407965,"",0.278060138068194,TRUE,0.765378874176128
"stationary_null","NONE",36,6.25,"CHECK",TRUE,5.72117828821456,0.579939100979272,4.69269247649862,6.97507479330078,"",-0.08461147388567,TRUE,0.365181170688346
"stationary_null","NONE",36,6.25,"FIRST",TRUE,6.02003464556318,0.787063479366464,4.66426825981004,7.76988267292691,"",-0.036794456709891,TRUE,0.496898306098699
"stationary_null","NONE",36,6.25,"LAST",TRUE,6.14402174496168,0.827821709423933,4.7236813227808,7.9914373182862,"",-0.0169565208061309,TRUE,0.522840959280865
"stationary_null","NONE",37,6.25,"CHECK",TRUE,5.83112522326688,0.46583109722012,4.98724323757192,6.81779888200789,"",-0.0670199642772987,TRUE,0.292888903109756
"stationary_null","NONE",37,6.25,"FIRST",TRUE,6.40581763042865,0.811940811906513,5.00165718528756,8.20418073334056,"",0.0249308208685839,TRUE,0.51240376768848
"stationary_null","NONE",37,6.25,"LAST",TRUE,6.16968738389628,0.764944312661841,4.84317066694335,7.85952943488418,"",-0.0128500185765952,TRUE,0.482617402870534
"stationary_null","NONE",38,6.25,"CHECK",TRUE,5.86032779916126,0.491966500222431,4.97267553105586,6.90643129621811,"",-0.0623475521341986,TRUE,0.30940092242596
"stationary_null","NONE",38,6.25,"FIRST",TRUE,5.60579549874743,0.741490554209272,4.33046823572377,7.25670792699505,"",-0.103072720200411,TRUE,0.468198350603404
"stationary_null","NONE",38,6.25,"LAST",TRUE,6.12051725503666,0.82875225080663,4.69952320582098,7.97117703830069,"",-0.0207172391941351,TRUE,0.523464613196753
"stationary_null","NONE",39,6.25,"CHECK",TRUE,6.729810821894,0.489789574975899,5.83626459662829,7.76016113536844,"",0.0767697315030404,TRUE,0.307823446198423
"stationary_null","NONE",39,6.25,"FIRST",TRUE,7.15850334103698,0.795918839305024,5.76065491285794,8.8955458812954,"",0.145360534565916,TRUE,0.501582554949994
"stationary_null","NONE",39,6.25,"LAST",TRUE,7.26288948399582,0.821459274676148,5.82292528880009,9.05894563995119,"",0.162062317439332,TRUE,0.517763256184176
"stationary_null","NONE",40,6.25,"CHECK",TRUE,6.29633514182329,0.643401116810916,5.15622941298653,7.68853226706933,"",0.0074136226917264,TRUE,0.405168456653248
"stationary_null","NONE",40,6.25,"FIRST",TRUE,6.9540780774381,1.05623078228861,5.17237472538861,9.3495163197929,"",0.112652492390096,TRUE,0.668342655104686
"stationary_null","NONE",40,6.25,"LAST",TRUE,6.92932819363942,0.99303634063566,5.23993115428666,9.16340077786819,"",0.108692510982308,TRUE,0.627755139773045
"stationary_null","NONE",1,12.5,"CHECK",TRUE,14.1351132464582,1.15849061460772,12.0407334736861,16.5937919751189,"",0.130809059716655,TRUE,0.364244680114627
"stationary_null","NONE",1,12.5,"FIRST",TRUE,12.0200197233722,1.47079935129427,9.46535246960162,15.2641832001781,"",-0.0383984221302228,TRUE,0.463906458446116
"stationary_null","NONE",1,12.5,"LAST",TRUE,11.1982254240531,1.37846678033611,8.80567481622984,14.2408452804529,"",-0.10414196607575,TRUE,0.434813637137845
"stationary_null","NONE",2,12.5,"CHECK",TRUE,14.6037634437845,1.48435668084939,11.9720665153885,17.8139593902096,"",0.168301075502764,TRUE,0.467351429985691
"stationary_null","NONE",2,12.5,"FIRST",TRUE,14.4760954163139,2.66285201709194,10.124537922194,20.6979656862022,"",0.158087633305113,TRUE,0.845874221120656
"stationary_null","NONE",2,12.5,"LAST",TRUE,17.3156060947855,3.52402529402389,11.6669709423662,25.6990624139641,"",0.385248487582843,TRUE,1.12256731772784
"stationary_null","NONE",3,12.5,"CHECK",TRUE,12.3958919262912,0.869182503535809,10.8060231558307,14.2196749379888,"",-0.00832864589670095,TRUE,0.273092142572654
"stationary_null","NONE",3,12.5,"FIRST",TRUE,12.7765459434441,1.59904056796641,10.0068072010807,16.3129080999291,"",0.0221236754755301,TRUE,0.504488071907868
"stationary_null","NONE",3,12.5,"LAST",TRUE,11.6742640547419,1.39761995515916,9.24033382663768,14.7492984319411,"",-0.0660588756206458,TRUE,0.440717168424274
"stationary_null","NONE",4,12.5,"CHECK",TRUE,14.0191989139143,1.16628739993448,11.9132970734693,16.4973589574613,"",0.121535913113144,TRUE,0.366724950719359
"stationary_null","NONE",4,12.5,"FIRST",TRUE,13.3304707535565,1.79415316995341,10.2516963061912,17.3338582419875,"",0.0664376602845196,TRUE,0.566572954863704
"stationary_null","NONE",4,12.5,"LAST",TRUE,14.8877088271965,2.14229390543587,11.2452655045727,19.7099725242822,"",0.191016706175722,TRUE,0.677176561576762
"stationary_null","NONE",5,12.5,"CHECK",TRUE,12.9752080197016,0.985978025989828,11.1821453995672,15.0557891297895,"",0.0380166415761298,TRUE,0.309891498417789
"stationary_null","NONE",5,12.5,"FIRST",TRUE,12.0810842677075,1.6100269542558,9.31464963671938,15.6691451397258,"",-0.0335132585833989,TRUE,0.508359640240512
"stationary_null","NONE",5,12.5,"LAST",TRUE,15.1615701381488,2.42863791554572,11.0983436763461,20.7123887813939,"",0.212925611051902,TRUE,0.769123608403826
"stationary_null","NONE",6,12.5,"CHECK",TRUE,13.9285708352231,1.27713854779015,11.6418362661989,16.6644746649722,"",0.114285666817845,TRUE,0.401811071901857
"stationary_null","NONE",6,12.5,"FIRST",TRUE,14.7750799036135,1.65613074006796,11.8690724263139,18.3925902814597,"",0.182006392289079,TRUE,0.521881428411661
"stationary_null","NONE",6,12.5,"LAST",TRUE,12.4722384594976,1.71762619361411,9.53389896491035,16.3161716694398,"",-0.00222092324019115,TRUE,0.542581816362353
"stationary_null","NONE",7,12.5,"CHECK",TRUE,11.4010536999389,0.65343371690282,10.1905983846865,12.7552888026887,"",-0.0879157040048906,TRUE,0.205175233440174
"stationary_null","NONE",7,12.5,"FIRST",TRUE,12.3757006252276,1.45581422103661,9.83518701182258,15.5724508116777,"",-0.00994394998179445,TRUE,0.458981103988407
"stationary_null","NONE",7,12.5,"LAST",TRUE,12.4690929440718,1.53935763813164,9.79823538037296,15.8679877357654,"",-0.00247256447425826,TRUE,0.485580188431392
"stationary_null","NONE",8,12.5,"CHECK",TRUE,14.3608917253746,1.11167302602596,12.3420840710101,16.7099178681137,"",0.148871338029972,TRUE,0.349426703768285
"stationary_null","NONE",8,12.5,"FIRST",TRUE,18.9643316688026,2.56303637030634,14.5685902134592,24.6863883447067,"",0.517146533504205,FALSE,0.809423850499795
"stationary_null","NONE",8,12.5,"LAST",TRUE,17.6481079150877,3.05871754923518,12.5968120846969,24.7249630214734,"",0.411848633207013,FALSE,0.970252074942117
"stationary_null","NONE",9,12.5,"CHECK",TRUE,11.9377062065518,0.859110585850019,10.3691293990704,13.7435674673634,"",-0.0449835034758547,TRUE,0.269955045463439
"stationary_null","NONE",9,12.5,"FIRST",TRUE,10.8252820620078,1.37409106101958,8.44937675112306,13.8692752345848,"",-0.133977435039376,TRUE,0.433591878676941
"stationary_null","NONE",9,12.5,"LAST",TRUE,12.9738876956963,1.85683833099016,9.81436439871907,17.1505514878281,"",0.0379110156557,TRUE,0.586894967128724
"stationary_null","NONE",10,12.5,"CHECK",TRUE,13.6967099374136,1.38056813161307,11.2469720279244,16.680032869635,"",0.0957367949930892,TRUE,0.434644867336852
"stationary_null","NONE",10,12.5,"FIRST",TRUE,14.5438715827411,2.19097716293315,10.8434772530474,19.5070451737074,"",0.163509726619291,TRUE,0.693085433652799
"stationary_null","NONE",10,12.5,"LAST",TRUE,12.5239041880415,2.06375964601092,9.08682973544591,17.2610449053987,"",0.00191233504332075,TRUE,0.653937213596221
"stationary_null","NONE",11,12.5,"CHECK",TRUE,12.4236325327475,0.966151989934958,10.669712906047,14.4658667639752,"",-0.0061093973801988,TRUE,0.303692308634264
"stationary_null","NONE",11,12.5,"FIRST",TRUE,13.8851413447348,2.01116949059153,10.468847610539,18.4162724815266,"",0.110811307578786,TRUE,0.635793989679006
"stationary_null","NONE",11,12.5,"LAST",TRUE,12.7887250265435,1.97525877625855,9.46521771744417,17.2792103348156,"",0.0230980021234824,TRUE,0.625119409389713
"stationary_null","NONE",12,12.5,"CHECK",TRUE,11.7225517698165,0.809980600962113,10.2394732581027,13.4204383889851,"",-0.0621958584146822,TRUE,0.254477210470588
"stationary_null","NONE",12,12.5,"FIRST",TRUE,12.505971521456,1.64732823621104,9.67110674169414,16.1718123760539,"",0.000477721716477646,TRUE,0.520056450748783
"stationary_null","NONE",12,12.5,"LAST",TRUE,12.1868858455543,1.61829408006153,9.40492708462055,15.7917424852171,"",-0.0250491323556577,TRUE,0.510945232047723
"stationary_null","NONE",13,12.5,"CHECK",TRUE,12.9934732329911,1.20792267173451,10.833392955476,15.5842539221395,"",0.039477858639288,TRUE,0.380068877333081
"stationary_null","NONE",13,12.5,"FIRST",TRUE,11.4779720021245,1.74631502374152,8.53295349608509,15.4394186423256,"",-0.0817622398300404,TRUE,0.552517211699243
"stationary_null","NONE",13,12.5,"LAST",TRUE,11.6911962512055,1.75496542489139,8.72561845329213,15.6646856054808,"",-0.0647042999035567,TRUE,0.555125372175091
"stationary_null","NONE",14,12.5,"CHECK",TRUE,13.6848581952143,0.992685456767455,11.873425069333,15.772647128319,"",0.0947886556171476,TRUE,0.311937764718883
"stationary_null","NONE",14,12.5,"FIRST",TRUE,15.1899168582509,2.19226725143418,11.4640827416893,20.1266494109912,"",0.215193348660073,TRUE,0.693005333544158
"stationary_null","NONE",14,12.5,"LAST",FALSE,NA,NA,NA,NA,"non-finite prediction",NA,FALSE,NA
"stationary_null","NONE",15,12.5,"CHECK",TRUE,11.4046903717368,0.743782359006327,10.0375883636424,12.9579892861822,"",-0.0876247702610578,TRUE,0.233632073803179
"stationary_null","NONE",15,12.5,"FIRST",TRUE,13.0198069721555,1.73056358816534,10.0452264249909,16.8752167865986,"",0.0415845577724421,TRUE,0.546399228928616
"stationary_null","NONE",15,12.5,"LAST",TRUE,13.519445693359,1.8460757138217,10.35771617985,17.6463043282898,"",0.081555655468722,TRUE,0.583087051875187
"stationary_null","NONE",16,12.5,"CHECK",TRUE,14.1385101389587,1.15362733599524,12.052171627524,16.5860124737125,"",0.131080811116693,TRUE,0.362707267695086
"stationary_null","NONE",16,12.5,"FIRST",TRUE,16.1227120076172,2.80676200436706,11.4910376199136,22.6212680767917,"",0.289816960609376,TRUE,0.890418436550245
"stationary_null","NONE",16,12.5,"LAST",TRUE,16.6398036127904,2.27327043610479,12.7466855133425,21.7219656029332,"",0.331184289023235,FALSE,0.718022407167257
"stationary_null","NONE",17,12.5,"CHECK",TRUE,13.5839401445972,1.09388599678399,11.6035541639718,15.9023198620411,"",0.0867152115677752,TRUE,0.343901255845547
"stationary_null","NONE",17,12.5,"FIRST",TRUE,17.5676666489999,3.1020446621862,12.4613108934434,24.7664883838801,"",0.405413331919993,TRUE,0.984414199234939
"stationary_null","NONE",17,12.5,"LAST",TRUE,12.4544187225689,1.85742795178668,9.31267444541162,16.6560687401135,"",-0.00364650219449103,TRUE,0.587471543576147
"stationary_null","NONE",18,12.5,"CHECK",TRUE,11.1287243218222,0.75200048805395,9.74973249849372,12.7027592859857,"",-0.10970205425422,TRUE,0.236242142999362
"stationary_null","NONE",18,12.5,"FIRST",TRUE,11.6682418237241,1.47842931542415,9.11135001697966,14.9426667840861,"",-0.0665406541020734,TRUE,0.466505341368512
"stationary_null","NONE",18,12.5,"LAST",TRUE,9.64747670005956,1.07963511569596,7.75270466893046,12.0053337064666,"",-0.228201863995236,FALSE,0.340210323002894
"stationary_null","NONE",19,12.5,"CHECK",TRUE,14.1373326049605,1.02015959001165,12.2750685366459,16.282122791136,"",0.130986608396839,TRUE,0.320564340359208
"stationary_null","NONE",19,12.5,"FIRST",TRUE,14.7850836094255,2.17450149502145,11.0994978447817,19.6944672988495,"",0.182806688754043,TRUE,0.687597556325423
"stationary_null","NONE",19,12.5,"LAST",TRUE,10.4430291732293,1.15539723406736,8.41273953609719,12.9632990353474,"",-0.164557666141658,TRUE,0.364044759940016
"stationary_null","NONE",20,12.5,"CHECK",TRUE,11.8426627486056,0.802231862117412,10.3718026293781,13.522110474794,"",-0.0525869801115545,TRUE,0.252024627633274
"stationary_null","NONE",20,12.5,"FIRST",TRUE,12.3881795785143,1.56823331009498,9.67566766514012,15.8611269610298,"",-0.00894563371885838,TRUE,0.494836743671173
"stationary_null","NONE",20,12.5,"LAST",TRUE,11.7513852362222,1.41165050204988,9.29401549364875,14.8584920118189,"",-0.0598891811022226,TRUE,0.445158121453616
"stationary_null","NONE",21,12.5,"CHECK",TRUE,12.8496596189037,0.926414729702212,11.1584159041152,14.7972394774057,"",0.0279727695122988,TRUE,0.291105885863244
"stationary_null","NONE",21,12.5,"FIRST",TRUE,15.20834927207,1.61983498377595,12.3502715739839,18.7278381852344,"",0.2166679417656,TRUE,0.510205328900039
"stationary_null","NONE",21,12.5,"LAST",TRUE,12.58944139941,1.77956757216111,9.55609264528709,16.5856528010269,"",0.00715531195279979,TRUE,0.562364812459185
"stationary_null","NONE",22,12.5,"CHECK",TRUE,11.2473514247838,0.791776824730294,9.79946790706848,12.9091615251209,"",-0.1002118860173,TRUE,0.248775489444192
"stationary_null","NONE",22,12.5,"FIRST",TRUE,10.7352175011849,1.31671550870107,8.44884246954181,13.6403176190356,"",-0.141182599905204,TRUE,0.415318011959506
"stationary_null","NONE",22,12.5,"LAST",TRUE,10.3666147562087,1.11636696234648,8.39916854170921,12.7949214222788,"",-0.1706708195033,TRUE,0.351660230445564
"stationary_null","NONE",23,12.5,"CHECK",TRUE,11.7977269428539,0.738667043512196,10.4365248576393,13.3364662008408,"",-0.056181844571686,TRUE,0.231995307456116
"stationary_null","NONE",23,12.5,"FIRST",TRUE,13.4852503944252,2.0028275031817,10.0954950995149,18.0131807710038,"",0.078820031554018,TRUE,0.633414853719111
"stationary_null","NONE",23,12.5,"LAST",TRUE,13.505089111339,1.87620311070021,10.2993171729495,17.7086916387268,"",0.0804071289071176,TRUE,0.592749957262186
"stationary_null","NONE",24,12.5,"CHECK",TRUE,12.0520329692575,0.943229208494035,10.3405664659345,14.046764185558,"",-0.0358373624593978,TRUE,0.296495817569884
"stationary_null","NONE",24,12.5,"FIRST",TRUE,11.1001700732931,1.39497808370868,8.68513175384602,14.1867480135196,"",-0.111986394136555,TRUE,0.440129300773886
"stationary_null","NONE",24,12.5,"LAST",TRUE,10.1250688353643,1.23614285272436,7.97739670573856,12.8509365526625,"",-0.189994493170858,TRUE,0.389883187753912
"stationary_null","NONE",25,12.5,"CHECK",TRUE,13.3336121539056,1.17826100351968,11.2169632650949,15.8496741826741,"",0.066688972312446,TRUE,0.370616873406331
"stationary_null","NONE",25,12.5,"FIRST",TRUE,15.4192914139104,2.11050059167098,11.8058493532841,20.1387075671055,"",0.23354331311283,TRUE,0.666628657105707
"stationary_null","NONE",25,12.5,"LAST",TRUE,14.6639908314893,2.76829134436367,10.1616846803703,21.1611198211445,"",0.173119266519148,TRUE,0.879954811261935
"stationary_null","NONE",26,12.5,"CHECK",TRUE,12.4274473009265,1.01597579462319,10.5903391190014,14.5832389956432,"",-0.00580421592587655,TRUE,0.319431990131347
"stationary_null","NONE",26,12.5,"FIRST",TRUE,11.6547737593348,1.72548918671348,8.7330498298268,15.5539878997775,"",-0.0676180992532123,TRUE,0.545675045596056
"stationary_null","NONE",26,12.5,"LAST",TRUE,12.922351809842,2.18632872712741,9.29698144633859,17.9614402009043,"",0.0337881447873629,TRUE,0.69315670036526
"stationary_null","NONE",27,12.5,"CHECK",TRUE,12.0669284667238,0.830581356670224,10.5457317176449,13.8075542332824,"",-0.034645722662097,TRUE,0.260945801250997
"stationary_null","NONE",27,12.5,"FIRST",TRUE,11.867518340317,1.67222317780252,9.01588172222675,15.6211001759876,"",-0.0505985327746423,TRUE,0.528417476300867
"stationary_null","NONE",27,12.5,"LAST",TRUE,14.730801685724,1.73128234912165,11.7092539888698,18.5320532384382,"",0.178464134857921,TRUE,0.545823939965476
"stationary_null","NONE",28,12.5,"CHECK",TRUE,12.520004062149,0.940723360044961,10.8077976107089,14.5034638288295,"",0.00160032497191722,TRUE,0.295653297449646
"stationary_null","NONE",28,12.5,"FIRST",TRUE,11.5082463933693,1.419852579243,9.04454798536393,14.6430463152846,"",-0.0793402885304546,TRUE,0.447879866393651
"stationary_null","NONE",28,12.5,"LAST",TRUE,10.9924500447795,1.31114930660304,8.70810931914311,13.8760267652294,"",-0.120603996417638,TRUE,0.413433395686903
"stationary_null","NONE",29,12.5,"CHECK",TRUE,13.3546557732836,1.15096553340775,11.2825670514631,15.807291905238,"",0.0683724618626917,TRUE,0.361977988301992
"stationary_null","NONE",29,12.5,"FIRST",TRUE,12.5593011468252,1.68943352384775,9.66001386886008,16.3287597138054,"",0.00474409174601448,TRUE,0.533499667595628
"stationary_null","NONE",29,12.5,"LAST",TRUE,14.2816585374947,2.09046205373056,10.736053963206,18.9982065366489,"",0.142532682999574,TRUE,0.660972205875433
"stationary_null","NONE",30,12.5,"CHECK",TRUE,13.1618620973866,1.1674849200403,11.0652658160326,15.6557119142697,"",0.0529489677909289,TRUE,0.367235687858964
"stationary_null","NONE",30,12.5,"FIRST",TRUE,14.0317108522676,3.52880464333253,8.6360922735961,22.7983795452961,"",0.122536868181404,TRUE,1.132982981736
"stationary_null","NONE",30,12.5,"LAST",TRUE,12.9675205534996,2.22838808222763,9.2820984736885,18.1162255261674,"",0.0374016442799711,TRUE,0.706730164198315
"stationary_null","NONE",31,12.5,"CHECK",TRUE,12.3997952543169,1.20164136724474,10.2593258583944,14.9868446008247,"",-0.00801637965465062,TRUE,0.378201499394422
"stationary_null","NONE",31,12.5,"FIRST",TRUE,12.4169870663655,1.93849027504006,9.16071177975423,16.8307410508252,"",-0.00664103469076267,TRUE,0.613602341685675
"stationary_null","NONE",31,12.5,"LAST",TRUE,12.4117651787544,1.96999809937008,9.11108541989903,16.9081846731548,"",-0.0070587856996454,TRUE,0.623767940260463
"stationary_null","NONE",32,12.5,"CHECK",TRUE,12.5351289223326,0.922322095114561,10.8538240725597,14.4768752514378,"",0.00281031378661126,TRUE,0.289844094310247
"stationary_null","NONE",32,12.5,"FIRST",TRUE,13.4711980190938,1.7179832339299,10.5024333334307,17.2791552498583,"",0.077695841527503,TRUE,0.54213775331421
"stationary_null","NONE",32,12.5,"LAST",TRUE,11.3989780312302,1.33886235097003,9.06213740754885,14.3384164588181,"",-0.0880817575015818,TRUE,0.422102324101538
"stationary_null","NONE",33,12.5,"CHECK",TRUE,12.3899825893755,1.12263601218841,10.3777288244783,14.7924147143771,"",-0.00880139284996147,TRUE,0.353174871191901
"stationary_null","NONE",33,12.5,"FIRST",TRUE,12.7069297346252,1.89484118355123,9.50184148740715,16.9931337514622,"",0.016554378770017,TRUE,0.599303381124406
"stationary_null","NONE",33,12.5,"LAST",TRUE,11.990043621173,1.68129420605685,9.12099628755564,15.76156173134,"",-0.0407965103061602,TRUE,0.531245235502749
"stationary_null","NONE",34,12.5,"CHECK",TRUE,12.5665296762724,1.03954733095089,10.6886045456489,14.7743952384244,"",0.00532237410179548,TRUE,0.326863255422036
"stationary_null","NONE",34,12.5,"FIRST",TRUE,13.0851289266157,1.84049501220548,9.9457548764411,17.2154452983486,"",0.0468103141292568,TRUE,0.581575233752597
"stationary_null","NONE",34,12.5,"LAST",TRUE,12.7949977871991,1.81870630288376,9.69735474414529,16.8821263833077,"",0.0235998229759251,TRUE,0.57478173113299
"stationary_null","NONE",35,12.5,"CHECK",TRUE,12.4984040896947,0.873526450388987,10.9002299545529,14.3308999388631,"",-0.000127672824425815,TRUE,0.274453598744818
"stationary_null","NONE",35,12.5,"FIRST",TRUE,11.8245282811624,1.34645720667677,9.46606850567928,14.7705955210574,"",-0.0540377375070113,TRUE,0.424362161230246
"stationary_null","NONE",35,12.5,"LAST",TRUE,13.4815250530205,1.69171128840416,10.552225099115,17.2239993032808,"",0.0785220042416384,TRUE,0.533741936333264
"stationary_null","NONE",36,12.5,"CHECK",TRUE,12.6118527545111,1.03053378684254,10.7483448143718,14.798448751736,"",0.00894822036088414,TRUE,0.324008314989133
"stationary_null","NONE",36,12.5,"FIRST",TRUE,13.0365019822451,1.72339850740971,10.0721233668702,16.8733421685532,"",0.0429201585796116,TRUE,0.544097504134641
"stationary_null","NONE",36,12.5,"LAST",TRUE,11.6534096868672,1.54793658486901,8.99250951622374,15.1016751313929,"",-0.0677272250506242,TRUE,0.488733249213535
"stationary_null","NONE",37,12.5,"CHECK",TRUE,12.4761193958068,0.942532973727967,10.7613138826049,14.4641775973128,"",-0.00191044833545959,TRUE,0.296229097176632
"stationary_null","NONE",37,12.5,"FIRST",TRUE,13.0259232001758,1.72874746352933,10.0538699357059,16.8765536357583,"",0.0420738560140637,TRUE,0.54581469600419
"stationary_null","NONE",37,12.5,"LAST",TRUE,12.9357304288334,1.73555613376769,9.95626083638729,16.8068238144076,"",0.0348584343066756,TRUE,0.548045038241623
"stationary_null","NONE",38,12.5,"CHECK",TRUE,13.7585382195248,0.98471432426961,11.9599296989405,15.8276326619958,"",0.100683057561983,TRUE,0.30941623704442
"stationary_null","NONE",38,12.5,"FIRST",TRUE,12.6249772027578,1.58461635093102,9.88120211085431,16.1306334575493,"",0.00999817622062039,TRUE,0.499954507735597
"stationary_null","NONE",38,12.5,"LAST",TRUE,16.1891779994354,2.57348993148653,11.8784025169551,22.0643713599786,"",0.29513423995483,TRUE,0.814877507441878
"stationary_null","NONE",39,12.5,"CHECK",TRUE,11.5714274203497,0.73880867489344,10.2116275361694,13.1123008619494,"",-0.0742858063720263,TRUE,0.232053866062396
"stationary_null","NONE",39,12.5,"FIRST",TRUE,9.80759706597077,1.03676422332155,7.97685492899836,12.0585069008541,"",-0.215392234722338,FALSE,0.326532157748457
"stationary_null","NONE",39,12.5,"LAST",TRUE,10.4736661491353,1.08070556614816,8.5605472936701,12.8143305375645,"",-0.162106708069177,TRUE,0.340302659511555
"stationary_null","NONE",40,12.5,"CHECK",TRUE,12.1114605971027,0.882310901359623,10.5019309010283,13.967667391604,"",-0.0310831522317842,TRUE,0.277258919246058
"stationary_null","NONE",40,12.5,"FIRST",TRUE,15.2369285965705,2.48258641343887,11.0947294818268,20.9256109792737,"",0.218954287725637,TRUE,0.78647051979575
"stationary_null","NONE",40,12.5,"LAST",TRUE,14.4612140345104,2.32934475798346,10.5675479487851,19.7895209338476,"",0.156897122760835,TRUE,0.737757838805003
"stationary_null","NONE",1,25,"CHECK",TRUE,23.5768527626948,1.94324719211093,20.0653603283107,27.7028658892063,"",-0.0569258894922062,TRUE,0.305500222435827
"stationary_null","NONE",1,25,"FIRST",TRUE,23.6480265620911,3.38870670911304,17.8829440328575,31.2716496374342,"",-0.0540789375163567,TRUE,0.535548224183066
"stationary_null","NONE",1,25,"LAST",TRUE,28.1390269287106,4.25307025782299,20.9594617352954,37.7779184644478,"",0.125561077148425,TRUE,0.672738269166094
"stationary_null","NONE",2,25,"CHECK",TRUE,24.0290532793569,1.87285451269816,20.6297218524297,27.9885209132943,"",-0.0388378688257242,TRUE,0.294351962434585
"stationary_null","NONE",2,25,"FIRST",TRUE,21.9337115721544,2.91384280392778,16.9249028382071,28.4248428442631,"",-0.122651537113823,TRUE,0.45999760024224
"stationary_null","NONE",2,25,"LAST",TRUE,22.8316237946806,2.95554273204058,17.7339971413351,29.3945601179104,"",-0.0867350482127755,TRUE,0.466422519063012
"stationary_null","NONE",3,25,"CHECK",TRUE,25.3690967267465,1.9861527078203,21.7653677134704,29.569501292308,"",0.0147638690698602,TRUE,0.312165343153506
"stationary_null","NONE",3,25,"FIRST",TRUE,30.3370861592947,3.58023441769841,24.0916410109092,38.2015818772876,"",0.213483446371787,TRUE,0.564397634655134
"stationary_null","NONE",3,25,"LAST",TRUE,28.1616997922654,2.44068660732637,23.7698176164086,33.3650576537115,"",0.126467991690616,TRUE,0.383809601492115
"stationary_null","NONE",4,25,"CHECK",TRUE,21.4413784788456,1.45717000400756,18.7702960268033,24.4925658293626,"",-0.142344860846176,FALSE,0.228890792102373
"stationary_null","NONE",4,25,"FIRST",TRUE,21.7510176740252,2.73761589577989,17.0124455219912,27.8094509836457,"",-0.12995929303899,TRUE,0.431880218466181
"stationary_null","NONE",4,25,"LAST",TRUE,22.2565053274591,2.68161770568994,17.5900728722244,28.1608855738968,"",-0.109739786901635,TRUE,0.422832508066899
"stationary_null","NONE",5,25,"CHECK",TRUE,25.2389893746096,1.91472246415246,21.7565138882331,29.2788903555078,"",0.00955957498438593,TRUE,0.30089505869099
"stationary_null","NONE",5,25,"FIRST",TRUE,24.6012063423469,2.99752829992207,19.3920545180217,31.2096561473814,"",-0.0159517463061225,TRUE,0.472704065174387
"stationary_null","NONE",5,25,"LAST",TRUE,18.5240673368524,2.18327858211156,14.7149258931152,23.3192523831052,"",-0.259037306525903,FALSE,0.344173059599601
"stationary_null","NONE",6,25,"CHECK",TRUE,25.7725456152039,2.0366004270907,22.0799581029194,30.0826706460073,"",0.0309018246081564,TRUE,0.320108501723515
"stationary_null","NONE",6,25,"FIRST",TRUE,23.4472772851013,2.84262848005512,18.5043263377567,29.7106094028752,"",-0.0621089085959497,TRUE,0.448251322604738
"stationary_null","NONE",6,25,"LAST",TRUE,21.3488605657887,2.64595429022375,16.7602121817184,27.193799369356,"",-0.146045577368453,TRUE,0.417343487505504
"stationary_null","NONE",7,25,"CHECK",TRUE,27.1663612347956,2.39171954113638,22.8684385032954,32.2720409018332,"",0.0866544493918244,TRUE,0.376144095941512
"stationary_null","NONE",7,25,"FIRST",TRUE,29.4779162992461,4.15908193817489,22.3867397271389,38.8152790418141,"",0.179116651969844,TRUE,0.657141572587007
"stationary_null","NONE",7,25,"LAST",TRUE,32.5184480254732,5.05611521048722,24.0198747339576,44.0239374142304,"",0.30073792101893,TRUE,0.800162507210911
"stationary_null","NONE",8,25,"CHECK",TRUE,26.6989195351942,2.26097064837055,22.6224319260486,31.5099767645221,"",0.0679567814077676,TRUE,0.355501793538938
"stationary_null","NONE",8,25,"FIRST",TRUE,31.8203511298523,3.49567349427263,25.6729170295185,39.4398012840882,"",0.272814045194093,FALSE,0.550675370182788
"stationary_null","NONE",8,25,"LAST",TRUE,29.8591050525655,3.18846866398643,24.2348187963084,36.7886453797605,"",0.194364202102622,TRUE,0.502153063338085
"stationary_null","NONE",9,25,"CHECK",TRUE,22.7487155357613,1.61310006503286,19.8004139705049,26.1360221709442,"",-0.0900513785695466,TRUE,0.253424328017574
"stationary_null","NONE",9,25,"FIRST",TRUE,26.7057191156811,3.24043038820256,21.0716219353394,33.8462523518206,"",0.0682287646272448,TRUE,0.510985216659249
"stationary_null","NONE",9,25,"LAST",TRUE,29.132602413984,3.66175359970221,22.7933684500427,37.2348880891133,"",0.165304096559361,TRUE,0.577660785562823
"stationary_null","NONE",10,25,"CHECK",TRUE,20.9039275906275,1.41758726809092,18.3050269270198,23.8718134890686,"",-0.163842896374902,FALSE,0.222671462481953
"stationary_null","NONE",10,25,"FIRST",TRUE,21.7754481351398,2.72235668077102,17.0593549814651,27.795314770186,"",-0.128982074594407,TRUE,0.429438391548836
"stationary_null","NONE",10,25,"LAST",TRUE,22.344612869869,2.64213663430345,17.7366570386569,28.1497084380746,"",-0.106215485205241,TRUE,0.41652205597671
"stationary_null","NONE",11,25,"CHECK",TRUE,24.5911463463029,1.91128334586929,21.1213132445636,28.6310075336313,"",-0.016354146147883,TRUE,0.300387771562709
"stationary_null","NONE",11,25,"FIRST",TRUE,28.6287813720978,3.68065467738759,22.2749366201807,36.7950372576514,"",0.145151254883911,TRUE,0.58080402549883
"stationary_null","NONE",11,25,"LAST",TRUE,24.8652119094265,3.11078275900816,19.4766869111018,31.7445552276277,"",-0.00539152362294161,TRUE,0.490714732661036
"stationary_null","NONE",12,25,"CHECK",TRUE,25.1940318741957,1.93466934151473,21.6785034892565,29.2796614117094,"",0.00776127496782891,TRUE,0.304046316898114
"stationary_null","NONE",12,25,"FIRST",TRUE,20.8051094520047,2.51319423123112,16.43310363245,26.3402817259154,"",-0.16779562191981,TRUE,0.396287123738616
"stationary_null","NONE",12,25,"LAST",TRUE,27.6892312267307,3.65564174583743,21.4001607989638,35.8265310774899,"",0.107569249069228,TRUE,0.577054811141042
"stationary_null","NONE",13,25,"CHECK",TRUE,23.8537402586813,1.59677413221175,20.9238000690905,27.1939572376811,"",-0.0458503896527461,TRUE,0.250806286743625
"stationary_null","NONE",13,25,"FIRST",TRUE,22.5047932570499,2.47163903942933,18.1580831367659,27.8920255914613,"",-0.0998082697180047,TRUE,0.389357698187816
"stationary_null","NONE",13,25,"LAST",TRUE,23.224914316897,2.61445670670328,18.6395246875339,28.9383261681535,"",-0.07100342732412,TRUE,0.411952059224783
"stationary_null","NONE",14,25,"CHECK",TRUE,22.5018816021649,1.644720131486,19.5022713132662,25.9628567106139,"",-0.0999247359134037,TRUE,0.258423415893908
"stationary_null","NONE",14,25,"FIRST",TRUE,24.5123258988668,3.06266642289419,19.2062972608105,31.2842247942433,"",-0.0195069640453271,TRUE,0.483117101337312
"stationary_null","NONE",14,25,"LAST",TRUE,21.6935647743189,2.61017275316999,17.1507069090258,27.439729167659,"",-0.132257409027246,TRUE,0.411560890345329
"stationary_null","NONE",15,25,"CHECK",TRUE,23.5100480497244,1.73011901582589,20.3562430671032,27.1524739353099,"",-0.0595980780110229,TRUE,0.271849234728267
"stationary_null","NONE",15,25,"FIRST",TRUE,21.4180025429797,2.58246550297038,16.9245005049495,27.1045418916162,"",-0.143279898280813,TRUE,0.407201655466668
"stationary_null","NONE",15,25,"LAST",TRUE,24.2354206515789,3.31658385900714,18.5568695824706,31.6516539359534,"",-0.0305831739368425,TRUE,0.523791374139314
"stationary_null","NONE",16,25,"CHECK",TRUE,28.2138681119245,2.401327160234,23.8861527172436,33.3256830122505,"",0.128554724476978,TRUE,0.377581211800276
"stationary_null","NONE",16,25,"FIRST",TRUE,30.1333132100362,3.71404159370237,23.6879986776363,38.3323461543163,"",0.205332528401447,TRUE,0.585773899067202
"stationary_null","NONE",16,25,"LAST",TRUE,33.3032788457985,3.52523560712411,27.0792135339028,40.9579244423927,"",0.332131153831938,FALSE,0.555148436339596
"stationary_null","NONE",17,25,"CHECK",TRUE,24.6529288882606,1.84368501789883,21.2960771453955,28.5389134637429,"",-0.0138828444695741,TRUE,0.289713452733895
"stationary_null","NONE",17,25,"FIRST",TRUE,24.2755584070307,3.01669575462038,19.0456756970015,30.9415504783554,"",-0.0289776637187727,TRUE,0.475834991254154
"stationary_null","NONE",17,25,"LAST",TRUE,30.9947056709548,4.43616495600115,23.4463412789594,40.9732063608244,"",0.239788226838193,TRUE,0.701074603274602
"stationary_null","NONE",18,25,"CHECK",TRUE,26.0230563435973,2.20127599932195,22.0538256640482,30.7066661257777,"",0.0409222537438903,TRUE,0.346113618469181
"stationary_null","NONE",18,25,"FIRST",TRUE,27.5755182163271,4.19748171608015,20.4973163286623,37.0979884735288,"",0.103020728653083,TRUE,0.66402688579466
"stationary_null","NONE",18,25,"LAST",TRUE,27.7217568825718,3.69414321786308,21.3742158374909,35.9543391205237,"",0.108870275302872,TRUE,0.583204931321311
"stationary_null","NONE",19,25,"CHECK",TRUE,27.3278883422404,2.29753025981091,23.1829772044944,32.2138729059,"",0.0931155336896165,TRUE,0.361235828056222
"stationary_null","NONE",19,25,"FIRST",TRUE,24.9206585065611,3.24497925197789,19.3280505553388,32.1314981364787,"",-0.00317365973755756,TRUE,0.512137903245595
"stationary_null","NONE",19,25,"LAST",TRUE,24.6670390999138,3.22159197305182,19.1168874984401,31.8285504377385,"",-0.0133184360034497,TRUE,0.508466517571936
"stationary_null","NONE",20,25,"CHECK",TRUE,23.3645220996216,1.74162358739368,20.1927302419152,27.0345261093296,"",-0.0654191160151359,TRUE,0.273671834696577
"stationary_null","NONE",20,25,"FIRST",TRUE,24.5094131169456,3.36367183566724,18.7524724874982,32.033713513649,"",-0.0196234753221768,TRUE,0.531249641046032
"stationary_null","NONE",20,25,"LAST",TRUE,27.7713670141885,4.18410861745868,20.7048409927219,37.2496860085941,"",0.110854680567541,TRUE,0.66179380063489
"stationary_null","NONE",21,25,"CHECK",TRUE,21.2453849461484,1.44871114465521,18.5904088401212,24.2795295892527,"",-0.150184602154064,FALSE,0.227564829965262
"stationary_null","NONE",21,25,"FIRST",TRUE,21.35649701639,2.45824261995008,17.055897121222,26.7414819384414,"",-0.145740119344401,TRUE,0.387423392688777
"stationary_null","NONE",21,25,"LAST",TRUE,20.3155067747054,2.38109490076733,16.1585361925026,25.5419061848311,"",-0.187379729011785,TRUE,0.375334799693138
"stationary_null","NONE",22,25,"CHECK",TRUE,22.9488043404394,1.65529292246014,19.9270352987257,26.4287995058377,"",-0.0820478263824231,TRUE,0.260070568284482
"stationary_null","NONE",22,25,"FIRST",TRUE,19.5385900575795,2.38136940037822,15.4003546128602,24.7888124030179,"",-0.218456397696822,FALSE,0.375538311606307
"stationary_null","NONE",22,25,"LAST",TRUE,25.3702498769308,3.51273050747229,19.3654497673389,33.2370064496754,"",0.0148099950772337,TRUE,0.554862267293459
"stationary_null","NONE",23,25,"CHECK",TRUE,26.6690413681078,2.14362765725622,22.7876165556075,31.2115909866327,"",0.0667616547243101,TRUE,0.336958977241009
"stationary_null","NONE",23,25,"FIRST",TRUE,24.3002403525657,3.06305193167665,18.9993587644018,31.0800847815379,"",-0.0279903858973715,TRUE,0.483229040685447
"stationary_null","NONE",23,25,"LAST",TRUE,22.6666951009335,2.64991728354222,18.039042644588,28.4815040865168,"",-0.0933321959626592,TRUE,0.417698457677153
"stationary_null","NONE",24,25,"CHECK",TRUE,26.5289777120204,2.20171884338742,22.5526696492517,31.2063569143012,"",0.0611591084808155,TRUE,0.346147490601981
"stationary_null","NONE",24,25,"FIRST",TRUE,30.3556560846074,2.78754023128173,25.3652048412817,36.3279485457688,"",0.214226243384298,FALSE,0.438509748179484
"stationary_null","NONE",24,25,"LAST",TRUE,26.4995559087758,3.39776377189242,20.6320536053941,34.0357037061372,"",0.059982236351031,TRUE,0.536146004029722
"stationary_null","NONE",25,25,"CHECK",TRUE,28.9911446344909,2.80930798077462,23.9869287665642,35.0393531159162,"",0.159645785379636,TRUE,0.442096973974079
"stationary_null","NONE",25,25,"FIRST",TRUE,33.0919174573358,4.92133755855177,24.764256051683,44.2199837829857,"",0.323676698293433,TRUE,0.77822910925211
"stationary_null","NONE",25,25,"LAST",TRUE,36.0018199450791,3.55885765982899,29.674664666234,43.6780349141646,"",0.440072797803164,FALSE,0.560134809917227
"stationary_null","NONE",26,25,"CHECK",TRUE,22.6313988068885,1.6388017603101,19.6405718323114,26.0776629280127,"",-0.0947440477244581,TRUE,0.257483643828053
"stationary_null","NONE",26,25,"FIRST",TRUE,21.0832181055232,2.3812170435001,16.9084393646178,26.28877071974,"",-0.15667127577907,TRUE,0.375213254204889
"stationary_null","NONE",26,25,"LAST",TRUE,22.0050751174813,2.57839791116028,17.5035015701238,27.6643692684041,"",-0.119796995300747,TRUE,0.406434707931212
"stationary_null","NONE",27,25,"CHECK",TRUE,27.1210061601147,2.40901801956202,22.7953617059627,32.2674842638964,"",0.0848402464045863,TRUE,0.378884902317348
"stationary_null","NONE",27,25,"FIRST",TRUE,28.6864186065991,4.74871612897032,20.7835953074075,39.5942376812803,"",0.147456744263965,TRUE,0.752425694954912
"stationary_null","NONE",27,25,"LAST",TRUE,28.4986558633659,4.34653063629044,21.1712859154932,38.3620243598056,"",0.139946234534636,TRUE,0.687629537772498
"stationary_null","NONE",28,25,"CHECK",TRUE,24.8471005569592,2.22137326247754,20.8606697652923,29.5953300173913,"",-0.00611597772163165,TRUE,0.349386410083961
"stationary_null","NONE",28,25,"FIRST",TRUE,22.4868402643831,3.18806262434073,17.054915817542,29.6488115500273,"",-0.100526389424675,TRUE,0.503755829299415
"stationary_null","NONE",28,25,"LAST",TRUE,29.0066883456438,4.35399062667363,21.6491715720284,38.86467276505,"",0.160267533825752,TRUE,0.688620047720864
"stationary_null","NONE",29,25,"CHECK",TRUE,25.1789208220797,1.8955294282146,21.7293701464316,29.1760897574231,"",0.007156832883188,TRUE,0.297868784439662
"stationary_null","NONE",29,25,"FIRST",TRUE,25.6473542142101,3.46924461933165,19.698106721752,33.3934010755859,"",0.0258941685684024,TRUE,0.547811774153358
"stationary_null","NONE",29,25,"LAST",TRUE,29.0901576768032,4.62276587399108,21.346303753519,39.6432695530142,"",0.163606307072129,TRUE,0.731878631979806
"stationary_null","NONE",30,25,"CHECK",TRUE,28.1530018564137,2.10484659683932,24.320565573426,32.589353694688,"",0.126120074256548,TRUE,0.330751524850478
"stationary_null","NONE",30,25,"FIRST",TRUE,29.8121620110137,3.39836379021405,23.8602981675085,37.2486964551514,"",0.192486480440549,TRUE,0.535535931505713
"stationary_null","NONE",30,25,"LAST",TRUE,24.8343570619854,3.01980016017469,19.5852156729137,31.4903497098141,"",-0.00662571752058341,TRUE,0.476205361476015
"stationary_null","NONE",31,25,"CHECK",TRUE,23.4179195159569,1.59206230162699,20.4996408226815,26.7516372213246,"",-0.063283219361725,TRUE,0.250079855945724
"stationary_null","NONE",31,25,"FIRST",TRUE,25.6673514330726,3.37296891630408,19.8610574923381,33.1710902021713,"",0.0266940573229053,TRUE,0.532401308393329
"stationary_null","NONE",31,25,"LAST",TRUE,23.5820637754869,3.02129922146335,18.3641445973924,30.2825829410043,"",-0.0567174489805237,TRUE,0.476737533744478
"stationary_null","NONE",32,25,"CHECK",TRUE,26.4107675988527,2.01061670144595,22.7548394328232,30.6540789804231,"",0.056430703954108,TRUE,0.315969581903995
"stationary_null","NONE",32,25,"FIRST",TRUE,24.6119410068454,3.1149044826896,19.2240500408388,31.5098867739947,"",-0.0155223597261843,TRUE,0.491433469326236
"stationary_null","NONE",32,25,"LAST",TRUE,28.3031552824891,3.37868354408892,22.4172364475035,35.7344938935995,"",0.132126211299563,TRUE,0.53269029784384
"stationary_null","NONE",33,25,"CHECK",TRUE,26.3910542230244,2.08398697273185,22.612338515066,30.8012257351694,"",0.0556421689209751,TRUE,0.327555488804136
"stationary_null","NONE",33,25,"FIRST",TRUE,33.1016962631428,4.2166218720639,25.8140975637201,42.4466628280402,"",0.32406785052571,FALSE,0.665302610572804
"stationary_null","NONE",33,25,"LAST",TRUE,24.755832232137,3.54280730624778,18.7274634011687,32.7247324625644,"",-0.00976671071452074,TRUE,0.559890762455825
"stationary_null","NONE",34,25,"CHECK",TRUE,25.6823554197949,1.9487836279233,22.137988014105,29.794188138887,"",0.0272942167917968,TRUE,0.306248004991278
"stationary_null","NONE",34,25,"FIRST",TRUE,25.3207367432091,3.35548677190301,19.5508780727303,32.7933971473725,"",0.0128294697283654,TRUE,0.529700762985688
"stationary_null","NONE",34,25,"LAST",TRUE,24.3959215763853,2.96857398399073,19.2362609883433,30.9395360107557,"",-0.0241631369445885,TRUE,0.468131000896497
"stationary_null","NONE",35,25,"CHECK",TRUE,24.9666593418573,1.90137663576496,21.509459309884,28.979532665701,"",-0.00133362632570865,TRUE,0.298802934232679
"stationary_null","NONE",35,25,"FIRST",TRUE,27.4654551459084,2.57706715211266,22.8609369399506,32.9973888801399,"",0.0986182058363356,TRUE,0.405458077607569
"stationary_null","NONE",35,25,"LAST",TRUE,25.8533165265418,3.91419740367852,19.2474698410275,34.7263292755927,"",0.0341326610616733,TRUE,0.619154377382609
"stationary_null","NONE",36,25,"CHECK",TRUE,30.9139071878883,2.77128306994434,25.9418184251151,36.8389617859694,"",0.236556287515532,FALSE,0.435885734434172
"stationary_null","NONE",36,25,"FIRST",TRUE,32.2819000576752,3.48216655835262,26.1461381531846,39.8575523937098,"",0.291276002307008,FALSE,0.548456569621007
"stationary_null","NONE",36,25,"LAST",TRUE,32.8432685568347,3.07539571081428,27.3473339754357,39.4437092283025,"",0.313730742273387,FALSE,0.48385501011467
"stationary_null","NONE",37,25,"CHECK",TRUE,24.1441295965076,1.77775899982883,20.9036122739891,27.8869980141338,"",-0.0342348161396943,TRUE,0.27933542960579
"stationary_null","NONE",37,25,"FIRST",TRUE,20.260729626582,2.16110159712089,16.4482128741519,24.9569462738743,"",-0.189570814936722,FALSE,0.340349335988899
"stationary_null","NONE",37,25,"LAST",TRUE,22.5234165768282,2.59650508649344,17.9817200285456,28.2122229401861,"",-0.0990633369268728,TRUE,0.409220116465622
"stationary_null","NONE",38,25,"CHECK",TRUE,29.5736941384669,2.55115172337505,24.9812056344948,35.0104553716141,"",0.182947765538677,TRUE,0.401169989484773
"stationary_null","NONE",38,25,"FIRST",TRUE,30.3510296362622,4.1038756626869,23.31311003185,39.5136040932659,"",0.214041185450488,TRUE,0.648019762456633
"stationary_null","NONE",38,25,"LAST",TRUE,27.3497900222561,3.73035271903135,20.9599203290685,35.6876840425827,"",0.0939916008902459,TRUE,0.589110548540566
"stationary_null","NONE",39,25,"CHECK",TRUE,29.8970752526545,3.03064167764545,24.5224324838853,36.4496918994583,"",0.19588301010618,TRUE,0.477090376622923
"stationary_null","NONE",39,25,"FIRST",TRUE,28.7674397946747,4.85639711866791,20.7115815922607,39.9566584837474,"",0.150697591786987,TRUE,0.769803075659467
"stationary_null","NONE",39,25,"LAST",TRUE,31.5364517693709,5.78953681085276,22.0719323250059,45.0593892531606,"",0.261458070774837,TRUE,0.919498277126189
"stationary_null","NONE",40,25,"CHECK",TRUE,25.5286646182184,1.94160772839326,21.9979623724201,29.6260492747527,"",0.0211465847287353,TRUE,0.305123476093305
"stationary_null","NONE",40,25,"FIRST",TRUE,23.4360664014107,2.80295616671959,18.5541977588193,29.602422886231,"",-0.0625573439435735,TRUE,0.441929005096467
"stationary_null","NONE",40,25,"LAST",TRUE,25.2779339412568,3.3809447947274,19.4713897692403,32.8160419934664,"",0.0111173576502709,TRUE,0.533786088969042
"empirical_transition","POST",1,6.25,"CHECK",TRUE,5.92212705444176,1.16539392439354,4.04167465204089,8.6774893746683,"",-0.0524596712893188,TRUE,0.741730355620387
"empirical_transition","POST",1,6.25,"FIRST",TRUE,5.41061208984463,1.51779910698809,3.15480478071606,9.27940878171494,"",-0.13430206562486,TRUE,0.979936640159821
"empirical_transition","POST",1,6.25,"LAST",TRUE,5.63982361008834,1.62783955188595,3.23950641601711,9.81865947097476,"",-0.0976282223858659,TRUE,1.05266448879322
"empirical_transition","POST",2,6.25,"CHECK",TRUE,8.779536780224,1.58383472390071,6.18218561560561,12.4681254928246,"",0.40472588483584,TRUE,1.00575038035504
"empirical_transition","POST",2,6.25,"FIRST",TRUE,7.31904658833005,1.70586275116518,4.66317039369419,11.4875585577109,"",0.171047454132808,TRUE,1.09190210624267
"empirical_transition","POST",2,6.25,"LAST",TRUE,7.93446470821388,1.9769977111545,4.90470425924316,12.8357851724185,"",0.26951435331422,TRUE,1.26897294610806
"empirical_transition","POST",3,6.25,"CHECK",TRUE,7.95153613128009,1.09876869147903,6.07274487973621,10.4115895034601,"",0.272245781004815,TRUE,0.694215139795828
"empirical_transition","POST",3,6.25,"FIRST",TRUE,5.65148986815432,0.983980059096604,4.02777745792374,7.92976723850954,"",-0.095761621095309,TRUE,0.624318364893728
"empirical_transition","POST",3,6.25,"LAST",TRUE,8.74072734828174,1.61985754642395,6.0971964476029,12.5304006904742,"",0.398516375725078,TRUE,1.02931267885941
"empirical_transition","POST",4,6.25,"CHECK",TRUE,7.51725868135338,0.929864909407605,5.90428877438977,9.5708696240426,"",0.202761389016541,TRUE,0.586652935944452
"empirical_transition","POST",4,6.25,"FIRST",TRUE,5.65811240017749,0.904611939056221,4.14419654569708,7.72507664152239,"",-0.0947020159716013,TRUE,0.57294081533205
"empirical_transition","POST",4,6.25,"LAST",TRUE,10.0258761420932,2.06411729400468,6.72501639594761,14.9469066688319,"",0.604140182734907,FALSE,1.31550244366149
"empirical_transition","POST",5,6.25,"CHECK",TRUE,8.02959069098413,1.18994378130598,6.01498028160362,10.7189589402195,"",0.284734510557461,TRUE,0.752636585378537
"empirical_transition","POST",5,6.25,"FIRST",TRUE,9.11700993475398,2.13439172336366,5.79734466784069,14.337576065037,"",0.458721589560637,TRUE,1.36643702355141
"empirical_transition","POST",5,6.25,"LAST",TRUE,11.1956270524097,2.90515357670262,6.78826148326639,18.4645310740645,"",0.791300328385547,FALSE,1.86820313452769
"empirical_transition","POST",6,6.25,"CHECK",TRUE,9.48185908951202,1.98464458268217,6.31880843689934,14.228260389783,"",0.517097454321924,FALSE,1.26551231246139
"empirical_transition","POST",6,6.25,"FIRST",TRUE,5.68949939591086,1.50259618398874,3.42019013890774,9.46450403672813,"",-0.0896800966542617,TRUE,0.967090223651262
"empirical_transition","POST",6,6.25,"LAST",TRUE,13.2125528675888,4.88738045995257,6.54881453759293,26.6569700938569,"",1.11400845881422,FALSE,3.21730488900224
"empirical_transition","POST",7,6.25,"CHECK",TRUE,6.8260668498522,1.13810382004578,4.93426199264602,9.44319306678408,"",0.0921706959763517,TRUE,0.721428971862089
"empirical_transition","POST",7,6.25,"FIRST",TRUE,6.51719461875197,1.55265416067342,4.11209372430073,10.329002339535,"",0.0427511390003153,TRUE,0.994705378437491
"empirical_transition","POST",7,6.25,"LAST",TRUE,7.90954412131855,2.17317832223915,4.66146473387347,13.4208648523014,"",0.265527059410968,TRUE,1.40150401894847
"empirical_transition","POST",8,6.25,"CHECK",TRUE,6.10070058941514,1.21012621791586,4.15109754436517,8.96595353009998,"",-0.0238879056935777,TRUE,0.770376957717571
"empirical_transition","POST",8,6.25,"FIRST",TRUE,5.89917984030211,1.63590935399663,3.46020750470446,10.0572935989858,"",-0.0561312255516624,TRUE,1.05553377508501
"empirical_transition","POST",8,6.25,"LAST",TRUE,5.91802894378337,1.81408857987213,3.28919083772858,10.6479278057468,"",-0.0531153689946606,TRUE,1.17739791488291
"empirical_transition","POST",9,6.25,"CHECK",TRUE,8.67962331081071,1.95581600604813,5.61133301706391,13.4256620643392,"",0.388739729729714,TRUE,1.25029264756404
"empirical_transition","POST",9,6.25,"FIRST",TRUE,7.57763082449969,1.96947143121546,4.59099079742217,12.5072106318857,"",0.21242093191995,TRUE,1.26659517351416
"empirical_transition","POST",9,6.25,"LAST",TRUE,9.37567597219336,2.98067471802943,5.10363098282117,17.2236786381003,"",0.500108155550938,TRUE,1.93920762484467
"empirical_transition","POST",10,6.25,"CHECK",TRUE,7.30361792237933,1.03326345222397,5.54258371939224,9.62418205240025,"",0.168578867580693,TRUE,0.653055733281282
"empirical_transition","POST",10,6.25,"FIRST",TRUE,6.59396441567202,1.28773005883056,4.51303937702313,9.63438673646787,"",0.0550343065075235,TRUE,0.819415577511159
"empirical_transition","POST",10,6.25,"LAST",TRUE,8.54780954627993,1.88252189291067,5.57964113226779,13.0949368081989,"",0.367649527404788,TRUE,1.20244730814899
"empirical_transition","POST",11,6.25,"CHECK",TRUE,6.26470972350701,0.778017879234111,4.91579745444307,7.98376830687579,"",0.00235355576112127,TRUE,0.490875336389235
"empirical_transition","POST",11,6.25,"FIRST",TRUE,6.23961369696004,1.05989908769956,4.48326501461954,8.68402357664223,"",-0.00166180848639328,TRUE,0.672121369923631
"empirical_transition","POST",11,6.25,"LAST",TRUE,7.51685713906559,1.38615689025692,5.25266448154706,10.7570436770939,"",0.202697142250494,TRUE,0.88070067128749
"empirical_transition","POST",12,6.25,"CHECK",TRUE,7.64613681820541,1.01673320576972,5.89862061095706,9.91136947070591,"",0.223381890912866,TRUE,0.642039817559816
"empirical_transition","POST",12,6.25,"FIRST",TRUE,7.46011255918578,1.42521504139354,5.14734173509321,10.8120428485042,"",0.193618009469726,TRUE,0.906352178145751
"empirical_transition","POST",12,6.25,"LAST",TRUE,9.60266514171187,2.19566546919343,6.16932144913275,14.946729325769,"",0.536426422673899,TRUE,1.4043852602618
"empirical_transition","POST",13,6.25,"CHECK",TRUE,6.62726086528571,0.661619718250134,5.45213516201181,8.05566723337451,"",0.0603617384457144,TRUE,0.416565131418032
"empirical_transition","POST",13,6.25,"FIRST",TRUE,6.89382769090258,1.0962148644843,5.05768275642618,9.39656805707537,"",0.103012430544412,TRUE,0.69422164810387
"empirical_transition","POST",13,6.25,"LAST",TRUE,7.52867232345103,1.28406226997071,5.40231748235437,10.4919614848692,"",0.204587571752164,TRUE,0.81434304040237
"empirical_transition","POST",14,6.25,"CHECK",TRUE,8.20928825985844,0.941691382333738,6.56119136743375,10.2713684084798,"",0.313486121577351,FALSE,0.593628326567374
"empirical_transition","POST",14,6.25,"FIRST",TRUE,6.22421345886146,1.01385020421276,4.53252900011972,8.54728854033782,"",-0.00412584658216645,TRUE,0.642361526434896
"empirical_transition","POST",14,6.25,"LAST",TRUE,10.795426857138,2.2934800099035,7.1514614443246,16.2961433736461,"",0.727268297142075,FALSE,1.46314910869144
"empirical_transition","POST",15,6.25,"CHECK",TRUE,8.8767244278369,1.55459964457143,6.31399821361564,12.4796102092393,"",0.420275908453904,FALSE,0.986497919299783
"empirical_transition","POST",15,6.25,"FIRST",TRUE,9.80023128998602,2.81245023700049,5.64647012305334,17.0096593525027,"",0.568037006397764,TRUE,1.8181102767119
"empirical_transition","POST",15,6.25,"LAST",TRUE,10.5328970492489,3.32524186124028,5.7567828183267,19.2715139256067,"",0.685263527879828,TRUE,2.16235697716481
"empirical_transition","POST",16,6.25,"CHECK",TRUE,8.04966527936307,1.3340032785219,5.83001577077701,11.1143972259182,"",0.287946444698091,TRUE,0.845501032822588
"empirical_transition","POST",16,6.25,"FIRST",TRUE,3.19834142002339,0.575531236356831,2.25409654022525,4.53813208817358,"",-0.488265372796257,FALSE,0.365445687671732
"empirical_transition","POST",16,6.25,"LAST",TRUE,9.5857039549826,3.06686575127576,5.19872390054761,17.6746682590492,"",0.533712632797216,TRUE,1.99615109736025
"empirical_transition","POST",17,6.25,"CHECK",TRUE,5.7302320267686,0.608644381092271,4.6560124859649,7.05229188701365,"",-0.0831628757170247,TRUE,0.3834047041678
"empirical_transition","POST",17,6.25,"FIRST",TRUE,5.37338916056269,0.84943299167568,3.94928616608794,7.31102023418417,"",-0.14025773430997,TRUE,0.537877450895396
"empirical_transition","POST",17,6.25,"LAST",TRUE,7.01560544788095,1.3011769246465,4.89245258363469,10.0601322054656,"",0.122496871660952,TRUE,0.826828739492949
"empirical_transition","POST",18,6.25,"CHECK",TRUE,8.04902558841874,1.23501493726033,5.96893583685888,10.8539972105167,"",0.287844094146998,TRUE,0.781609819785253
"empirical_transition","POST",18,6.25,"FIRST",TRUE,6.13314859007222,1.28987993674426,4.07941953819498,9.22079998777192,"",-0.0186962255884451,TRUE,0.822620871932311
"empirical_transition","POST",18,6.25,"LAST",TRUE,7.35870479755748,1.54976002825845,4.89190221597871,11.06942328502,"",0.177392767609197,TRUE,0.988403371046598
"empirical_transition","POST",19,6.25,"CHECK",TRUE,7.02280890710704,1.33876429767404,4.84943791824451,10.1702188536513,"",0.123649425137126,TRUE,0.85132494966509
"empirical_transition","POST",19,6.25,"FIRST",TRUE,6.11091549811891,1.4232555554964,3.89466779476049,9.58831155647933,"",-0.022253520300975,TRUE,0.910983001875015
"empirical_transition","POST",19,6.25,"LAST",TRUE,9.41195951882641,2.99568542007152,5.11993284346746,17.3019812353697,"",0.505913523012226,TRUE,1.94912774270436
"empirical_transition","POST",20,6.25,"CHECK",TRUE,5.54596172909536,0.766077248608109,4.2359757177336,7.2610641680087,"",-0.112646123344743,TRUE,0.484014152044017
"empirical_transition","POST",20,6.25,"FIRST",TRUE,5.70162845731719,1.14447277883879,3.86210391125421,8.41732066570214,"",-0.0877394468292499,TRUE,0.728834680711669
"empirical_transition","POST",20,6.25,"LAST",TRUE,6.53351302046585,1.44715914708712,4.25461670535783,10.0330524098308,"",0.0453620832745356,TRUE,0.924549712715676
"empirical_transition","POST",21,6.25,"CHECK",TRUE,6.16268284217518,0.796947625577346,4.78795401569899,7.93212710245627,"",-0.0139707452519718,TRUE,0.503067693881165
"empirical_transition","POST",21,6.25,"FIRST",TRUE,5.0210155063005,0.795226084816899,3.68818569103294,6.8355009282218,"",-0.19663751899192,TRUE,0.503570437950217
"empirical_transition","POST",21,6.25,"LAST",TRUE,7.88164903454427,1.53376468314525,5.40145226976555,11.5006832239265,"",0.261063845527083,TRUE,0.975876952665758
"empirical_transition","POST",22,6.25,"CHECK",TRUE,6.09035300361265,0.806525116350483,4.70338188876767,7.88632532629245,"",-0.0255435194219753,TRUE,0.509270950003966
"empirical_transition","POST",22,6.25,"FIRST",TRUE,5.37416007854723,0.984543587779417,3.76405560647635,7.67299943713843,"",-0.140134387432443,TRUE,0.625431012905932
"empirical_transition","POST",22,6.25,"LAST",TRUE,6.64466939616897,1.32371605898953,4.51386626196263,9.78133352253714,"",0.0631471033870352,TRUE,0.842794761691922
"empirical_transition","POST",23,6.25,"CHECK",TRUE,6.96223668128382,1.02259444912466,5.22869266485742,9.27052758943056,"",0.113957869005411,TRUE,0.646693587931703
"empirical_transition","POST",23,6.25,"FIRST",TRUE,7.46937619224003,1.61493683212139,4.91299036768872,11.3559312202456,"",0.195100190758405,TRUE,1.0308705364091
"empirical_transition","POST",23,6.25,"LAST",TRUE,8.18090389612202,1.78869354998012,5.35624998048945,12.4951577692176,"",0.308944623379523,TRUE,1.1422252461965
"empirical_transition","POST",24,6.25,"CHECK",TRUE,8.29282681858549,1.21601590679175,6.23089130702456,11.0371009947678,"",0.326852290973679,TRUE,0.768993550038916
"empirical_transition","POST",24,6.25,"FIRST",TRUE,6.21749577526821,1.18888276317633,4.28855950538615,9.01404158364295,"",-0.00520067595708696,TRUE,0.756077132521088
"empirical_transition","POST",24,6.25,"LAST",TRUE,9.81999035684531,2.30366893922044,6.23873006126782,15.4570256545029,"",0.57119845709525,TRUE,1.47492729491761
"empirical_transition","POST",25,6.25,"CHECK",TRUE,7.82829749612438,1.296678153099,5.6705787956635,10.8070523126655,"",0.252527599379901,TRUE,0.821835762720323
"empirical_transition","POST",25,6.25,"FIRST",TRUE,7.14791410987949,1.61351445540958,4.61761866503882,11.0647240121949,"",0.143666257580719,TRUE,1.03153685554497
"empirical_transition","POST",25,6.25,"LAST",TRUE,8.34283951791389,2.05737992224945,5.18196274943647,13.4317776076709,"",0.334854322866222,TRUE,1.31997037731751
"empirical_transition","POST",26,6.25,"CHECK",TRUE,7.20265075132779,0.812032940654708,5.77869847568383,8.97748482013741,"",0.152424120212446,TRUE,0.511805815112572
"empirical_transition","POST",26,6.25,"FIRST",TRUE,6.19673485955954,0.873995043146269,4.70651136579613,8.15880807146099,"",-0.008522422470474,TRUE,0.552367472906378
"empirical_transition","POST",26,6.25,"LAST",TRUE,8.62781966310848,1.53191962576397,6.10852742134263,12.1861239222791,"",0.380451146097356,TRUE,0.972415440149836
"empirical_transition","POST",27,6.25,"CHECK",TRUE,7.03700885300821,0.755104441609626,5.70573278850118,8.67890162979821,"",0.125921416481314,TRUE,0.475707014607526
"empirical_transition","POST",27,6.25,"FIRST",TRUE,7.00071636059928,1.00953693262196,5.28477102243275,9.27382271692097,"",0.120114617695885,TRUE,0.638248271118116
"empirical_transition","POST",27,6.25,"LAST",TRUE,8.41356927240751,1.33314317628931,6.17932885946373,11.4556369326722,"",0.346171083585202,TRUE,0.844209291713356
"empirical_transition","POST",28,6.25,"CHECK",TRUE,5.44720603635965,0.809590183170209,4.07712937404828,7.27768262430459,"",-0.128447034182456,TRUE,0.51208852004101
"empirical_transition","POST",28,6.25,"FIRST",TRUE,5.14192770298945,1.00086460196068,3.52354201420377,7.50364842995778,"",-0.177291567521687,TRUE,0.63681702652064
"empirical_transition","POST",28,6.25,"LAST",TRUE,6.9333932671247,1.40410554487448,4.68053223991181,10.270614479843,"",0.109342922739953,TRUE,0.894413158388986
"empirical_transition","POST",29,6.25,"CHECK",TRUE,6.08085034156121,0.773345708533324,4.74400119956927,7.79442064218329,"",-0.0270639453502069,TRUE,0.488067110818243
"empirical_transition","POST",29,6.25,"FIRST",TRUE,5.27528808285484,0.866062046423715,3.83203659444496,7.26210819527445,"",-0.155953906743226,TRUE,0.548811456132718
"empirical_transition","POST",29,6.25,"LAST",TRUE,7.10023039552783,1.36370354229242,4.88950600566476,10.3105040900187,"",0.136036863284452,TRUE,0.867359693496623
"empirical_transition","POST",30,6.25,"CHECK",TRUE,7.55511410457732,1.04737328604214,5.76499867885817,9.90108624699433,"",0.208818256732371,TRUE,0.661774010901785
"empirical_transition","POST",30,6.25,"FIRST",TRUE,5.98945632089139,1.03321673279896,4.28178870082473,8.37817779587211,"",-0.0416869886573772,TRUE,0.65542225520758
"empirical_transition","POST",30,6.25,"LAST",TRUE,8.72681659071203,1.75360644806323,5.90882851478529,12.8887354942461,"",0.396290654513924,TRUE,1.11678511671373
"empirical_transition","POST",31,6.25,"CHECK",TRUE,8.3077117762698,1.0792946422068,6.44703660179251,10.7053952413396,"",0.329233884203169,FALSE,0.68133738232754
"empirical_transition","POST",31,6.25,"FIRST",TRUE,7.27085274115044,1.33188290457332,5.09267629212793,10.3806518519962,"",0.163336438584071,TRUE,0.846076089578924
"empirical_transition","POST",31,6.25,"LAST",TRUE,10.6207777071716,2.23742206551789,7.05962031596075,15.978326603504,"",0.699324433147457,FALSE,1.42699300600693
"empirical_transition","POST",32,6.25,"CHECK",TRUE,7.47738565756502,1.22850750508827,5.43038513490461,10.2960093774161,"",0.196381705210403,TRUE,0.778499878801845
"empirical_transition","POST",32,6.25,"FIRST",TRUE,3.72275199527704,0.708057868720689,2.57278740295252,5.38671885692336,"",-0.404359680755673,FALSE,0.450229032635334
"empirical_transition","POST",32,6.25,"LAST",TRUE,7.59154231201803,1.97189184133759,4.60077101696299,12.5264905518387,"",0.214646769922884,TRUE,1.26811512558011
"empirical_transition","POST",33,6.25,"CHECK",TRUE,11.7351960952189,2.51741389074618,7.74358348055779,17.7843795109858,"",0.877631375235017,FALSE,1.60652736486847
"empirical_transition","POST",33,6.25,"FIRST",TRUE,9.45702868231671,2.0745309654837,6.18331502613721,14.4639875406821,"",0.513124589170673,TRUE,1.32490760232718
"empirical_transition","POST",33,6.25,"LAST",TRUE,14.0090284585557,4.51424387451032,7.56596381800319,25.938913147541,"",1.2414445533689,FALSE,2.93967189272605
"empirical_transition","POST",34,6.25,"CHECK",TRUE,6.31576181378732,0.858363052506656,4.84472915761509,8.233452478101,"",0.0105218902059717,TRUE,0.542195731277746
"empirical_transition","POST",34,6.25,"FIRST",TRUE,6.23591428986705,1.27804046083966,4.19024242282419,9.28028097342368,"",-0.00225371362127163,TRUE,0.814406168095918
"empirical_transition","POST",34,6.25,"LAST",TRUE,8.82739604119063,2.24151899382819,5.40824845005342,14.4081621966273,"",0.4123833665905,TRUE,1.43998619945183
"empirical_transition","POST",35,6.25,"CHECK",TRUE,8.94577781076207,1.41766455995672,6.56993689606796,12.1807776703941,"",0.431324449721931,FALSE,0.897734523892183
"empirical_transition","POST",35,6.25,"FIRST",TRUE,5.37591842818236,0.88851038025827,3.89687291309815,7.41633088657586,"",-0.139853051490822,TRUE,0.563113275756433
"empirical_transition","POST",35,6.25,"LAST",TRUE,12.6195939053035,3.77782066078101,7.10683032500549,22.4086045468731,"",1.01913502484856,FALSE,2.44828387549881
"empirical_transition","POST",36,6.25,"CHECK",TRUE,7.84328514944193,1.53744638805142,5.36062148396579,11.4757443925972,"",0.254925623910709,TRUE,0.978419665381022
"empirical_transition","POST",36,6.25,"FIRST",TRUE,6.77092911613472,1.93571652813066,3.90899273598712,11.7282083114805,"",0.0833486585815552,TRUE,1.25107449207893
"empirical_transition","POST",36,6.25,"LAST",TRUE,10.7931199785246,3.76848203492574,5.55200384000681,20.9818728927039,"",0.726899196563936,TRUE,2.46877904843153
"empirical_transition","POST",37,6.25,"CHECK",TRUE,11.4028333118888,2.10797099053125,7.96116274409035,16.3323639672157,"",0.824453329902211,FALSE,1.33939219570006
"empirical_transition","POST",37,6.25,"FIRST",TRUE,7.35390012860402,1.45358147106935,5.01046012541278,10.7933893789898,"",0.176624020576644,TRUE,0.925268680572325
"empirical_transition","POST",37,6.25,"LAST",TRUE,11.6926404500252,3.15453281521645,6.95489089651668,19.6577980485703,"",0.870822472004029,FALSE,2.03246514432858
"empirical_transition","POST",38,6.25,"CHECK",TRUE,9.6463790545124,1.86553727649343,6.62608655693612,14.043376593976,"",0.543420648721984,FALSE,1.18676640592638
"empirical_transition","POST",38,6.25,"FIRST",TRUE,7.68135596166573,2.05541371193152,4.58770615992576,12.8611614068091,"",0.229016953866518,TRUE,1.32375283950134
"empirical_transition","POST",38,6.25,"LAST",TRUE,11.0941508823195,3.99342110647021,5.59733836071523,21.9890554881417,"",0.775064141171125,TRUE,2.62267474038824
"empirical_transition","POST",39,6.25,"CHECK",TRUE,9.50808513326526,1.4769448903917,7.02519579479662,12.8684929989253,"",0.521293621322442,FALSE,0.934927552660592
"empirical_transition","POST",39,6.25,"FIRST",TRUE,6.20642147839344,1.43476943369102,3.96844449625946,9.70649018873037,"",-0.00697256345704915,TRUE,0.918087310795347
"empirical_transition","POST",39,6.25,"LAST",TRUE,9.5675892053372,2.49409414163827,5.78824522956507,15.8145965783421,"",0.530814272853951,TRUE,1.60421621580433
"empirical_transition","POST",40,6.25,"CHECK",TRUE,4.92534581658189,0.680290866246274,3.76203998605338,6.44837149601112,"",-0.211944669346898,TRUE,0.429813041593238
"empirical_transition","POST",40,6.25,"FIRST",TRUE,6.155269571247,1.66250493621443,3.65912411467545,10.3542110918748,"",-0.0151568686004804,TRUE,1.0712139163519
"empirical_transition","POST",40,6.25,"LAST",TRUE,6.89043858288386,1.99216148294886,3.95430425322238,12.0066997439067,"",0.102470173261417,TRUE,1.2883832785095
"empirical_transition","PRE",1,6.25,"CHECK",TRUE,7.64916466805637,1.30395477186131,5.4896847941128,10.6581201495919,"",0.223866346889019,TRUE,0.826949656876655
"empirical_transition","PRE",1,6.25,"FIRST",TRUE,9.24251512594141,2.49446271635858,5.49648957800581,15.5415715141315,"",0.478802420150626,TRUE,1.60721310978011
"empirical_transition","PRE",1,6.25,"LAST",TRUE,5.72684452381718,1.23006815311235,3.77696978820295,8.68334936181185,"",-0.083704876189252,TRUE,0.785020731777424
"empirical_transition","PRE",2,6.25,"CHECK",TRUE,6.29899394905267,0.893418566961962,4.77684971593437,8.30616978337179,"",0.00783903184842799,TRUE,0.564691210789987
"empirical_transition","PRE",2,6.25,"FIRST",TRUE,5.66611166206991,1.11146945836915,3.8715625943208,8.29247121411373,"",-0.0934221340688137,TRUE,0.707345379166868
"empirical_transition","PRE",2,6.25,"LAST",TRUE,4.77670076812324,0.913146308183282,3.29506921509134,6.92454960390161,"",-0.235727877100282,TRUE,0.580716862209643
"empirical_transition","PRE",3,6.25,"CHECK",TRUE,8.39532550128746,1.34753216315876,6.1415678246483,11.4761396902107,"",0.343252080205993,TRUE,0.853531498489987
"empirical_transition","PRE",3,6.25,"FIRST",TRUE,9.70240636445496,2.96976008537668,5.3969756775998,17.4424890687818,"",0.552385018312793,TRUE,1.92728214258913
"empirical_transition","PRE",3,6.25,"LAST",TRUE,8.67888530618915,2.15104924516011,5.3781291671481,14.0054371728539,"",0.388621648990264,TRUE,1.38036928091293
"empirical_transition","PRE",4,6.25,"CHECK",TRUE,7.82857423833002,1.81516579350671,4.99916642098864,12.2593587498382,"",0.252571878132803,TRUE,1.16163077261593
"empirical_transition","PRE",4,6.25,"FIRST",TRUE,8.0804546710615,2.60794108214759,4.36003491968028,14.9755102640021,"",0.292872747369839,TRUE,1.69847605509149
"empirical_transition","PRE",4,6.25,"LAST",TRUE,4.9478075700359,1.17917876416686,3.12137998762391,7.84294121419675,"",-0.208350788794256,TRUE,0.755449796251654
"empirical_transition","PRE",5,6.25,"CHECK",TRUE,7.14182192499397,1.02132116951684,5.40378298714167,9.43887282847826,"",0.142691507999035,TRUE,0.645614374613854
"empirical_transition","PRE",5,6.25,"FIRST",TRUE,9.70292332359037,2.60782051863172,5.78236325083228,16.2817029888122,"",0.552467731774458,TRUE,1.67989435807679
"empirical_transition","PRE",5,6.25,"LAST",TRUE,5.44662910606431,0.986538435613122,3.82995524475485,7.74572200540837,"",-0.128539343029711,TRUE,0.626522681704562
"empirical_transition","PRE",6,6.25,"CHECK",TRUE,6.92558815369303,0.88165220906247,5.40170509461035,8.87937612929479,"",0.108094104590884,TRUE,0.55642736554951
"empirical_transition","PRE",6,6.25,"FIRST",TRUE,6.21589695288359,1.10090301050376,4.40462887002902,8.77199329818062,"",-0.00545648753862579,TRUE,0.698778308504256
"empirical_transition","PRE",6,6.25,"LAST",TRUE,5.99251706814437,1.11506044797296,4.17414401262254,8.60302392620129,"",-0.0411972690969014,TRUE,0.7086207861726
"empirical_transition","PRE",7,6.25,"CHECK",TRUE,5.97641254406264,1.08497560011037,4.19915520871148,8.50587918796868,"",-0.043773992949978,TRUE,0.689075836681151
"empirical_transition","PRE",7,6.25,"FIRST",TRUE,6.80894829531123,1.88345311629136,3.99900404414126,11.5933308334969,"",0.0894317272497966,TRUE,1.2150922862969
"empirical_transition","PRE",7,6.25,"LAST",TRUE,5.05955988407897,1.24096942007169,3.15049082812898,8.12544699131344,"",-0.190470418547365,TRUE,0.795992986109514
"empirical_transition","PRE",8,6.25,"CHECK",TRUE,6.72697142516791,0.880709412284808,5.21016676776698,8.68535434124312,"",0.0763154280268655,TRUE,0.556030011756182
"empirical_transition","PRE",8,6.25,"FIRST",TRUE,8.74440127901875,1.92625143610826,5.70743275448784,13.3973639318623,"",0.399104204643,TRUE,1.23038898837991
"empirical_transition","PRE",8,6.25,"LAST",TRUE,8.80218611312491,2.01388155056387,5.65353513562272,13.7044306812387,"",0.408349778099986,TRUE,1.28814328729856
"empirical_transition","PRE",9,6.25,"CHECK",TRUE,7.49285727174557,1.19130803849411,5.49739014437801,10.212647932977,"",0.198857163479291,TRUE,0.754441246175843
"empirical_transition","PRE",9,6.25,"FIRST",TRUE,8.44889009675904,2.03733159518406,5.30197402298743,13.4636162979334,"",0.351822415481447,TRUE,1.30586276399135
"empirical_transition","PRE",9,6.25,"LAST",TRUE,4.76054029603835,1.02774244723692,3.13314878379741,7.23321663733359,"",-0.238313552633864,TRUE,0.656010856565789
"empirical_transition","PRE",10,6.25,"CHECK",TRUE,5.96358787276731,0.999483925075799,4.30363061226337,8.26380875135407,"",-0.0458259403572306,TRUE,0.633628502254513
"empirical_transition","PRE",10,6.25,"FIRST",TRUE,6.21578206037164,1.72050381843776,3.64939843275261,10.5869357194019,"",-0.00547487034053731,TRUE,1.11000596586389
"empirical_transition","PRE",10,6.25,"LAST",TRUE,6.88667878943452,1.97343642430027,3.97088267801126,11.9435270680422,"",0.101868606309523,TRUE,1.27562310240495
"empirical_transition","PRE",11,6.25,"CHECK",TRUE,5.74159895674794,0.702746990313594,4.5210207585506,7.29170697077216,"",-0.0813441669203293,TRUE,0.443309793955448
"empirical_transition","PRE",11,6.25,"FIRST",TRUE,5.76322708564603,1.02032192865948,4.08441793920582,8.13207339089848,"",-0.0778836662966346,TRUE,0.647624872270825
"empirical_transition","PRE",11,6.25,"LAST",TRUE,4.73542142221268,0.774327650162688,3.44420381883088,6.51071110349172,"",-0.242332572445971,TRUE,0.490641165545736
"empirical_transition","PRE",12,6.25,"CHECK",TRUE,7.49361214690529,1.018098824344,5.74875062124552,9.76807426655779,"",0.198977943504846,TRUE,0.643091783249963
"empirical_transition","PRE",12,6.25,"FIRST",TRUE,9.076591731219,1.94864516367978,5.98733908552709,13.7597881593807,"",0.45225467699504,TRUE,1.24359185181658
"empirical_transition","PRE",12,6.25,"LAST",TRUE,7.74408805344313,1.63124890493746,5.14768486701985,11.6500720865222,"",0.239054088550901,TRUE,1.04038195512037
"empirical_transition","PRE",13,6.25,"CHECK",TRUE,8.18430653108166,1.23919754495302,6.09298175963231,10.9934472212745,"",0.309489044973066,TRUE,0.784074473862745
"empirical_transition","PRE",13,6.25,"FIRST",TRUE,9.94574439636361,2.64874265810696,5.95412752885201,16.6133209472707,"",0.591319103418178,TRUE,1.70547094694699
"empirical_transition","PRE",13,6.25,"LAST",TRUE,8.27531821786168,1.87607570113749,5.3360984452139,12.8335135324004,"",0.324050914857868,TRUE,1.19958641394984
"empirical_transition","PRE",14,6.25,"CHECK",TRUE,5.02520849208021,0.923018826954045,3.51643384198873,7.18134380557357,"",-0.195966641267166,TRUE,0.586385594173574
"empirical_transition","PRE",14,6.25,"FIRST",TRUE,6.33489253214676,1.61610286981001,3.87259330531363,10.3627879898426,"",0.0135828051434818,TRUE,1.03843114952463
"empirical_transition","PRE",14,6.25,"LAST",TRUE,6.33469233561819,1.61652778938126,3.87192695559313,10.3639163256872,"",0.0135507736989103,TRUE,1.03871829921504
"empirical_transition","PRE",15,6.25,"CHECK",TRUE,5.47571221165886,0.739907991821635,4.20669994851131,7.12754049299871,"",-0.123886046134582,TRUE,0.467334487117985
"empirical_transition","PRE",15,6.25,"FIRST",TRUE,6.07782878287556,1.21567203205771,4.12249542145345,8.9605927811866,"",-0.0275473947399102,TRUE,0.774095577557303
"empirical_transition","PRE",15,6.25,"LAST",TRUE,5.9293495600716,1.16569311783175,4.0480629122111,8.684940666181,"",-0.0513040703885443,TRUE,0.741900440635185
"empirical_transition","PRE",16,6.25,"CHECK",TRUE,5.05135622751573,0.836812942828676,3.65889882662116,6.97373744024103,"",-0.191783003597483,TRUE,0.53037417817918
"empirical_transition","PRE",16,6.25,"FIRST",TRUE,4.68314527996462,1.09658665311269,2.9776760805011,7.36542495568022,"",-0.250696755205661,TRUE,0.702039820028658
"empirical_transition","PRE",16,6.25,"LAST",TRUE,3.91635436312293,1.00351076714077,2.38908537013609,6.41995957502278,"",-0.373383301900331,TRUE,0.644939872781871
"empirical_transition","PRE",17,6.25,"CHECK",TRUE,5.71146584150943,0.955995369983696,4.12339561993706,7.91115989477306,"",-0.086165465358492,TRUE,0.606042283973759
"empirical_transition","PRE",17,6.25,"FIRST",TRUE,7.28440219493024,1.72709047072158,4.60608370596735,11.5200935816169,"",0.165504351188838,TRUE,1.10624158010392
"empirical_transition","PRE",17,6.25,"LAST",TRUE,7.11076829282546,1.64179615331843,4.54914672403152,11.1148373050149,"",0.137722926852073,TRUE,1.05051049295734
"empirical_transition","PRE",18,6.25,"CHECK",TRUE,8.64094994905889,1.13066120305353,6.6935242316665,11.154963131216,"",0.382551991849423,FALSE,0.713830223927923
"empirical_transition","PRE",18,6.25,"FIRST",TRUE,11.7507516609262,2.50057336142288,7.77912649712928,17.7500860344301,"",0.880120265748191,FALSE,1.59535352596813
"empirical_transition","PRE",18,6.25,"LAST",TRUE,7.00574946889265,1.25350508174996,4.94710879384802,9.92105240982849,"",0.120919915022824,TRUE,0.795830978556876
"empirical_transition","PRE",19,6.25,"CHECK",TRUE,7.23359243496145,1.38131853312269,4.99186464859199,10.4820268974821,"",0.157374789593831,TRUE,0.878425959822422
"empirical_transition","PRE",19,6.25,"FIRST",TRUE,10.1233734427745,3.30790992723693,5.42263639294457,18.8990524969024,"",0.619739750843926,TRUE,2.15622657663325
"empirical_transition","PRE",19,6.25,"LAST",TRUE,7.68918363516189,2.38275365545869,4.24746238913469,13.9197336099982,"",0.230269381625903,TRUE,1.54756339533816
"empirical_transition","PRE",20,6.25,"CHECK",TRUE,5.6913729041783,0.632758657143063,4.58007063073259,7.07232008979605,"",-0.0893803353314715,TRUE,0.398759913450154
"empirical_transition","PRE",20,6.25,"FIRST",TRUE,6.65567570336904,1.22885955841367,4.64886759315807,9.52877624082308,"",0.0649081125390462,TRUE,0.780785383626402
"empirical_transition","PRE",20,6.25,"LAST",TRUE,5.18174905654556,0.854709135450502,3.75850555481667,7.14393603878031,"",-0.170920150952711,TRUE,0.541668877434184
"empirical_transition","PRE",21,6.25,"CHECK",TRUE,6.90588160333364,1.2848185335405,4.8106183762198,9.9137360292416,"",0.104941056533382,TRUE,0.816498824483489
"empirical_transition","PRE",21,6.25,"FIRST",TRUE,7.67271539755508,2.3394159345914,4.27723420537831,13.7636983959993,"",0.227634463608812,TRUE,1.51783427049936
"empirical_transition","PRE",21,6.25,"LAST",TRUE,3.43178678773732,0.816768572298524,2.16629481139929,5.43654561443608,"",-0.450914113962029,FALSE,0.523240128485886
"empirical_transition","PRE",22,6.25,"CHECK",TRUE,7.57210193053635,1.03315642781678,5.80245182731681,9.88146551712885,"",0.211536308885816,TRUE,0.652642190369926
"empirical_transition","PRE",22,6.25,"FIRST",TRUE,7.62842637474748,1.42977589139363,5.29994733086855,10.9798994823985,"",0.220548219959597,TRUE,0.908792344244793
"empirical_transition","PRE",22,6.25,"LAST",TRUE,6.66786163321215,1.19881460715669,4.70072237610658,9.45820135765758,"",0.0668578613139437,TRUE,0.76119663704816
"empirical_transition","PRE",23,6.25,"CHECK",TRUE,5.37188009070853,0.634681442591563,4.26487357795358,6.76622534794976,"",-0.140499185486635,TRUE,0.40021628319939
"empirical_transition","PRE",23,6.25,"FIRST",TRUE,5.4997356407089,0.954184375932125,3.92423471997159,7.70776833601399,"",-0.120042297486576,TRUE,0.605365378566784
"empirical_transition","PRE",23,6.25,"LAST",TRUE,5.22337549164219,0.902190699497803,3.73258189570342,7.30959220428481,"",-0.164259921337249,TRUE,0.572321649373023
"empirical_transition","PRE",24,6.25,"CHECK",TRUE,6.64659513837124,0.937407685241878,5.04823997035501,8.7510156396772,"",0.0634552221393987,TRUE,0.592444107091551
"empirical_transition","PRE",24,6.25,"FIRST",TRUE,7.54375939264025,1.63323554352652,4.95915559522135,11.4754023505302,"",0.20700150282244,TRUE,1.04259948084941
"empirical_transition","PRE",24,6.25,"LAST",TRUE,5.64206052686335,1.10071648888366,3.86299486019731,8.2404580230696,"",-0.0972703157018645,TRUE,0.700394106059567
"empirical_transition","PRE",25,6.25,"CHECK",TRUE,6.98448418967885,1.07702742246819,5.17186303018886,9.43238811838611,"",0.117517470348616,TRUE,0.681684014111561
"empirical_transition","PRE",25,6.25,"FIRST",TRUE,8.80607634328989,2.43736409049688,5.17034104322078,14.9984265864875,"",0.408972214926382,TRUE,1.57249368692267
"empirical_transition","PRE",25,6.25,"LAST",TRUE,6.73004595872362,1.73287996773884,4.09595233783041,11.0581166162992,"",0.0768073533957795,TRUE,1.11394628455501
"empirical_transition","PRE",26,6.25,"CHECK",TRUE,7.7804196972914,1.31744038158178,5.59613827613824,10.8172685660966,"",0.244867151566625,TRUE,0.835380846393332
"empirical_transition","PRE",26,6.25,"FIRST",TRUE,8.64317851680254,1.92728199967549,5.61264831197096,13.3100331111043,"",0.382908562688406,TRUE,1.23158156786133
"empirical_transition","PRE",26,6.25,"LAST",TRUE,6.62648798874245,1.49041535614739,4.28736154620048,10.2418101650097,"",0.0602380781987927,TRUE,0.952711779009482
"empirical_transition","PRE",27,6.25,"CHECK",TRUE,6.05997702002961,0.812528876327691,4.66497031570131,7.87214472934242,"",-0.0304036767952628,TRUE,0.513147906182577
"empirical_transition","PRE",27,6.25,"FIRST",TRUE,8.42859018949009,1.77303422999234,5.60571943975914,12.672973263432,"",0.348574430318414,TRUE,1.13076061178766
"empirical_transition","PRE",27,6.25,"LAST",TRUE,5.61408248322567,1.07112579352985,3.87547793659502,8.13265425429122,"",-0.101746802683893,TRUE,0.681148210831391
"empirical_transition","PRE",28,6.25,"CHECK",TRUE,7.84867268270197,1.28245244719897,5.70988392223849,10.7886016106684,"",0.255787629232315,TRUE,0.812594830148792
"empirical_transition","PRE",28,6.25,"FIRST",TRUE,9.09188226612113,2.35986788343553,5.51199860522804,14.9967968175108,"",0.454701162579381,TRUE,1.51756771396525
"empirical_transition","PRE",28,6.25,"LAST",TRUE,4.53367458716515,0.823477489514163,3.18489115420135,6.45366019343959,"",-0.274612066053576,TRUE,0.52300304627812
"empirical_transition","PRE",29,6.25,"CHECK",TRUE,9.54149007944332,2.59658375360895,5.65064968827597,16.1114275275295,"",0.526638412710931,TRUE,1.67372445428056
"empirical_transition","PRE",29,6.25,"FIRST",TRUE,12.1579444737302,7.12957416302263,4.18890056246956,35.2874487283512,"",0.945271115796829,TRUE,4.97576770654107
"empirical_transition","PRE",29,6.25,"LAST",TRUE,7.57881081888925,2.63757232509306,3.90653620180291,14.7031463325501,"",0.212609731022281,TRUE,1.72745762091956
"empirical_transition","PRE",30,6.25,"CHECK",TRUE,9.3098665182316,1.70608362832176,6.51992292724356,13.2936563138075,"",0.489578642917055,FALSE,1.08379734185023
"empirical_transition","PRE",30,6.25,"FIRST",TRUE,9.72525004032547,3.17157176174883,5.21546378104095,18.1346266252804,"",0.556040006452076,TRUE,2.06706605507831
"empirical_transition","PRE",30,6.25,"LAST",TRUE,8.72080276036048,2.36865941410283,5.16967179519003,14.7112628805317,"",0.395328441657677,TRUE,1.52665457365467
"empirical_transition","PRE",31,6.25,"CHECK",TRUE,5.19109672569296,1.18264992783835,3.34028857481821,8.06741232438779,"",-0.169424523889127,TRUE,0.756339799931132
"empirical_transition","PRE",31,6.25,"FIRST",TRUE,6.56825272362058,2.52514189083108,3.17262432702242,13.5981885639258,"",0.0509204357792925,TRUE,1.66809027790455
"empirical_transition","PRE",31,6.25,"LAST",TRUE,5.93053273280556,2.08800785950552,3.03470171831842,11.5896789073448,"",-0.0511147627511107,TRUE,1.36879635024423
"empirical_transition","PRE",32,6.25,"CHECK",TRUE,8.94533563494115,1.26096950591926,6.79512856669176,11.7759404897773,"",0.431253701590585,FALSE,0.796929907693689
"empirical_transition","PRE",32,6.25,"FIRST",TRUE,12.4886978505902,3.36253060683032,7.43588463619517,20.9749857124117,"",0.998191656094425,FALSE,2.16625617219464
"empirical_transition","PRE",32,6.25,"LAST",TRUE,6.59421330359439,1.21090392661786,4.61476831861169,9.42271552786919,"",0.0550741285751016,TRUE,0.769271553481201
"empirical_transition","PRE",33,6.25,"CHECK",TRUE,10.1286517962725,1.99980718865561,6.90389321506667,14.8596717843563,"",0.620584287403606,FALSE,1.27292457108634
"empirical_transition","PRE",33,6.25,"FIRST",TRUE,10.603399393764,3.53285974211503,5.61397406678083,20.0271817016329,"",0.696543903002238,TRUE,2.30611322157633
"empirical_transition","PRE",33,6.25,"LAST",TRUE,6.76221725185443,1.58979708856143,4.29197371102868,10.6542083526224,"",0.0819547602967081,TRUE,1.017957542655
"empirical_transition","PRE",34,6.25,"CHECK",TRUE,10.3663720567527,1.49550013462694,7.82456850231817,13.7338780518295,"",0.658619529080437,FALSE,0.94548952792181
"empirical_transition","PRE",34,6.25,"FIRST",TRUE,13.5638557863592,3.33338909479693,8.43830244250562,21.8027482478477,"",1.17021692581747,FALSE,2.13831132885474
"empirical_transition","PRE",34,6.25,"LAST",TRUE,6.72777682906442,1.09923696857617,4.89452536311167,9.24767525015345,"",0.0764442926503074,TRUE,0.696503981926684
"empirical_transition","PRE",35,6.25,"CHECK",TRUE,6.20235771630739,1.22777267134936,4.22353200696647,9.1083105745582,"",-0.00762276539081839,TRUE,0.781564570814677
"empirical_transition","PRE",35,6.25,"FIRST",TRUE,7.51708842675863,1.88077781381511,4.63770704088586,12.1841715997902,"",0.202734148281382,TRUE,1.20743432942469
"empirical_transition","PRE",35,6.25,"LAST",TRUE,6.65853008527295,1.60947493269854,4.17390833929166,10.6221841239592,"",0.0653648136436715,TRUE,1.03172412554681
"empirical_transition","PRE",36,6.25,"CHECK",TRUE,7.270528811801,1.04820157931685,5.48880467581464,9.63061947460957,"",0.163284609888161,TRUE,0.662690367807188
"empirical_transition","PRE",36,6.25,"FIRST",TRUE,7.66790521536867,1.43853755227275,5.32556850205508,11.0404683310691,"",0.226864834458988,TRUE,0.914383972642239
"empirical_transition","PRE",36,6.25,"LAST",TRUE,7.11276556018893,1.25133626328933,5.05158661186449,10.0149592200176,"",0.138042489630229,TRUE,0.794139617304499
"empirical_transition","PRE",37,6.25,"CHECK",TRUE,8.67069036991775,1.3965023866724,6.33630176323108,11.8651027524054,"",0.38731045918684,FALSE,0.884608158267897
"empirical_transition","PRE",37,6.25,"FIRST",TRUE,12.6750518567782,3.99591420899953,6.93318050724728,23.1721847432188,"",1.02800829708452,FALSE,2.59824067775544
"empirical_transition","PRE",37,6.25,"LAST",TRUE,6.0812671423731,1.23759171745459,4.09752364018441,9.02540492853441,"",-0.0269972572203045,TRUE,0.788461006135999
"empirical_transition","PRE",38,6.25,"CHECK",TRUE,8.85766459502347,1.59483140932957,6.24137531127663,12.5706624205369,"",0.417226335203755,TRUE,1.01268593748165
"empirical_transition","PRE",38,6.25,"FIRST",TRUE,11.7943681193467,3.92057598933374,6.25326192467703,22.2455289751591,"",0.887098899095475,FALSE,2.55876272807714
"empirical_transition","PRE",38,6.25,"LAST",TRUE,7.0427659553873,1.79173345368154,4.31099315250264,11.5055975613341,"",0.126842552861968,TRUE,1.15113670541303
"empirical_transition","PRE",39,6.25,"CHECK",TRUE,8.18755362007012,1.41309317715914,5.85223351686536,11.4547777508082,"",0.310008579211219,TRUE,0.896407077430853
"empirical_transition","PRE",39,6.25,"FIRST",TRUE,11.3496369067717,3.33455125362449,6.45736192097884,19.948433972248,"",0.815941905083476,FALSE,2.15857152820306
"empirical_transition","PRE",39,6.25,"LAST",TRUE,4.99726692565269,1.00951323919855,3.37672188113216,7.39553851496036,"",-0.20043729189557,TRUE,0.643010661412513
"empirical_transition","PRE",40,6.25,"CHECK",TRUE,6.25055082863913,0.750887818272085,4.94342872457823,7.90329705112412,"",8.81325822614087e-05,TRUE,0.473578932247342
"empirical_transition","PRE",40,6.25,"FIRST",TRUE,8.05876354700894,1.49078301682212,5.62507310410908,11.5453912695213,"",0.28940216752143,TRUE,0.947250906465956
"empirical_transition","PRE",40,6.25,"LAST",TRUE,4.42943815736969,0.574237756187961,3.43919916270895,5.7047938958291,"",-0.29128989482085,FALSE,0.362495157299224
"empirical_transition","POST",1,12.5,"CHECK",TRUE,12.9972808425808,1.58075798738115,10.2496087984504,16.4815372589105,"",0.0397824674064647,TRUE,0.498554276836808
"empirical_transition","POST",1,12.5,"FIRST",TRUE,15.4921413095635,3.43963662293679,10.0784232976479,23.81388787386,"",0.239371304765082,TRUE,1.09883716609697
"empirical_transition","POST",1,12.5,"LAST",TRUE,16.1865421332902,3.64562529561781,10.4666630713748,25.0322518692066,"",0.294923370663214,TRUE,1.16524710382654
"empirical_transition","POST",2,12.5,"CHECK",TRUE,10.6195220354011,1.26119993629632,8.42108386134049,13.3918923166285,"",-0.15043823716791,TRUE,0.39766467642304
"empirical_transition","POST",2,12.5,"FIRST",TRUE,11.896778338525,2.16939886461586,8.34600890432115,16.9582055876695,"",-0.0482577329179978,TRUE,0.688975734667867
"empirical_transition","POST",2,12.5,"LAST",TRUE,12.2213820843992,2.46225968217714,8.26666831412262,18.0680020508028,"",-0.0222894332480622,TRUE,0.784106698934416
"empirical_transition","POST",3,12.5,"CHECK",TRUE,9.38422881555562,0.81815212036369,7.91276194869068,11.1293314564172,"",-0.24926169475555,FALSE,0.257325560618124
"empirical_transition","POST",3,12.5,"FIRST",TRUE,10.6972742501617,1.43891487766763,8.22789914230744,13.9077636227662,"",-0.144218059987063,TRUE,0.454389158436701
"empirical_transition","POST",3,12.5,"LAST",TRUE,11.6445440604684,1.6907941432711,8.77347552844661,15.4551529706264,"",-0.0684364751625287,TRUE,0.534534195374383
"empirical_transition","POST",4,12.5,"CHECK",TRUE,11.1541407629418,1.28175116315133,8.91133901960103,13.9614098269477,"",-0.107668738964654,TRUE,0.404005664587734
"empirical_transition","POST",4,12.5,"FIRST",TRUE,13.2555522253017,2.55922621454644,9.1108548433236,19.2857495613006,"",0.0604441780241373,TRUE,0.813991577438157
"empirical_transition","POST",4,12.5,"LAST",TRUE,12.7362931833466,2.54328195023259,8.6442498268183,18.765441455533,"",0.018903454667726,TRUE,0.809695330297178
"empirical_transition","POST",5,12.5,"CHECK",TRUE,9.800722845362,0.996279891644817,8.03438426598266,11.9553863882626,"",-0.21594217237104,FALSE,0.313680169782399
"empirical_transition","POST",5,12.5,"FIRST",TRUE,11.0751127468679,1.72363398676318,8.17836289743243,14.9978820815525,"",-0.11399098025057,TRUE,0.545561534729603
"empirical_transition","POST",5,12.5,"LAST",TRUE,13.9136797143811,2.56810674097735,9.71954829529474,19.9176419842573,"",0.113094377150486,TRUE,0.815847495117009
"empirical_transition","POST",6,12.5,"CHECK",TRUE,10.9326074937328,1.05529300842996,9.05211706107026,13.2037517638876,"",-0.125391400501374,TRUE,0.332130776225385
"empirical_transition","POST",6,12.5,"FIRST",TRUE,11.056147442781,1.56752926303313,8.3853518679955,14.5776108386176,"",-0.115508204577516,TRUE,0.495380717649771
"empirical_transition","POST",6,12.5,"LAST",TRUE,16.6323564291821,3.39639651967971,11.1919844646763,24.7172680823905,"",0.330588514334568,TRUE,1.08202268941714
"empirical_transition","POST",7,12.5,"CHECK",TRUE,11.638136747696,1.23531372323637,9.45772755058107,14.3212231726585,"",-0.0689490601843197,TRUE,0.389079649766194
"empirical_transition","POST",7,12.5,"FIRST",TRUE,13.0242346652732,2.01543593659232,9.63410673364415,17.6073084205847,"",0.041938773221858,TRUE,0.637856134955247
"empirical_transition","POST",7,12.5,"LAST",TRUE,15.2841698634488,2.74194064016086,10.7831627318885,21.6639453769836,"",0.222733589075907,TRUE,0.870462611607613
"empirical_transition","POST",8,12.5,"CHECK",TRUE,9.10879015694152,0.948867108852903,7.43070062861716,11.1658458966386,"",-0.271296787444679,FALSE,0.298811621441715
"empirical_transition","POST",8,12.5,"FIRST",TRUE,11.5979456883901,1.898531094127,8.43263615341193,15.9513990339097,"",-0.0721643449287886,TRUE,0.601501030439825
"empirical_transition","POST",8,12.5,"LAST",TRUE,11.673799749929,1.89062757827892,8.51623105284128,16.0021023097976,"",-0.0660960200056833,TRUE,0.598869700556504
"empirical_transition","POST",9,12.5,"CHECK",TRUE,11.2605349629164,1.07281932159198,9.34643626941783,13.5666305312496,"",-0.0991572029666868,TRUE,0.337615540946545
"empirical_transition","POST",9,12.5,"FIRST",TRUE,13.7470219142435,2.19212786097534,10.0768661835445,18.7539070251122,"",0.0997617531394799,TRUE,0.694163267325414
"empirical_transition","POST",9,12.5,"LAST",TRUE,15.9152733410433,3.08149302195066,10.9274705185795,23.1797400038239,"",0.273221867283464,TRUE,0.980181558819554
"empirical_transition","POST",10,12.5,"CHECK",TRUE,8.86940324517204,0.886112544649832,7.29566281776325,10.7826137104273,"",-0.290447740386237,FALSE,0.27895607141312
"empirical_transition","POST",10,12.5,"FIRST",TRUE,9.29073350777947,1.36096134741148,6.98268133578403,12.3616881483944,"",-0.256741319377642,FALSE,0.430320545008831
"empirical_transition","POST",10,12.5,"LAST",TRUE,10.3556997974464,1.55740395086237,7.72469793751597,13.8828105852535,"",-0.171544016204284,TRUE,0.492649011819
"empirical_transition","POST",11,12.5,"CHECK",TRUE,11.6822263090159,1.11784517762167,9.68861352989171,14.0860620680148,"",-0.0654218952787315,TRUE,0.351795883049843
"empirical_transition","POST",11,12.5,"FIRST",TRUE,11.8128266729449,1.51138615250292,9.2021448455076,15.1641683920204,"",-0.0549738661644048,TRUE,0.476961883721021
"empirical_transition","POST",11,12.5,"LAST",TRUE,16.3936055624766,2.78222398078393,11.7825144854653,22.8092487108407,"",0.311488444998124,TRUE,0.882138738030028
"empirical_transition","POST",12,12.5,"CHECK",TRUE,10.0559943923706,1.06878173648836,8.16978562562707,12.3776838038669,"",-0.195520448610351,FALSE,0.336631854259189
"empirical_transition","POST",12,12.5,"FIRST",TRUE,11.3200514852579,1.7079972193099,8.43604898605606,15.1899978106693,"",-0.0943958811793662,TRUE,0.540315905969056
"empirical_transition","POST",12,12.5,"LAST",TRUE,13.2051784127572,2.12020801029013,9.65928664066681,18.0527551774477,"",0.0564142730205764,TRUE,0.67147748294247
"empirical_transition","POST",13,12.5,"CHECK",TRUE,10.5923969045178,1.18657991647306,8.51016930977498,13.1840940055052,"",-0.152608247638573,TRUE,0.373913975658421
"empirical_transition","POST",13,12.5,"FIRST",TRUE,10.6119663350273,1.59882146288356,7.91172103516936,14.2337967927787,"",-0.151042693197814,TRUE,0.505766060608746
"empirical_transition","POST",13,12.5,"LAST",TRUE,10.8481277946405,1.58761400683882,8.15533094189323,14.4300553205425,"",-0.132149776428763,TRUE,0.501977950291939
"empirical_transition","POST",14,12.5,"CHECK",TRUE,10.2142599510248,1.21045599197849,8.10373999096009,12.8744390199455,"",-0.182859203918015,TRUE,0.381655922318832
"empirical_transition","POST",14,12.5,"FIRST",TRUE,12.2951172791726,2.17313834479983,8.71846365062257,17.3390536413848,"",-0.0163906176661938,TRUE,0.689647199260978
"empirical_transition","POST",14,12.5,"LAST",TRUE,11.8513573423388,2.12726430282076,8.35970478698042,16.8013912494321,"",-0.0518914126128924,TRUE,0.675334916996138
"empirical_transition","POST",15,12.5,"CHECK",TRUE,8.30697942601304,0.973239502439474,6.60779703009342,10.4431033323111,"",-0.335441645918957,FALSE,0.306824504177414
"empirical_transition","POST",15,12.5,"FIRST",TRUE,8.79446690399238,1.46288909948623,6.36185829915364,12.1572415619045,"",-0.296442647680609,FALSE,0.463630661020066
"empirical_transition","POST",15,12.5,"LAST",TRUE,10.1922121046987,1.71790810792396,7.34177600569369,14.1493267441835,"",-0.184623031624106,TRUE,0.544604059079182
"empirical_transition","POST",16,12.5,"CHECK",TRUE,12.954300019566,1.62625922187349,10.1384863559738,16.5521640119433,"",0.0363440015652793,TRUE,0.513094212477561
"empirical_transition","POST",16,12.5,"FIRST",TRUE,17.4603641461728,3.66927573433132,11.6172493809498,26.2423837278453,"",0.396829131693827,TRUE,1.17001074775164
"empirical_transition","POST",16,12.5,"LAST",TRUE,17.232498334599,3.67188315084284,11.4020951701681,26.0442483964619,"",0.378599866767918,TRUE,1.17137225810351
"empirical_transition","POST",17,12.5,"CHECK",TRUE,13.7376806038879,1.69453618846829,10.797276945777,17.478839277921,"",0.0990144483110322,TRUE,0.534524986571514
"empirical_transition","POST",17,12.5,"FIRST",TRUE,14.6246521200333,2.50930383976165,10.4735555891521,20.4209972259583,"",0.169972169602666,TRUE,0.795795330944493
"empirical_transition","POST",17,12.5,"LAST",TRUE,19.3896670786844,4.40939446637393,12.4863044558908,30.1097246787738,"",0.551173366294753,TRUE,1.40987361783064
"empirical_transition","POST",18,12.5,"CHECK",TRUE,10.6192561973353,1.08575247891557,8.69541347447405,12.9687452489387,"",-0.15045950421318,TRUE,0.341866541957175
"empirical_transition","POST",18,12.5,"FIRST",TRUE,12.99653198241,2.21708772296971,9.32525011383929,18.1131703179879,"",0.0397225585928038,TRUE,0.703033616331889
"empirical_transition","POST",18,12.5,"LAST",TRUE,14.6542826396489,2.75260411392709,10.1733059181453,21.1089690421761,"",0.172342611171914,TRUE,0.874853049922466
"empirical_transition","POST",19,12.5,"CHECK",TRUE,9.4480229198896,1.05732758903329,7.59240339531932,11.7571646877708,"",-0.244158166408832,FALSE,0.333180903396117
"empirical_transition","POST",19,12.5,"FIRST",TRUE,10.1695362628586,1.53293662546355,7.58075850256481,13.6423641205042,"",-0.186437098971308,TRUE,0.484928449435149
"empirical_transition","POST",19,12.5,"LAST",TRUE,11.6921045887905,1.97481270949738,8.41653573803959,16.2424676814903,"",-0.0646316328967588,TRUE,0.626074555476057
"empirical_transition","POST",20,12.5,"CHECK",TRUE,10.3649735413179,1.13409563111119,8.36970111288422,12.8359035840408,"",-0.170802116694566,TRUE,0.357296197692524
"empirical_transition","POST",20,12.5,"FIRST",TRUE,11.0416376571462,1.76460420534088,8.08828892293454,15.0733688315717,"",-0.116668987428307,TRUE,0.558806392690973
"empirical_transition","POST",20,12.5,"LAST",TRUE,16.6777003357836,3.76267828335238,10.7764082502562,25.8106116649379,"",0.334216026862686,TRUE,1.20273627317454
"empirical_transition","POST",21,12.5,"CHECK",TRUE,10.8737976683896,1.17809063030401,8.79891570980985,13.4379598160318,"",-0.130096186528828,TRUE,0.37112352849776
"empirical_transition","POST",21,12.5,"FIRST",TRUE,12.4175336005817,2.15716212758552,8.85652112854168,17.4103509135946,"",-0.00659731195346282,TRUE,0.684306382804236
"empirical_transition","POST",21,12.5,"LAST",TRUE,15.1797043469855,3.22493765827773,10.0558118478817,22.9144526118427,"",0.214376347758839,TRUE,1.02869126111688
"empirical_transition","POST",22,12.5,"CHECK",TRUE,10.813702928451,1.078194952119,8.89844315525351,13.1411943622691,"",-0.13490376572392,TRUE,0.339420096561249
"empirical_transition","POST",22,12.5,"FIRST",TRUE,13.6214487023798,2.30648912589884,9.79735078191401,18.9381669475467,"",0.0897158961903843,TRUE,0.731265293250612
"empirical_transition","POST",22,12.5,"LAST",TRUE,14.0167499669032,2.44336802400462,9.98566091110786,19.6751403220725,"",0.121339997352258,TRUE,0.775158352877172
"empirical_transition","POST",23,12.5,"CHECK",TRUE,11.2324792878493,1.20136933219499,9.11368811194193,13.8438565597435,"",-0.101401656972056,TRUE,0.378413475824125
"empirical_transition","POST",23,12.5,"FIRST",TRUE,11.5364680634165,1.55953395320883,8.86187214484537,15.0182820517946,"",-0.0770825549266766,TRUE,0.492512792555939
"empirical_transition","POST",23,12.5,"LAST",TRUE,14.5653585149227,2.24727584441439,10.7835495952122,19.6734541622941,"",0.165228681193817,TRUE,0.711192365366555
"empirical_transition","POST",24,12.5,"CHECK",TRUE,11.4214973304962,1.39273552573664,9.00140764211658,14.4922445974082,"",-0.086280213560301,TRUE,0.439266956423329
"empirical_transition","POST",24,12.5,"FIRST",TRUE,13.5764765714871,2.31321276836791,9.74523695860527,18.9139286072852,"",0.0861181257189642,TRUE,0.733495331894391
"empirical_transition","POST",24,12.5,"LAST",TRUE,14.2398502277027,2.91442582415986,9.57363283932134,21.18039598036,"",0.139188018216215,TRUE,0.928541051283092
"empirical_transition","POST",25,12.5,"CHECK",TRUE,11.0800709490389,1.32154995464928,8.77759936069805,13.9865089748153,"",-0.113594324076887,TRUE,0.416712769129377
"empirical_transition","POST",25,12.5,"FIRST",TRUE,15.04939754947,3.78221848127584,9.26535383934983,24.4442220479608,"",0.203951803957599,TRUE,1.21430945668888
"empirical_transition","POST",25,12.5,"LAST",TRUE,18.0279011935034,5.88086659826442,9.66640045566785,33.6221557272805,"",0.442232095480268,TRUE,1.91646042172901
"empirical_transition","POST",26,12.5,"CHECK",TRUE,10.5854792974317,1.17619817009652,8.51961276931247,13.1522846155598,"",-0.153161656205465,TRUE,0.370613747699784
"empirical_transition","POST",26,12.5,"FIRST",TRUE,10.6539949769039,1.58652377792117,7.96987426553723,14.2420827714578,"",-0.147680401847692,TRUE,0.501776680473644
"empirical_transition","POST",26,12.5,"LAST",TRUE,15.6749202706406,3.21741915415807,10.5265957143689,23.3411762128903,"",0.253993621651252,TRUE,1.02516643988171
"empirical_transition","POST",27,12.5,"CHECK",TRUE,9.87117406886426,0.906317017788258,8.24859753611615,11.8129266303976,"",-0.210306074490859,FALSE,0.285146327542513
"empirical_transition","POST",27,12.5,"FIRST",TRUE,9.70348934865046,1.36482812704957,7.37546614719094,12.7663395994617,"",-0.223720852107964,TRUE,0.431269876181659
"empirical_transition","POST",27,12.5,"LAST",TRUE,14.6978916687836,3.40236134341696,9.39245674790197,23.0001612257148,"",0.175831333502689,TRUE,1.08861635822503
"empirical_transition","POST",28,12.5,"CHECK",TRUE,11.3879233226768,1.22516251905089,9.22851645614391,14.0526159561463,"",-0.0889661341858547,TRUE,0.385927960000191
"empirical_transition","POST",28,12.5,"FIRST",TRUE,12.2902434544103,2.02990198015356,8.91082179321344,16.951307934776,"",-0.0167805236471791,TRUE,0.643238891325007
"empirical_transition","POST",28,12.5,"LAST",TRUE,16.7951983036871,3.57681067436382,11.1151251425361,25.377913648556,"",0.343615864294968,TRUE,1.14102308048159
"empirical_transition","POST",29,12.5,"CHECK",TRUE,10.696402029532,1.17028435759447,8.63744663730764,13.2461618788118,"",-0.144287837637441,TRUE,0.368697219320337
"empirical_transition","POST",29,12.5,"FIRST",TRUE,12.8595141258635,1.9424139693162,9.58023245751483,17.2612829893879,"",0.0287611300690784,TRUE,0.614484042549844
"empirical_transition","POST",29,12.5,"LAST",TRUE,11.8628948656683,1.91953383841081,8.65658953259667,16.2567803479629,"",-0.0509684107465377,TRUE,0.608015265229297
"empirical_transition","POST",30,12.5,"CHECK",TRUE,11.2805714607446,1.29445192545426,9.0151822940963,14.1152212267852,"",-0.0975542831404307,TRUE,0.408003114615109
"empirical_transition","POST",30,12.5,"FIRST",TRUE,16.1760522057759,3.43688175881882,10.7155052133853,24.4192559989733,"",0.294084176462076,TRUE,1.09630006284704
"empirical_transition","POST",30,12.5,"LAST",TRUE,15.0900417956431,3.3539635608549,9.81240703529694,23.2062694275874,"",0.207203343651445,TRUE,1.07150899138323
"empirical_transition","POST",31,12.5,"CHECK",TRUE,12.3977728106316,1.58029824704945,9.66676230901133,15.9003361984761,"",-0.00817817514946839,TRUE,0.498685911157182
"empirical_transition","POST",31,12.5,"FIRST",TRUE,17.0857453513757,3.95588392680764,10.9174532973285,26.7390833980934,"",0.366859628110054,TRUE,1.26573040806119
"empirical_transition","POST",31,12.5,"LAST",TRUE,22.1372751205803,6.05449623962427,13.0769927245408,37.4748965673582,"",0.770982009646424,FALSE,1.95183230742539
"empirical_transition","POST",32,12.5,"CHECK",TRUE,10.3216220934079,1.01638159188764,8.51395442090084,12.5130905537376,"",-0.174270232527364,TRUE,0.319930890626944
"empirical_transition","POST",32,12.5,"FIRST",TRUE,10.7256918942571,1.5286286424598,8.12308835137467,14.1621587300677,"",-0.141944648459432,TRUE,0.483125630295446
"empirical_transition","POST",32,12.5,"LAST",TRUE,12.9607821192824,2.06485525176327,9.50321064638355,17.6763284950898,"",0.0368625695425922,TRUE,0.6538494278965
"empirical_transition","POST",33,12.5,"CHECK",TRUE,9.23684120081719,0.849402678938361,7.71637450118383,11.0569070171522,"",-0.261052703934625,FALSE,0.267242601277471
"empirical_transition","POST",33,12.5,"FIRST",TRUE,11.492955617811,1.74446524916037,8.55000950739104,15.448875082395,"",-0.0805635505751189,TRUE,0.551909246000316
"empirical_transition","POST",33,12.5,"LAST",TRUE,11.8201897588965,1.927988250378,8.60390382801865,16.238778202208,"",-0.0543848192882761,TRUE,0.610789949935145
"empirical_transition","POST",34,12.5,"CHECK",TRUE,10.7469507626271,1.14579728809527,8.72549034542171,13.2367289541422,"",-0.14024393898983,TRUE,0.36089908869764
"empirical_transition","POST",34,12.5,"FIRST",TRUE,10.1684101220102,1.42066176528647,7.74289189385395,13.3537398980699,"",-0.186527190239185,TRUE,0.448867840337274
"empirical_transition","POST",34,12.5,"LAST",TRUE,13.3053991730799,2.35057137250321,9.43639224939118,18.7607342378564,"",0.0644319338463949,TRUE,0.745947359077221
"empirical_transition","POST",35,12.5,"CHECK",TRUE,11.6266043094164,1.2371575259984,9.44351149950352,14.314371065768,"",-0.0698716552466853,TRUE,0.38966876530116
"empirical_transition","POST",35,12.5,"FIRST",TRUE,14.5505918518561,2.78094624114053,10.03815225905,21.0915034735026,"",0.164047348148492,TRUE,0.884268097156207
"empirical_transition","POST",35,12.5,"LAST",TRUE,19.5276610116841,5.27131322481957,11.6119307413419,32.8394608167616,"",0.562212880934726,TRUE,1.69820240603358
"empirical_transition","POST",36,12.5,"CHECK",TRUE,6.82949278350128,0.62765343438585,5.70590567716299,8.17433275607296,"",-0.453640577319898,FALSE,0.197474166312797
"empirical_transition","POST",36,12.5,"FIRST",TRUE,6.41606304445247,0.828395519738475,4.98679573109262,8.25497317520345,"",-0.486714956443803,FALSE,0.261454195528866
"empirical_transition","POST",36,12.5,"LAST",TRUE,7.95312574156052,1.10255782034449,6.06869363138714,10.4227059237154,"",-0.363749940675159,FALSE,0.348320983386258
"empirical_transition","POST",37,12.5,"CHECK",TRUE,10.8201756769769,1.4516855446243,8.32802610604704,14.0580973438151,"",-0.134385945841848,TRUE,0.458405699021442
"empirical_transition","POST",37,12.5,"FIRST",TRUE,13.0378418587565,2.89037286204735,8.48712783437368,20.0286037457201,"",0.0430273487005162,TRUE,0.923318072907714
"empirical_transition","POST",37,12.5,"LAST",TRUE,14.5463424898273,3.90964575880274,8.66866718323632,24.4092979184326,"",0.163707399186186,TRUE,1.25925045881571
"empirical_transition","POST",38,12.5,"CHECK",TRUE,11.9989185734367,1.20705821930287,9.85664301602666,14.6068034215975,"",-0.0400865141250671,TRUE,0.380012832445667
"empirical_transition","POST",38,12.5,"FIRST",TRUE,16.0755255268536,2.80011230270141,11.4552693010592,22.5592706878245,"",0.286042042148287,TRUE,0.888320110941219
"empirical_transition","POST",38,12.5,"LAST",TRUE,15.7733584403408,2.87313092395151,11.0698194612858,22.4754195276253,"",0.261868675227262,TRUE,0.912448005307165
"empirical_transition","POST",39,12.5,"CHECK",TRUE,9.12261128210417,0.929536265127422,7.47499644836569,11.1333881131903,"",-0.270191097431666,FALSE,0.292671333185969
"empirical_transition","POST",39,12.5,"FIRST",TRUE,12.6877908928572,2.45300689265742,8.71616744244606,18.4691309344206,"",0.0150232714285762,TRUE,0.780237079357963
"empirical_transition","POST",39,12.5,"LAST",TRUE,13.4342898869705,3.07315669564959,8.62930732303367,20.9147893348768,"",0.0747431909576433,TRUE,0.982838560947452
"empirical_transition","POST",40,12.5,"CHECK",TRUE,10.3254918030747,1.27437134197716,8.11432349429991,13.1392076061864,"",-0.173960655754026,TRUE,0.401990728950918
"empirical_transition","POST",40,12.5,"FIRST",TRUE,13.5970838744066,2.76268960063658,9.16732535674798,20.167353365675,"",0.0877667099525303,TRUE,0.880002240714159
"empirical_transition","POST",40,12.5,"LAST",TRUE,13.0106226667311,2.52735702218164,8.92232563306514,18.972217461862,"",0.0408498133384893,TRUE,0.80399134630375
"empirical_transition","PRE",1,12.5,"CHECK",TRUE,12.0218451707796,1.30362212488373,9.72609160618736,14.8594900358799,"",-0.0382523863376329,TRUE,0.410671874375405
"empirical_transition","PRE",1,12.5,"FIRST",TRUE,20.151835889681,4.98079764852647,12.5037320574199,32.4780223904152,"",0.61214687117448,FALSE,1.59794322663963
"empirical_transition","PRE",1,12.5,"LAST",TRUE,16.9979160282568,4.08489748488095,10.6832036976991,27.0451783453214,"",0.359833282260543,TRUE,1.30895797180978
"empirical_transition","PRE",2,12.5,"CHECK",TRUE,13.4465563996656,1.83275216753094,10.3068660804442,17.5426630750979,"",0.0757245119732491,TRUE,0.578863759572297
"empirical_transition","PRE",2,12.5,"FIRST",TRUE,17.0019657738416,3.5272412333095,11.3701254609903,25.4233641630989,"",0.360157261907324,TRUE,1.12425909616869
"empirical_transition","PRE",2,12.5,"LAST",TRUE,14.0230271724214,2.6546545111559,9.70777815466893,20.2564673342781,"",0.121842173793713,TRUE,0.843895134368731
"empirical_transition","PRE",3,12.5,"CHECK",TRUE,9.06843727595696,0.950353164934863,7.38876404491582,11.1299473265156,"",-0.274525017923443,FALSE,0.299294662527985
"empirical_transition","PRE",3,12.5,"FIRST",TRUE,10.9196707189563,1.75804341260623,7.98075018836206,14.9408521500037,"",-0.126426342483496,TRUE,0.556808156931332
"empirical_transition","PRE",3,12.5,"LAST",TRUE,12.4982494499155,2.17252618602016,8.91225518263501,17.5271282196531,"",-0.000140044006763702,TRUE,0.68918984296145
"empirical_transition","PRE",4,12.5,"CHECK",TRUE,10.2498549165766,0.838122141816487,8.73437023895822,12.0282885813871,"",-0.180011606673875,FALSE,0.263513467394314
"empirical_transition","PRE",4,12.5,"FIRST",TRUE,13.0041748687408,1.73766895633989,10.0194705693405,16.8779939864549,"",0.0403339894992675,TRUE,0.548681873369152
"empirical_transition","PRE",4,12.5,"LAST",TRUE,11.6651225764398,1.46977880761047,9.12140820598157,14.9182101765964,"",-0.0667901938848196,TRUE,0.463744157649189
"empirical_transition","PRE",5,12.5,"CHECK",TRUE,11.1167114004016,1.13164590075746,9.11066222998052,13.5644664723877,"",-0.110663087967869,TRUE,0.356304339392575
"empirical_transition","PRE",5,12.5,"FIRST",TRUE,15.2592018369967,3.3945260594727,9.91876126018346,23.4750322741306,"",0.220736146959735,TRUE,1.08450168111577
"empirical_transition","PRE",5,12.5,"LAST",TRUE,11.2909290580706,1.70975291182085,8.40551902095773,15.1668301120396,"",-0.0967256753543508,TRUE,0.54090488728655
"empirical_transition","PRE",6,12.5,"CHECK",TRUE,11.331353697199,1.37105131852339,8.94671481023052,14.3515893078653,"",-0.0934917042240822,TRUE,0.432389959810787
"empirical_transition","PRE",6,12.5,"FIRST",TRUE,14.5506936515544,3.34557735916665,9.32579245796745,22.7029163146882,"",0.164055492124351,TRUE,1.07016990853766
"empirical_transition","PRE",6,12.5,"LAST",TRUE,10.1733365249221,1.64479458917013,7.42558213604597,13.9378669783896,"",-0.186133078006229,TRUE,0.520982787387489
"empirical_transition","PRE",7,12.5,"CHECK",TRUE,12.1749359040733,1.13834008238857,10.1403653901422,14.6177241712011,"",-0.0260051276741379,TRUE,0.35818870248471
"empirical_transition","PRE",7,12.5,"FIRST",TRUE,18.5427252486254,3.79810286556524,12.4626509690127,27.5890467045029,"",0.48341801989003,TRUE,1.21011165883921
"empirical_transition","PRE",7,12.5,"LAST",TRUE,15.160629293651,2.4758296263399,11.0312342450734,20.8358081673553,"",0.212850343492083,TRUE,0.784365913782553
"empirical_transition","PRE",8,12.5,"CHECK",TRUE,10.2966669134719,0.92418020642299,8.63873265626602,12.2727897419173,"",-0.176266646922247,FALSE,0.2907245668521
"empirical_transition","PRE",8,12.5,"FIRST",TRUE,15.6115245739476,2.87232583227922,10.9178332623646,22.3230831307077,"",0.248921965915811,TRUE,0.91241998946745
"empirical_transition","PRE",8,12.5,"LAST",TRUE,12.8125336867418,1.9860709104291,9.47267655163605,17.3299508939256,"",0.0250026949393431,TRUE,0.628581947383164
"empirical_transition","PRE",9,12.5,"CHECK",TRUE,10.4104877873932,1.01489707038793,8.60370167749564,12.596700819479,"",-0.167160977008548,TRUE,0.319439931358666
"empirical_transition","PRE",9,12.5,"FIRST",TRUE,13.3397216895932,2.46567293493711,9.31392651716273,19.1056021784045,"",0.0671777351674561,TRUE,0.783334052899339
"empirical_transition","PRE",9,12.5,"LAST",TRUE,11.8916790931867,1.85054397928395,8.78159865606747,16.1032218840505,"",-0.0486656725450611,TRUE,0.585729858238646
"empirical_transition","PRE",10,12.5,"CHECK",TRUE,10.6196050396255,1.17940144119756,8.54799853896386,13.1932651466397,"",-0.150431596829962,TRUE,0.371621328614065
"empirical_transition","PRE",10,12.5,"FIRST",TRUE,15.7820513536477,3.79855580870998,9.9121227795837,25.1281335459441,"",0.262564108291818,TRUE,1.21728086130883
"empirical_transition","PRE",10,12.5,"LAST",TRUE,12.1290284573305,2.16805995751171,8.56778950263335,17.1705118658104,"",-0.0296777234135638,TRUE,0.688217789054165
"empirical_transition","PRE",11,12.5,"CHECK",TRUE,10.9945699053232,1.52760384768854,8.38447308228239,14.4171930921309,"",-0.120434407574141,TRUE,0.482617600787883
"empirical_transition","PRE",11,12.5,"FIRST",TRUE,16.7085976369665,4.41949952218874,10.0366494884881,27.8157800881911,"",0.336687810957319,TRUE,1.42233044797624
"empirical_transition","PRE",11,12.5,"LAST",TRUE,13.3428159376642,2.92000658656029,8.73254338246099,20.3870429666521,"",0.0674252750131372,TRUE,0.932359966735293
"empirical_transition","PRE",12,12.5,"CHECK",TRUE,10.7281875611387,0.929251269162428,9.05596931882065,12.7091870892026,"",-0.141744995108907,TRUE,0.292257421630555
"empirical_transition","PRE",12,12.5,"FIRST",TRUE,17.3107284140228,3.17561739615551,12.1186572448973,24.7272707007398,"",0.384858273121826,TRUE,1.0086890764674
"empirical_transition","PRE",12,12.5,"LAST",TRUE,12.3351079125144,1.73796959701946,9.3713206997908,16.2362266843319,"",-0.0131913669988482,TRUE,0.549192478763289
"empirical_transition","PRE",13,12.5,"CHECK",TRUE,11.1864679032417,1.23448596515983,9.01659375731164,13.8785296885292,"",-0.105082567740665,TRUE,0.388954874497404
"empirical_transition","PRE",13,12.5,"FIRST",TRUE,13.3467996293988,2.19546375988407,9.68932251183296,18.3848829605757,"",0.0677439703519043,TRUE,0.695644835899416
"empirical_transition","PRE",13,12.5,"LAST",TRUE,12.5089866122323,1.98960410563315,9.17655892964225,17.0515709935192,"",0.000718928978585893,TRUE,0.630000965110157
"empirical_transition","PRE",14,12.5,"CHECK",TRUE,11.8855578086973,1.3612962372134,9.50267386251235,14.8659720903582,"",-0.0491553753042186,TRUE,0.429063858227664
"empirical_transition","PRE",14,12.5,"FIRST",TRUE,16.4495141372025,3.61738755894857,10.7441557515678,25.1845302326839,"",0.3159611309762,TRUE,1.15522995848928
"empirical_transition","PRE",14,12.5,"LAST",TRUE,14.1506466365915,2.62802170707685,9.86351121263642,20.3011682064237,"",0.13205173092732,TRUE,0.835012559502983
"empirical_transition","PRE",15,12.5,"CHECK",TRUE,10.3672098479644,1.1005989033065,8.42461560384305,12.7577381670329,"",-0.17062321216285,TRUE,0.34664980505519
"empirical_transition","PRE",15,12.5,"FIRST",TRUE,12.9247221348503,2.46121819648126,8.9283376353165,18.7099154496936,"",0.0339777707880218,TRUE,0.782526225150165
"empirical_transition","PRE",15,12.5,"LAST",TRUE,10.6694044802421,1.66823176647831,7.86777692265577,14.4686603448571,"",-0.146447641580628,TRUE,0.528070673776106
"empirical_transition","PRE",16,12.5,"CHECK",TRUE,11.7278738352383,1.38373928426407,9.31397978047745,14.7673741984671,"",-0.0617700931809358,TRUE,0.436271553439175
"empirical_transition","PRE",16,12.5,"FIRST",TRUE,14.1601218715889,2.6639212125472,9.82476461006321,20.4085348989303,"",0.132809749727113,TRUE,0.846701623109371
"empirical_transition","PRE",16,12.5,"LAST",TRUE,12.9483055542328,1.99520210975023,9.59003411762399,17.4825881398758,"",0.0358644443386278,TRUE,0.631404321780143
"empirical_transition","PRE",17,12.5,"CHECK",TRUE,11.491291547787,1.21411860704999,9.34725659175472,14.1271163512001,"",-0.0806966761770384,TRUE,0.382388780755634
"empirical_transition","PRE",17,12.5,"FIRST",TRUE,16.5268474029306,3.15073859317631,11.4119533933341,23.9342622306274,"",0.322147792234451,TRUE,1.00178470698346
"empirical_transition","PRE",17,12.5,"LAST",TRUE,14.0680622767139,2.47954872183231,9.98510826928216,19.820553857222,"",0.12544498213711,TRUE,0.786835647035189
"empirical_transition","PRE",18,12.5,"CHECK",TRUE,10.289739823532,0.959471168764887,8.57443400366358,12.3481906316781,"",-0.176820814117437,FALSE,0.301900530241166
"empirical_transition","PRE",18,12.5,"FIRST",TRUE,13.2596634791402,2.09762861207184,9.74331823968678,18.0450511062951,"",0.0607730783312178,TRUE,0.664138629328665
"empirical_transition","PRE",18,12.5,"LAST",TRUE,11.8042694971737,1.59048728057307,9.07538660267917,15.3537016616757,"",-0.0556584402261078,TRUE,0.502265204719721
"empirical_transition","PRE",19,12.5,"CHECK",TRUE,11.8798208411251,1.67778716532774,9.01960984589685,15.6470341432156,"",-0.0496143327099884,TRUE,0.530193943785497
"empirical_transition","PRE",19,12.5,"FIRST",TRUE,20.6670958108373,7.82978409450322,10.0820710375425,42.3651894202918,"",0.653367664866982,TRUE,2.58264947061994
"empirical_transition","PRE",19,12.5,"LAST",TRUE,12.5197037409533,2.66453061827619,8.28777532515269,18.9125519951702,"",0.00157629927626076,TRUE,0.849982133601402
"empirical_transition","PRE",20,12.5,"CHECK",TRUE,10.2857373013394,0.995692161597502,8.51193833834491,12.4291774243205,"",-0.177141015892848,FALSE,0.313379126878048
"empirical_transition","PRE",20,12.5,"FIRST",TRUE,13.1359752454805,2.16653983734024,9.52824810974408,18.109713733568,"",0.0508780196384382,TRUE,0.686517249905914
"empirical_transition","PRE",20,12.5,"LAST",TRUE,10.6972712922334,1.41774309764262,8.25945355878914,13.8546227404924,"",-0.144218296621329,TRUE,0.447613534536258
"empirical_transition","PRE",21,12.5,"CHECK",TRUE,9.1785374078195,0.971893922534707,7.46264627205684,11.2889645141284,"",-0.26571700737444,FALSE,0.306105459365722
"empirical_transition","PRE",21,12.5,"FIRST",TRUE,9.95811715303149,1.40651328445168,7.56039146120367,13.116264910668,"",-0.203350627757481,TRUE,0.44446987595715
"empirical_transition","PRE",21,12.5,"LAST",TRUE,9.70186634702445,1.37174709295056,7.36374848409523,12.7823771845041,"",-0.223850692238044,TRUE,0.433490296032709
"empirical_transition","PRE",22,12.5,"CHECK",TRUE,8.93830837744767,0.782556677442306,7.53137229888926,10.6080742631903,"",-0.284935329804187,FALSE,0.24613615714408
"empirical_transition","PRE",22,12.5,"FIRST",TRUE,12.2541087891212,1.92113631807715,9.0290894976491,16.6310437231479,"",-0.0196712968703034,TRUE,0.608156338039903
"empirical_transition","PRE",22,12.5,"LAST",TRUE,11.720032689481,1.72006085984016,8.80378333170317,15.6022883648058,"",-0.0623973848415199,TRUE,0.543880402648207
"empirical_transition","PRE",23,12.5,"CHECK",TRUE,11.6148667034558,1.41688090523528,9.15293963106839,14.7389946811327,"",-0.0708106637235376,TRUE,0.446884404005146
"empirical_transition","PRE",23,12.5,"FIRST",TRUE,15.2884368927284,3.23807138959788,10.1403702886038,23.0500756846741,"",0.223074951418273,TRUE,1.03277643168562
"empirical_transition","PRE",23,12.5,"LAST",TRUE,13.6708737939643,2.47131266776607,9.61962393253422,19.4282844736182,"",0.0936699035171478,TRUE,0.784692843286722
"empirical_transition","PRE",24,12.5,"CHECK",TRUE,11.236487237705,1.13725921349733,9.21931767115221,13.6950097552424,"",-0.101081020983599,TRUE,0.358055366727211
"empirical_transition","PRE",24,12.5,"FIRST",TRUE,13.5574608343955,2.17625602799197,9.91769625465691,18.5330080249091,"",0.0845968667516399,TRUE,0.689224941620178
"empirical_transition","PRE",24,12.5,"LAST",TRUE,12.9353784037307,1.95064011296011,9.64139359613487,17.3547540383354,"",0.0348302722984556,TRUE,0.61706883537604
"empirical_transition","PRE",25,12.5,"CHECK",TRUE,11.6632675726637,1.15948330200016,9.60301250327372,14.1655350782033,"",-0.0669385941869035,TRUE,0.365001805994366
"empirical_transition","PRE",25,12.5,"FIRST",TRUE,15.8014384739296,2.71592790295174,11.3098524052054,22.0768095727282,"",0.264115077914368,TRUE,0.861356573401825
"empirical_transition","PRE",25,12.5,"LAST",TRUE,14.4743034657726,2.18748735570474,10.7815699810429,19.4318138441477,"",0.157944277261811,TRUE,0.692019509048383
"empirical_transition","PRE",26,12.5,"CHECK",TRUE,9.97528204464528,1.17637707213579,7.92300750948535,12.5591515281406,"",-0.201977436428378,TRUE,0.370891521492422
"empirical_transition","PRE",26,12.5,"FIRST",TRUE,12.2262799780666,2.27787966427548,8.51251306314163,17.5602575870707,"",-0.0218976017546748,TRUE,0.723819561914326
"empirical_transition","PRE",26,12.5,"LAST",TRUE,11.5054509110711,1.98635339556342,8.22291964921196,16.0983453948443,"",-0.0795639271143156,TRUE,0.630034059650584
"empirical_transition","PRE",27,12.5,"CHECK",TRUE,11.4106126009543,1.08792877282594,9.46969264955595,13.7493459130547,"",-0.08715099192366,TRUE,0.342372261079898
"empirical_transition","PRE",27,12.5,"FIRST",TRUE,17.7751441761672,3.39718251520328,12.2627678895996,25.7654514321765,"",0.422011534093379,TRUE,1.08021468340615
"empirical_transition","PRE",27,12.5,"LAST",TRUE,14.6654130168339,2.41197865785646,10.6471330034658,20.2002115390416,"",0.173233041346711,TRUE,0.764246282846059
"empirical_transition","PRE",28,12.5,"CHECK",TRUE,11.0477275702008,1.21248666036939,8.91524303495469,13.6902924560592,"",-0.116181794383936,TRUE,0.382003953688364
"empirical_transition","PRE",28,12.5,"FIRST",TRUE,19.0363012411684,4.98617066348559,11.4898907409517,31.539095811671,"",0.522904099293469,TRUE,1.60393640565755
"empirical_transition","PRE",28,12.5,"LAST",TRUE,14.2932378859368,2.68319348190059,9.92477386256625,20.5845142763943,"",0.143459030874945,TRUE,0.85277923310624
"empirical_transition","PRE",29,12.5,"CHECK",TRUE,11.5804003856085,1.2212233736132,9.42339271773799,14.2311455234769,"",-0.0735679691513197,TRUE,0.384620224459112
"empirical_transition","PRE",29,12.5,"FIRST",TRUE,15.9001507095413,3.36131272995482,10.5540543469132,23.9542818594702,"",0.272012056763301,TRUE,1.07201820100456
"empirical_transition","PRE",29,12.5,"LAST",TRUE,13.4858529670012,2.24973779811515,9.74658668505762,18.6596842694062,"",0.0788682373600928,TRUE,0.71304780674789
"empirical_transition","PRE",30,12.5,"CHECK",TRUE,10.3080523485101,1.11165837326294,8.34920527796225,12.7264739196302,"",-0.175355812119189,TRUE,0.350181491333435
"empirical_transition","PRE",30,12.5,"FIRST",TRUE,11.7406751770628,1.95761993823772,8.48666519746274,16.2423579116222,"",-0.0607459858349783,TRUE,0.620455417132759
"empirical_transition","PRE",30,12.5,"LAST",TRUE,11.3490664351219,1.87779478982394,8.22378666890076,15.6620440357345,"",-0.0920746851902511,TRUE,0.595060589346696
"empirical_transition","PRE",31,12.5,"CHECK",TRUE,9.64389808547181,1.01994570730164,7.84294442355437,11.8583997616571,"",-0.228488153162255,FALSE,0.321236427048217
"empirical_transition","PRE",31,12.5,"FIRST",TRUE,13.32463384911,2.56655441453811,9.16621646674576,19.3695913528737,"",0.0659707079287973,TRUE,0.816269990890236
"empirical_transition","PRE",31,12.5,"LAST",TRUE,11.7477442798754,1.98248322736738,8.45897412691264,16.3151575586762,"",-0.0601804576099691,TRUE,0.628494674541082
"empirical_transition","PRE",32,12.5,"CHECK",TRUE,10.4167272614104,1.1754142731598,8.35576301574616,12.9860321115056,"",-0.166661819087168,TRUE,0.370421527660757
"empirical_transition","PRE",32,12.5,"FIRST",TRUE,18.0045439438896,5.72282138403735,9.80183661235352,33.0717206833361,"",0.440363515511171,TRUE,1.86159072567861
"empirical_transition","PRE",32,12.5,"LAST",TRUE,10.9385020836816,1.98893659891705,7.68142169611962,15.5766513762876,"",-0.124919833305471,TRUE,0.631618374413437
"empirical_transition","PRE",33,12.5,"CHECK",TRUE,13.9561091110323,1.83437780099071,10.7984638833029,18.0371007972907,"",0.116488728882581,TRUE,0.579090953119022
"empirical_transition","PRE",33,12.5,"FIRST",TRUE,17.4567164680602,3.47808369332211,11.8581414336647,25.6985423517644,"",0.396537317444815,TRUE,1.10723207344797
"empirical_transition","PRE",33,12.5,"LAST",TRUE,14.3608398102067,2.35529108294734,10.4352153675595,19.7632452029259,"",0.148867184816537,TRUE,0.746242386829311
"empirical_transition","PRE",34,12.5,"CHECK",TRUE,10.1513243991746,1.06500554938979,8.26922682458936,12.4617922864144,"",-0.187894048066028,FALSE,0.335405236946001
"empirical_transition","PRE",34,12.5,"FIRST",TRUE,13.6298157972798,2.68082467828564,9.30368066253239,19.9675682567131,"",0.0903852637823816,TRUE,0.853111007534457
"empirical_transition","PRE",34,12.5,"LAST",TRUE,12.0991821964865,1.92487408124224,8.87529111010099,16.4941305031864,"",-0.0320654242810797,TRUE,0.609507151446835
"empirical_transition","PRE",35,12.5,"CHECK",TRUE,9.86923270924449,1.00109824877481,8.09396914098449,12.0338677566757,"",-0.210461383260441,FALSE,0.315191889255295
"empirical_transition","PRE",35,12.5,"FIRST",TRUE,13.5023967642636,2.65120490183713,9.22263387752786,19.768183449614,"",0.0801917411410857,TRUE,0.843643965766889
"empirical_transition","PRE",35,12.5,"LAST",TRUE,11.4329228619845,1.93639846250426,8.22256091715829,15.8967171523565,"",-0.0853661710412437,TRUE,0.61393249881586
"empirical_transition","PRE",36,12.5,"CHECK",TRUE,12.5537350954028,1.35274474382593,10.16986479668,15.496397247778,"",0.00429880763222002,TRUE,0.42612259608784
"empirical_transition","PRE",36,12.5,"FIRST",TRUE,17.2857763941012,3.46294305131932,11.7175906894201,25.4999575822914,"",0.382862111528095,TRUE,1.1025893514297
"empirical_transition","PRE",36,12.5,"LAST",TRUE,15.8118067063447,2.61561648639404,11.4583877735107,21.8192328851693,"",0.264944536507573,TRUE,0.828867608932684
"empirical_transition","PRE",37,12.5,"CHECK",TRUE,9.5856065859788,0.800637675869062,8.14041480530408,11.2873675136666,"",-0.233151473121696,FALSE,0.251756216669004
"empirical_transition","PRE",37,12.5,"FIRST",TRUE,10.7245978522138,1.32037415603158,8.43292068454301,13.6390467068577,"",-0.142032171822897,TRUE,0.416490081785177
"empirical_transition","PRE",37,12.5,"LAST",TRUE,11.9344908990414,1.59325737397383,9.19749947116995,15.4859560977158,"",-0.0452407280766864,TRUE,0.503076530123672
"empirical_transition","PRE",38,12.5,"CHECK",TRUE,8.94141286013638,0.939020026301156,7.28213389267946,10.9787687391717,"",-0.28468697118909,FALSE,0.295730787719382
"empirical_transition","PRE",38,12.5,"FIRST",TRUE,11.3750933671897,2.17092195167396,7.85154287514313,16.4799137150382,"",-0.0899925306248279,TRUE,0.690269667191609
"empirical_transition","PRE",38,12.5,"LAST",TRUE,8.78048882818421,1.36663274838904,6.4837469846301,11.8908070047502,"",-0.297560893745263,FALSE,0.432564801609609
"empirical_transition","PRE",39,12.5,"CHECK",TRUE,10.9618666913673,1.21467692556509,8.82777148576948,13.611874928232,"",-0.123050664690618,TRUE,0.382728275397006
"empirical_transition","PRE",39,12.5,"FIRST",TRUE,14.5975986689543,3.24338573143251,9.49357637214829,22.4456915441272,"",0.16780789351634,TRUE,1.03616921375832
"empirical_transition","PRE",39,12.5,"LAST",TRUE,13.7785002282953,2.82401612971082,9.2583346339526,20.5055310752021,"",0.102280018263627,TRUE,0.899775715299958
"empirical_transition","PRE",40,12.5,"CHECK",TRUE,10.7685347977541,1.12467951222067,8.78005123406933,13.2073650368321,"",-0.13851721617967,TRUE,0.354185104221018
"empirical_transition","PRE",40,12.5,"FIRST",TRUE,12.905891129252,2.20951402987125,9.24936268049373,18.0079462330279,"",0.0324712903401601,TRUE,0.700686684202731
"empirical_transition","PRE",40,12.5,"LAST",TRUE,13.321783203504,2.1854752722781,9.67935691572866,18.3348862188125,"",0.0657426562803202,TRUE,0.69244234424671
"empirical_transition","POST",1,25,"CHECK",TRUE,13.6579220772999,1.00524469623783,11.825498227377,15.7742897493945,"",-0.453683116908005,FALSE,0.157951660880698
"empirical_transition","POST",1,25,"FIRST",TRUE,20.255757149749,2.64421563996756,15.7000298220792,26.1334342902077,"",-0.18976971401004,TRUE,0.41733617872514
"empirical_transition","POST",1,25,"LAST",TRUE,23.2215700504873,3.66714041192989,17.0725004036729,31.5853743071918,"",-0.0711371979805068,TRUE,0.580514956140756
"empirical_transition","POST",2,25,"CHECK",TRUE,15.5058095920651,1.37539050943462,13.035850487476,18.443762555912,"",-0.379767616317398,FALSE,0.21631648273744
"empirical_transition","POST",2,25,"FIRST",TRUE,21.3294845852111,3.27819086781701,15.8095511188129,28.7767128397077,"",-0.146820616591555,TRUE,0.518686468835792
"empirical_transition","POST",2,25,"LAST",TRUE,24.5557623443168,4.39768128905643,17.3345917759149,34.7850974574647,"",-0.0177695062273287,TRUE,0.698020227261992
"empirical_transition","POST",3,25,"CHECK",TRUE,14.4801303442876,1.29243243436141,12.1604220445098,17.2423435650594,"",-0.420794786228494,FALSE,0.203276860821981
"empirical_transition","POST",3,25,"FIRST",TRUE,22.3347911718501,3.96242110080168,15.8175211127835,31.537362468699,"",-0.106608353125997,TRUE,0.628793654236621
"empirical_transition","POST",3,25,"LAST",TRUE,26.258258712241,5.79511393736532,17.1252733773134,40.2619062135607,"",0.0503303484896399,TRUE,0.925465313449894
"empirical_transition","POST",4,25,"CHECK",TRUE,19.0782490624306,1.8726910093408,15.7465755369594,23.1148408384937,"",-0.236870037502776,FALSE,0.29473061206137
"empirical_transition","POST",4,25,"FIRST",TRUE,27.7291172075327,4.97701411685236,19.5598691080041,39.3102804964295,"",0.109164688301308,TRUE,0.790016455537016
"empirical_transition","POST",4,25,"LAST",TRUE,43.3261477700899,7.93094976410393,30.354130249088,61.8418338852607,"",0.733045910803597,FALSE,1.25950814544691
"empirical_transition","POST",5,25,"CHECK",TRUE,13.8661396726647,1.21471401819226,11.6823528698759,16.4581425987937,"",-0.445354413093413,FALSE,0.191031589156713
"empirical_transition","POST",5,25,"FIRST",TRUE,21.2830221898466,3.62036853968912,15.2851673243487,29.6344177280901,"",-0.148679112406137,TRUE,0.573970016149659
"empirical_transition","POST",5,25,"LAST",TRUE,28.8932860655332,6.32878336181435,18.9029622283212,44.1635532876414,"",0.155731442621327,TRUE,1.01042364237281
"empirical_transition","POST",6,25,"CHECK",TRUE,17.8569222418635,1.66389956442607,14.8820721658733,21.4264296260551,"",-0.285723110325461,FALSE,0.261774298407273
"empirical_transition","POST",6,25,"FIRST",TRUE,27.2389038595572,4.78044935500658,19.3613025293661,38.3216925795586,"",0.0895561543822862,TRUE,0.758415602007703
"empirical_transition","POST",6,25,"LAST",TRUE,33.3442045494109,5.9176332439945,23.6116466436909,47.0884557020102,"",0.333768181976437,TRUE,0.939072362332775
"empirical_transition","POST",7,25,"CHECK",TRUE,13.7247771031497,0.982710711011894,11.9298816233509,15.7897213466426,"",-0.451008915874011,FALSE,0.154393588931667
"empirical_transition","POST",7,25,"FIRST",TRUE,21.3607410758071,2.88598472011332,16.4109133966898,27.8035261218127,"",-0.145570356967717,TRUE,0.455704509004916
"empirical_transition","POST",7,25,"LAST",TRUE,20.7031187960088,2.8404597921845,15.8414635443315,27.0567884515331,"",-0.17187524815965,TRUE,0.448612996288066
"empirical_transition","POST",8,25,"CHECK",TRUE,14.264266039951,1.24992513941936,12.0172295478235,16.9314636829377,"",-0.42942935840196,FALSE,0.196569365404568
"empirical_transition","POST",8,25,"FIRST",TRUE,17.1103278913833,2.25678762736857,13.2273180438593,22.1332336290623,"",-0.315586884344669,FALSE,0.356236623408121
"empirical_transition","POST",8,25,"LAST",TRUE,21.2132403832375,3.44348822696055,15.4643337288011,29.0993181761801,"",-0.151470384670501,TRUE,0.54539937789516
"empirical_transition","POST",9,25,"CHECK",TRUE,16.5580218105268,1.52580847506933,13.8272768871391,19.8280607610372,"",-0.33767912757893,FALSE,0.240031354955926
"empirical_transition","POST",9,25,"FIRST",TRUE,27.3068853376554,5.36985042520787,18.6410382171177,40.0013120599221,"",0.0922754135062161,TRUE,0.854410953712173
"empirical_transition","POST",9,25,"LAST",TRUE,45.7520864703829,8.90544555457097,31.3520616831526,66.7660531402381,"",0.830083458815314,FALSE,1.41655965828342
"empirical_transition","POST",10,25,"CHECK",TRUE,15.4746515874844,1.43853466568969,12.9021691479251,18.5600451372584,"",-0.381013936500624,FALSE,0.22631503957333
"empirical_transition","POST",10,25,"FIRST",TRUE,24.146674414299,4.44930319816401,16.87800029586,34.5456733647042,"",-0.0341330234280407,TRUE,0.706706922753767
"empirical_transition","POST",10,25,"LAST",TRUE,28.1987005601879,6.6536602182567,17.8688675287216,44.5001179848152,"",0.127948022407517,TRUE,1.06525001824375
"empirical_transition","POST",11,25,"CHECK",TRUE,17.382608802084,1.65824248294125,14.4243757876869,20.9475330658133,"",-0.304695647916639,FALSE,0.260926291125057
"empirical_transition","POST",11,25,"FIRST",TRUE,27.8433330688333,5.45604328549344,19.0323604763963,40.7333182525332,"",0.113733322753331,TRUE,0.868038311045475
"empirical_transition","POST",11,25,"LAST",TRUE,30.4560029607118,8.08361624339714,18.2633910925264,50.7883838025272,"",0.218240118428474,TRUE,1.30099970840003
"empirical_transition","POST",12,25,"CHECK",TRUE,16.5760152848046,1.53981012895956,13.8222430883854,19.8784148828172,"",-0.336959388607815,FALSE,0.242246871777274
"empirical_transition","POST",12,25,"FIRST",TRUE,24.0304974592404,4.07980332888063,17.2692916448396,33.4388242444859,"",-0.0387801016303824,TRUE,0.646781303985852
"empirical_transition","POST",12,25,"LAST",TRUE,29.945616039429,6.40377116049973,19.7850719985725,45.3240665510647,"",0.197824641577159,TRUE,1.02155978209969
"empirical_transition","POST",13,25,"CHECK",TRUE,16.928468489017,1.54780817439072,14.1563832098222,20.2433800453216,"",-0.322861260439322,FALSE,0.243479873419976
"empirical_transition","POST",13,25,"FIRST",TRUE,25.7586973814261,4.34907105554688,18.5445640904592,35.779244394817,"",0.0303478952570437,TRUE,0.689387212174314
"empirical_transition","POST",13,25,"LAST",TRUE,27.7485816720978,5.04325602204855,19.4890919835233,39.5084483907228,"",0.109943266883911,TRUE,0.800774256287978
"empirical_transition","POST",14,25,"CHECK",TRUE,18.011655066698,2.0039038486296,14.4925058471693,22.3853432707135,"",-0.279533797332081,FALSE,0.31571349694177
"empirical_transition","POST",14,25,"FIRST",TRUE,26.8605030994586,5.66655586108692,17.8440662935907,40.4328595783782,"",0.0744201239783433,TRUE,0.903551731391498
"empirical_transition","POST",14,25,"LAST",TRUE,32.2766501485122,9.75295678458123,18.0834110744156,57.6098248567363,"",0.291066005940487,TRUE,1.58105655129283
"empirical_transition","POST",15,25,"CHECK",TRUE,14.8266205901352,1.21770111310629,12.6255696043191,17.4113869720873,"",-0.40693517639459,FALSE,0.191432694710727
"empirical_transition","POST",15,25,"FIRST",TRUE,24.6877631841184,3.9035734117995,18.1435263732278,33.5924581857722,"",-0.0124894726352652,TRUE,0.617957272501778
"empirical_transition","POST",15,25,"LAST",TRUE,28.3568424172354,4.70970126119473,20.5231985970051,39.1805647679725,"",0.134273696689416,TRUE,0.746294646838699
"empirical_transition","POST",16,25,"CHECK",TRUE,20.5608634339595,2.62556464575014,16.0245019468088,26.3814193135733,"",-0.177565462641618,TRUE,0.414276694670584
"empirical_transition","POST",16,25,"FIRST",TRUE,32.4432504597009,4.09334087530767,25.3601982045829,41.5045849365905,"",0.297730018388034,FALSE,0.645775469280302
"empirical_transition","POST",16,25,"LAST",TRUE,34.8910090501642,4.40462075529198,27.2698529279329,44.6420637381456,"",0.395640362006566,FALSE,0.694888432408509
"empirical_transition","POST",17,25,"CHECK",TRUE,16.6870802111686,1.53023030118863,13.9472070632726,19.9651905009171,"",-0.332516791553256,FALSE,0.240719337505781
"empirical_transition","POST",17,25,"FIRST",TRUE,26.0172642052762,4.47903860309922,18.611891901868,36.3691149882086,"",0.0406905682110478,TRUE,0.710288923453623
"empirical_transition","POST",17,25,"LAST",TRUE,29.0156340700172,5.68555749775138,19.8339548399755,42.4477633068052,"",0.160625362800688,TRUE,0.904552338673186
"empirical_transition","POST",18,25,"CHECK",TRUE,15.5022023491895,1.36675545322778,13.046446412045,18.4202096176431,"",-0.379911906032419,FALSE,0.214950528223924
"empirical_transition","POST",18,25,"FIRST",TRUE,23.6822300279364,3.9490159265384,17.1181438652194,32.7633663738287,"",-0.0527107988825453,TRUE,0.62580890034437
"empirical_transition","POST",18,25,"LAST",TRUE,25.5677644553768,4.8304104162886,17.7127792087693,36.9061552419728,"",0.0227105782150711,TRUE,0.767735041328143
"empirical_transition","POST",19,25,"CHECK",TRUE,15.4302208899358,1.24712039694607,13.1730771576974,18.074115399308,"",-0.382791164402569,FALSE,0.196041529664425
"empirical_transition","POST",19,25,"FIRST",TRUE,26.5375041829997,4.46758854195808,19.1231904137752,36.8264454322137,"",0.0615001673199872,TRUE,0.70813020073754
"empirical_transition","POST",19,25,"LAST",TRUE,23.3403211790966,3.74773199971873,17.0725784729666,31.9090987694681,"",-0.0663871528361352,TRUE,0.593460811860059
"empirical_transition","POST",20,25,"CHECK",TRUE,13.8170182975377,0.976626588459353,12.0316143955177,15.8673631283941,"",-0.447319268098491,FALSE,0.153429949315054
"empirical_transition","POST",20,25,"FIRST",TRUE,21.6731774589231,2.9415567284932,16.6311174213784,28.2438401019384,"",-0.133072901643075,TRUE,0.464508907222398
"empirical_transition","POST",20,25,"LAST",TRUE,23.084705647436,3.43627957766429,17.2707861760819,30.8557832513018,"",-0.0766117741025614,TRUE,0.543399883008799
"empirical_transition","POST",21,25,"CHECK",TRUE,17.1817313608519,1.76045145159981,14.0630610838459,20.9920081265656,"",-0.312730745565924,FALSE,0.277157881708789
"empirical_transition","POST",21,25,"FIRST",TRUE,29.7264682391792,6.13198287047075,19.9243089230353,44.3509944253721,"",0.18905872956717,TRUE,0.977067420093471
"empirical_transition","POST",21,25,"LAST",TRUE,33.4709716576481,7.17698394650365,22.0900870340491,50.7153250224986,"",0.338838866305923,TRUE,1.14500951953798
"empirical_transition","POST",22,25,"CHECK",TRUE,17.682845973841,1.6555254371322,14.7242682261845,21.235896883387,"",-0.292686161046359,FALSE,0.260465146288099
"empirical_transition","POST",22,25,"FIRST",TRUE,21.815746536795,3.15973763742116,16.4483948133107,28.9345436049812,"",-0.127370138528199,TRUE,0.49944595166682
"empirical_transition","POST",22,25,"LAST",TRUE,25.1227492422228,4.46923522893912,17.7754166247144,35.5070456469679,"",0.00490996968891096,TRUE,0.709265160890143
"empirical_transition","POST",23,25,"CHECK",TRUE,16.6494542470938,1.4505915641945,14.0403788673641,19.7433651431168,"",-0.334021830116249,FALSE,0.228119451030108
"empirical_transition","POST",23,25,"FIRST",TRUE,26.2931079245675,4.50811176469348,18.8345012806972,36.7053798786524,"",0.0517243169827009,TRUE,0.714835143918211
"empirical_transition","POST",23,25,"LAST",TRUE,27.5843712481211,4.83523228785249,19.6148235781065,38.7919643592136,"",0.103374849924845,TRUE,0.767085631244285
"empirical_transition","POST",24,25,"CHECK",TRUE,15.3870578183127,1.20647917818475,13.1982460610553,17.9388645437307,"",-0.384517687267491,FALSE,0.189624739307018
"empirical_transition","POST",24,25,"FIRST",TRUE,25.0939590073853,3.91370908252873,18.5187105672924,34.0038134067777,"",0.00375836029541063,TRUE,0.619404113579411
"empirical_transition","POST",24,25,"LAST",TRUE,22.9313523593232,3.37895700945338,17.2058931479965,30.562024098625,"",-0.0827459056270727,TRUE,0.534245238025142
"empirical_transition","POST",25,25,"CHECK",TRUE,15.9320568546535,1.4350121095603,13.3585190709307,19.0013903691068,"",-0.362717725813858,FALSE,0.225714851927043
"empirical_transition","POST",25,25,"FIRST",TRUE,25.3370771546625,4.70767224383201,17.6580129592664,36.3555899648626,"",0.0134830861865001,TRUE,0.747903080223847
"empirical_transition","POST",25,25,"LAST",TRUE,27.4187288804065,5.80554492575231,18.1881832127218,41.3337981383098,"",0.0967491552162606,TRUE,0.925824597023521
"empirical_transition","POST",26,25,"CHECK",TRUE,15.1672059839943,1.23330242891773,12.9361545565534,17.7830387195221,"",-0.39331176064023,FALSE,0.193875366518752
"empirical_transition","POST",26,25,"FIRST",TRUE,24.3165513174411,3.76369103617908,17.9859281364152,32.8754047880678,"",-0.027337947302354,TRUE,0.595579066066102
"empirical_transition","POST",26,25,"LAST",TRUE,26.6257629121674,4.95939955609751,18.5397746712152,38.2383962711062,"",0.0650305164866941,TRUE,0.78794486399564
"empirical_transition","POST",27,25,"CHECK",TRUE,15.3873907744753,1.24569586320085,13.1331206749095,18.0286011761664,"",-0.384504369020987,FALSE,0.195819220050273
"empirical_transition","POST",27,25,"FIRST",TRUE,22.7422793788225,3.26178685581606,17.1938150699062,30.0812396342261,"",-0.0903088248470985,TRUE,0.515496982572794
"empirical_transition","POST",27,25,"LAST",TRUE,23.4069329097932,3.52767625048607,17.4493367677731,31.398586406759,"",-0.0637226836082722,TRUE,0.557969985559436
"empirical_transition","POST",28,25,"CHECK",TRUE,15.8315301531233,1.42302590437588,13.2790203196323,18.8746866076181,"",-0.366738793875068,FALSE,0.223826651519434
"empirical_transition","POST",28,25,"FIRST",TRUE,20.7082370787129,2.90736430734246,15.7478073390776,27.2311613721648,"",-0.171670516851482,TRUE,0.459334161323488
"empirical_transition","POST",28,25,"LAST",TRUE,21.3405310519809,3.16314023960514,15.9853851909737,28.4896647869151,"",-0.146378757920766,TRUE,0.500171183837657
"empirical_transition","POST",29,25,"CHECK",TRUE,17.4580433721505,1.46999592858905,14.8064025478946,20.5845597806758,"",-0.30167826511398,FALSE,0.231126289311249
"empirical_transition","POST",29,25,"FIRST",TRUE,27.5172047510769,4.19821756982562,20.4402108125088,37.0444592894957,"",0.100688190043077,TRUE,0.664169939079475
"empirical_transition","POST",29,25,"LAST",TRUE,29.9839794854769,5.51531785105417,20.9709489185418,42.8706888409136,"",0.199359179419075,TRUE,0.875989596894875
"empirical_transition","POST",30,25,"CHECK",TRUE,16.0204160725963,1.54377772654391,13.2690183834463,19.3423299088416,"",-0.359183357096146,FALSE,0.242932461015811
"empirical_transition","POST",30,25,"FIRST",TRUE,26.7535594829091,4.88440014875589,18.760729583998,38.1516583244215,"",0.0701423793163653,TRUE,0.775637149616944
"empirical_transition","POST",30,25,"LAST",TRUE,26.086634575268,5.49889349947627,17.3355199294265,39.2553846803532,"",0.0434653830107187,TRUE,0.876794590037067
"empirical_transition","POST",31,25,"CHECK",TRUE,13.8108600903978,1.02987305022625,11.9353393831762,15.9811003535772,"",-0.447565596384089,FALSE,0.16183043881604
"empirical_transition","POST",31,25,"FIRST",TRUE,20.4942037211799,2.81579558496797,15.6756947601305,26.7938609798323,"",-0.180231851152806,TRUE,0.444726648788071
"empirical_transition","POST",31,25,"LAST",TRUE,22.9970467534437,4.09758454907946,16.2625839388299,32.5203031307536,"",-0.0801181298622529,TRUE,0.650308767676948
"empirical_transition","POST",32,25,"CHECK",TRUE,18.0606282183134,1.80115217478313,14.8612068149064,21.9488427624168,"",-0.277574871267465,FALSE,0.283505437900418
"empirical_transition","POST",32,25,"FIRST",TRUE,28.5718055829551,5.30239121609672,19.9207624867058,40.9797604290987,"",0.142872223318202,TRUE,0.842359917695714
"empirical_transition","POST",32,25,"LAST",TRUE,36.8350615850572,7.83675192273824,24.3874632346064,55.6360351596385,"",0.473402463402286,TRUE,1.24994287700129
"empirical_transition","POST",33,25,"CHECK",TRUE,14.9076800935678,1.19597224936464,12.7418271609091,17.4416842235913,"",-0.40369279625729,FALSE,0.187994282507288
"empirical_transition","POST",33,25,"FIRST",TRUE,19.9240845888918,2.84448273378106,15.0823209805636,26.3201630052089,"",-0.203036616444328,TRUE,0.449513680985813
"empirical_transition","POST",33,25,"LAST",TRUE,25.4804241019451,4.87955122837055,17.5656974736361,36.9613568370644,"",0.0192169640778035,TRUE,0.775826374537134
"empirical_transition","POST",34,25,"CHECK",TRUE,16.2543743239329,1.53851257132209,13.5077099440542,19.5595467889675,"",-0.349825027042683,FALSE,0.242073473796533
"empirical_transition","POST",34,25,"FIRST",TRUE,24.4143107741621,4.48134048590215,17.0881753567631,34.8813467870614,"",-0.0234275690335141,TRUE,0.711726857211933
"empirical_transition","POST",34,25,"LAST",TRUE,33.1571419997423,7.18919376773338,21.7837947530077,50.4685284660643,"",0.326285679989692,TRUE,1.14738934852226
"empirical_transition","POST",35,25,"CHECK",TRUE,17.339085052698,1.65339969346186,14.389374978128,20.8934627752546,"",-0.306436597892079,FALSE,0.260163511885064
"empirical_transition","POST",35,25,"FIRST",TRUE,32.3640582678365,7.2078501182085,21.0271368441016,49.8133566795013,"",0.29456233071346,TRUE,1.15144879341599
"empirical_transition","POST",35,25,"LAST",TRUE,31.9203859086557,6.6712277862912,21.284747855213,47.8704771834052,"",0.276815436346229,TRUE,1.06342917312769
"empirical_transition","POST",36,25,"CHECK",TRUE,13.0641460742755,0.952585287644869,11.326535121383,15.0683250279957,"",-0.47743415702898,FALSE,0.149671596264505
"empirical_transition","POST",36,25,"FIRST",TRUE,18.1737871340369,2.49145948222301,13.9090118377262,23.7462260185465,"",-0.273048514638523,FALSE,0.39348856723281
"empirical_transition","POST",36,25,"LAST",TRUE,20.6850822657416,3.19373400144642,15.3111136681642,27.9452323073114,"",-0.172596709370336,TRUE,0.505364745565888
"empirical_transition","POST",37,25,"CHECK",TRUE,14.9935272635106,1.34883184547226,12.5742813836952,17.8782272276122,"",-0.400258909459576,FALSE,0.21215783375668
"empirical_transition","POST",37,25,"FIRST",TRUE,21.3197081862792,3.32591365511073,15.7322079973946,28.8916824150415,"",-0.147211672548832,TRUE,0.526378976705875
"empirical_transition","POST",37,25,"LAST",TRUE,22.5838015471485,3.7095043077534,16.4025875943032,31.0943678482856,"",-0.0966479381140591,TRUE,0.587671210159297
"empirical_transition","POST",38,25,"CHECK",TRUE,17.5976029634547,1.52363411822478,14.8556759891289,20.8456101416055,"",-0.296095881461811,FALSE,0.239597366099066
"empirical_transition","POST",38,25,"FIRST",TRUE,29.4195710698062,3.99186063803316,22.5769624376812,38.3360323303204,"",0.176782842792248,TRUE,0.630362795705567
"empirical_transition","POST",38,25,"LAST",TRUE,30.5626606054045,4.63812380835065,22.7378422974623,41.0802489990616,"",0.222506424216181,TRUE,0.733696268063971
"empirical_transition","POST",39,25,"CHECK",TRUE,17.4334644779503,1.65182990835596,14.4847848703869,20.9824092262019,"",-0.302661420881986,FALSE,0.2599049742326
"empirical_transition","POST",39,25,"FIRST",TRUE,25.9994804530753,4.39310345539542,18.7132443666097,36.1227038233943,"",0.0399792181230104,TRUE,0.696378378271385
"empirical_transition","POST",39,25,"LAST",TRUE,33.1768756003078,6.7773529384647,22.3216696406448,49.3110547874994,"",0.327075024012312,TRUE,1.07957540587418
"empirical_transition","POST",40,25,"CHECK",TRUE,15.2430893247877,1.13561546710792,13.1748570664887,17.6359994640446,"",-0.39027642700849,FALSE,0.178445695902235
"empirical_transition","POST",40,25,"FIRST",TRUE,21.7609734624786,2.93651852359537,16.7236619219835,28.3155667845823,"",-0.129561061500855,TRUE,0.463676194503953
"empirical_transition","POST",40,25,"LAST",TRUE,27.9836981900187,5.2339676302249,19.4565614744605,40.2479834588435,"",0.11934792760075,TRUE,0.831656879375319
"empirical_transition","PRE",1,25,"CHECK",TRUE,16.9722242686952,1.53551869849236,14.2195340638656,20.257794336517,"",-0.321111029252191,FALSE,0.241530410906059
"empirical_transition","PRE",1,25,"FIRST",TRUE,26.4989477051214,5.13718588825386,18.1857479596449,38.6123370365061,"",0.0599579082048578,TRUE,0.817063563074448
"empirical_transition","PRE",1,25,"LAST",TRUE,23.6493717874724,3.75576430691155,17.3572492841636,32.2224320677575,"",-0.0540251285011044,TRUE,0.594607311343754
"empirical_transition","PRE",2,25,"CHECK",TRUE,15.6866576029336,1.28245870600086,13.3676945649489,18.4079031396252,"",-0.372533695882656,FALSE,0.201608342987051
"empirical_transition","PRE",2,25,"FIRST",TRUE,28.0768225013109,5.28697357529732,19.4741107309145,40.4797925133858,"",0.123072900052436,TRUE,0.840227271298855
"empirical_transition","PRE",2,25,"LAST",TRUE,22.2474562938925,3.12499830406755,16.9160720497887,29.2591158332669,"",-0.110101748244301,TRUE,0.493721751339126
"empirical_transition","PRE",3,25,"CHECK",TRUE,16.4161384443597,1.47755271402563,13.7661391361468,19.576265992893,"",-0.343354462225612,FALSE,0.232405074269848
"empirical_transition","PRE",3,25,"FIRST",TRUE,27.7210222893394,5.04804437588319,19.4565787104078,39.4958994694676,"",0.108840891573575,TRUE,0.801572830362395
"empirical_transition","PRE",3,25,"LAST",TRUE,25.424597758728,4.25938237593864,18.3500798519716,35.2265590344918,"",0.0169839103491206,TRUE,0.675059167300807
"empirical_transition","PRE",4,25,"CHECK",TRUE,16.6676302054711,1.65088556147568,13.7331522718051,20.2291426737249,"",-0.333294791781155,FALSE,0.259839616076795
"empirical_transition","PRE",4,25,"FIRST",TRUE,33.7446781880565,11.4368321128292,17.681527847594,64.4007302892914,"",0.349787127522259,TRUE,1.8687680976679
"empirical_transition","PRE",4,25,"LAST",TRUE,23.9083005837954,4.06275316280791,17.176380780439,33.2786542235998,"",-0.0436679766481831,TRUE,0.644090937726432
"empirical_transition","PRE",5,25,"CHECK",TRUE,15.6135494359762,1.34888331163862,13.1856466156444,18.4885074729995,"",-0.375458022560954,FALSE,0.212114434294204
"empirical_transition","PRE",5,25,"FIRST",TRUE,23.362276521872,3.76552221668307,17.0685869663257,31.9766343494749,"",-0.0655089391251209,TRUE,0.596321895325968
"empirical_transition","PRE",5,25,"LAST",TRUE,20.9553801296483,2.96546091190237,15.9014225266548,27.6156397732321,"",-0.161784794814068,TRUE,0.468568689863091
"empirical_transition","PRE",6,25,"CHECK",TRUE,16.8533852207933,1.50649179780676,14.1498295323262,20.0734993132994,"",-0.325864591168268,FALSE,0.236946791238931
"empirical_transition","PRE",6,25,"FIRST",TRUE,27.1921785749039,4.90557797595205,19.1474836209927,38.6168015748446,"",0.0876871429961562,TRUE,0.778772718154073
"empirical_transition","PRE",6,25,"LAST",TRUE,26.5859398999777,4.29315905624624,19.4125088627494,36.410141798906,"",0.063437595999107,TRUE,0.679905317446266
"empirical_transition","PRE",7,25,"CHECK",TRUE,18.2736154529007,1.91404495975988,14.890512163833,22.4253550211355,"",-0.269055381883973,FALSE,0.301393714292099
"empirical_transition","PRE",7,25,"FIRST",TRUE,39.2709088488859,6.90161282609023,27.9006186671932,55.274913442364,"",0.570836353955437,FALSE,1.09497179100683
"empirical_transition","PRE",7,25,"LAST",TRUE,33.2354296658179,7.49855086730379,21.4749778082658,51.4363178827764,"",0.329417186632718,TRUE,1.19845360298042
"empirical_transition","PRE",8,25,"CHECK",TRUE,19.5097876164171,2.19752164140003,15.6558942966488,24.3123647634219,"",-0.219608495343317,FALSE,0.346258818670923
"empirical_transition","PRE",8,25,"FIRST",TRUE,29.9653615617582,6.62658717184084,19.5265628635032,45.9846876177676,"",0.198614462470329,TRUE,1.05832499017058
"empirical_transition","PRE",8,25,"LAST",TRUE,31.7457183220142,6.80043164932119,20.9597356923675,48.0822204331354,"",0.269828732880568,TRUE,1.08489938963072
"empirical_transition","PRE",9,25,"CHECK",TRUE,18.1333627990981,1.87102438715953,14.8211762800378,22.1857455974389,"",-0.274665488036077,FALSE,0.294582772696044
"empirical_transition","PRE",9,25,"FIRST",TRUE,31.2410123074311,6.55087312137533,20.8043777041804,46.9132441196232,"",0.249640492297244,TRUE,1.04435465661771
"empirical_transition","PRE",9,25,"LAST",TRUE,27.0153725927497,4.77658984385046,19.1543176110452,38.1026550329437,"",0.0806149037099888,TRUE,0.757933496875941
"empirical_transition","PRE",10,25,"CHECK",TRUE,18.8605265669264,2.10531341537174,15.1646404392163,23.4571643032059,"",-0.245578937322943,FALSE,0.331700954559586
"empirical_transition","PRE",10,25,"FIRST",TRUE,35.7451413842355,8.12413779722986,23.0243376171379,55.4941103551198,"",0.429805655369421,TRUE,1.29879090951927
"empirical_transition","PRE",10,25,"LAST",TRUE,34.140019848286,7.86187541162125,21.8661805819945,53.3033627373,"",0.365600793931439,TRUE,1.25748728621222
"empirical_transition","PRE",11,25,"CHECK",TRUE,16.2224011588916,1.46257600714427,13.5996566483354,19.3509517309923,"",-0.351103953644336,FALSE,0.230051803306275
"empirical_transition","PRE",11,25,"FIRST",TRUE,25.2264982936452,4.37544674536185,18.0016252016498,35.3510424214899,"",0.00905993174580857,TRUE,0.693976688793603
"empirical_transition","PRE",11,25,"LAST",TRUE,23.8684755003848,3.73162746908623,17.6014870883865,32.3668176360146,"",-0.045260979984607,TRUE,0.590613221905127
"empirical_transition","PRE",12,25,"CHECK",TRUE,17.1561437313165,1.68416973431618,14.1598911555344,20.7864075010599,"",-0.31375425074734,FALSE,0.26506065382102
"empirical_transition","PRE",12,25,"FIRST",TRUE,30.0200040167205,7.80937266098455,18.1800417425158,49.570878545145,"",0.200800160668821,TRUE,1.25563347210517
"empirical_transition","PRE",12,25,"LAST",TRUE,25.1706490464679,4.36027906303988,17.9692702189438,35.2580581014656,"",0.00682596185871745,TRUE,0.691551515300873
"empirical_transition","PRE",13,25,"CHECK",TRUE,16.4708799011256,1.54022962189912,13.7180439889393,19.7761346250268,"",-0.341164803954978,FALSE,0.2423236254435
"empirical_transition","PRE",13,25,"FIRST",TRUE,31.266989169025,4.97207469296741,22.9388811965024,42.6186701662236,"",0.250679566760999,TRUE,0.787191558788847
"empirical_transition","PRE",13,25,"LAST",TRUE,26.4183466500385,4.54866642507262,18.8980189458588,36.9313334758054,"",0.0567338660015409,TRUE,0.721332581197864
"empirical_transition","PRE",14,25,"CHECK",TRUE,15.1106479634681,1.2877293893915,12.7901277357443,17.8521815100994,"",-0.395574081461275,FALSE,0.202482150974205
"empirical_transition","PRE",14,25,"FIRST",TRUE,30.0232127066049,6.38972897812602,19.874748441493,45.3536961174402,"",0.200928508264197,TRUE,1.01915790703789
"empirical_transition","PRE",14,25,"LAST",TRUE,23.770848145199,4.01330484915979,17.1136369120143,33.0177170666408,"",-0.0491660741920418,TRUE,0.636163206185059
"empirical_transition","PRE",15,25,"CHECK",TRUE,14.1499252632579,1.08817686737468,12.1727964326404,16.4481831322594,"",-0.434002989469685,FALSE,0.171015467984761
"empirical_transition","PRE",15,25,"FIRST",TRUE,21.3155984623045,3.37585359158693,15.6575101576191,29.0183262365699,"",-0.14737606150782,TRUE,0.534432643158035
"empirical_transition","PRE",15,25,"LAST",TRUE,20.7320926429552,3.01277581800763,15.6168234486316,27.5228612764871,"",-0.170716294281791,TRUE,0.476241513114221
"empirical_transition","PRE",16,25,"CHECK",TRUE,13.3886855769001,1.00921040559725,11.5522626724717,15.517038225269,"",-0.464452576923997,FALSE,0.158591022111892
"empirical_transition","PRE",16,25,"FIRST",TRUE,18.7253976390552,2.63378696286061,14.2328773771911,24.6359543083435,"",-0.25098409443779,FALSE,0.4161230772461
"empirical_transition","PRE",16,25,"LAST",TRUE,17.9987048194183,2.45603016870246,13.7919303211695,23.4886174475019,"",-0.280051807223268,FALSE,0.387867485053297
"empirical_transition","PRE",17,25,"CHECK",TRUE,15.6099090159239,1.37421259339155,13.1404349208523,18.5434699043901,"",-0.375603639363044,FALSE,0.21612139934151
"empirical_transition","PRE",17,25,"FIRST",TRUE,27.2757447676438,5.6783153271579,18.2157935545006,40.8418250022292,"",0.0910297907057503,TRUE,0.905041257909145
"empirical_transition","PRE",17,25,"LAST",TRUE,20.8733719069765,3.26256523162723,15.3939293500681,28.3032125754837,"",-0.165065123720941,TRUE,0.516371329016622
"empirical_transition","PRE",18,25,"CHECK",TRUE,18.4565452597129,2.00896955158611,14.9200742440524,22.8312578980379,"",-0.261738189611483,FALSE,0.316447346159421
"empirical_transition","PRE",18,25,"FIRST",TRUE,27.7455800735222,5.79219341898697,18.5092079285836,41.5910403398415,"",0.109823202940889,TRUE,0.923273296450318
"empirical_transition","PRE",18,25,"LAST",TRUE,29.3200415456931,6.70549999147204,18.8352080286924,45.6413773042277,"",0.172801661827723,TRUE,1.07224677102141
"empirical_transition","PRE",19,25,"CHECK",TRUE,18.7858631236193,1.96951904844951,15.3050425622526,23.0583255070292,"",-0.24856547505523,FALSE,0.310131317791062
"empirical_transition","PRE",19,25,"FIRST",TRUE,35.9895149310325,12.0561883881318,18.9923148496928,68.1983842002265,"",0.439580597241301,TRUE,1.96824277402135
"empirical_transition","PRE",19,25,"LAST",TRUE,29.8092410931291,6.50553931632136,19.531795066822,45.4945821164034,"",0.192369643725163,TRUE,1.03851148198326
"empirical_transition","PRE",20,25,"CHECK",TRUE,15.7718743233303,1.43253116769366,13.2047121199563,18.8381251640455,"",-0.369125027066788,FALSE,0.225336521763565
"empirical_transition","PRE",20,25,"FIRST",TRUE,30.7900297063137,6.90523454545912,19.9457098751877,47.5303178100979,"",0.231601188252547,TRUE,1.10338431739641
"empirical_transition","PRE",20,25,"LAST",TRUE,23.3260107061032,3.7350153281208,17.0767725815925,31.8621550331907,"",-0.0669595717558718,TRUE,0.591415298063929
"empirical_transition","PRE",21,25,"CHECK",TRUE,14.4216059587216,1.10352959684639,12.415820172644,16.7514280600557,"",-0.423135761651136,FALSE,0.17342431549647
"empirical_transition","PRE",21,25,"FIRST",TRUE,22.1256409390559,3.1962512462883,16.6942293297257,29.3241441275966,"",-0.114974362437764,TRUE,0.505196591914836
"empirical_transition","PRE",21,25,"LAST",TRUE,21.4033710641577,3.06694544280441,16.1856632457031,28.3030905781165,"",-0.14386515743369,TRUE,0.484697093296539
"empirical_transition","PRE",22,25,"CHECK",TRUE,17.4583998664177,1.60449425187611,14.5861329477978,20.896266816336,"",-0.301664005343294,FALSE,0.252405354741531
"empirical_transition","PRE",22,25,"FIRST",TRUE,37.8832970640402,6.86130565623495,26.6393175442097,53.8731592526947,"",0.515331882561607,FALSE,1.0893536683394
"empirical_transition","PRE",22,25,"LAST",TRUE,28.9687123741743,5.47615437969038,20.0646258734527,41.8241686593297,"",0.15874849496697,TRUE,0.870381711435078
"empirical_transition","PRE",23,25,"CHECK",TRUE,14.5402756229955,1.11235925811376,12.5184064496312,16.8887003344507,"",-0.418388975080181,FALSE,0.174811755392779
"empirical_transition","PRE",23,25,"FIRST",TRUE,21.8025405237663,3.34598601988636,16.167194414746,29.4021808049087,"",-0.127898379049348,TRUE,0.529399455606508
"empirical_transition","PRE",23,25,"LAST",TRUE,20.5476940035501,2.95533310096096,15.5225349708774,27.1996635636934,"",-0.178092239857995,TRUE,0.467085143712639
"empirical_transition","PRE",24,25,"CHECK",TRUE,15.6262536876772,1.34352381089189,13.2070081333369,18.4886540423407,"",-0.374949852492912,FALSE,0.211265836360153
"empirical_transition","PRE",24,25,"FIRST",TRUE,31.2344326380695,7.55992676100264,19.5675079360599,49.8576408099592,"",0.249377305522779,TRUE,1.21160531495597
"empirical_transition","PRE",24,25,"LAST",TRUE,25.4669330875176,4.73117625952318,17.7493428758525,36.5402080189942,"",0.018677323500706,TRUE,0.751634605725669
"empirical_transition","PRE",25,25,"CHECK",TRUE,13.3692618674621,1.06912495302043,11.4326325108174,15.6339463121601,"",-0.465229525301518,FALSE,0.168052552053712
"empirical_transition","PRE",25,25,"FIRST",TRUE,18.5268885790767,2.60884607001131,14.0776197834211,24.3823604914914,"",-0.25892445683693,FALSE,0.412189628322813
"empirical_transition","PRE",25,25,"LAST",TRUE,19.6107016903456,2.72875910065491,14.9492309781367,25.7257126704493,"",-0.215571932386176,TRUE,0.431059267692504
"empirical_transition","PRE",26,25,"CHECK",TRUE,19.9015551513737,2.34536618806164,15.8095672008091,25.0526717406215,"",-0.203937793945053,TRUE,0.369724181592496
"empirical_transition","PRE",26,25,"FIRST",TRUE,438133.825425251,0,438133.819855507,438133.830994995,"",17524.35301701,FALSE,0.000445579530205578
"empirical_transition","PRE",26,25,"LAST",TRUE,38.7332411169275,8.39503188617045,25.4511759343628,58.9467445940865,"",0.549329644677102,FALSE,1.33982274638895
"empirical_transition","PRE",27,25,"CHECK",TRUE,17.4456208042373,1.55536292529486,14.6537163155615,20.7694538839975,"",-0.302175167830509,FALSE,0.244629502737439
"empirical_transition","PRE",27,25,"FIRST",TRUE,50.3863419486017,8.02819239111848,36.9434724084221,68.7207587552774,"",1.01545367794407,FALSE,1.27109145387421
"empirical_transition","PRE",27,25,"LAST",TRUE,46.6235331683056,8.25689964143598,33.0386303424002,65.794308740045,"",0.864941326732226,FALSE,1.31022713590579
"empirical_transition","PRE",28,25,"CHECK",TRUE,19.1536147473013,2.31961122776212,15.1196042496965,24.2639259486836,"",-0.23385541010795,FALSE,0.365772867959485
"empirical_transition","PRE",28,25,"FIRST",TRUE,37.5595737295009,16.5159793385572,16.4754811290566,85.6255163470664,"",0.502382949180036,TRUE,2.76600140872039
"empirical_transition","PRE",28,25,"LAST",TRUE,32.1486837013453,9.93146390559752,17.7900182828283,58.0965037414693,"",0.285947348053811,TRUE,1.61225941834564
"empirical_transition","PRE",29,25,"CHECK",TRUE,17.0429218646353,1.59512012788593,14.1922122601141,20.4662374237719,"",-0.31828312541459,FALSE,0.250961006546313
"empirical_transition","PRE",29,25,"FIRST",TRUE,26.4163547227301,4.80694117467221,18.5455979541736,37.6274627845075,"",0.0566541889092038,TRUE,0.763274593213358
"empirical_transition","PRE",29,25,"LAST",TRUE,25.7134850647895,4.39307191255609,18.4408292293627,35.854315766038,"",0.0285394025915804,TRUE,0.696539461467015
"empirical_transition","PRE",30,25,"CHECK",TRUE,15.0633231763893,1.22450286256822,12.8481389164784,17.6604336699171,"",-0.397467072944428,FALSE,0.19249179013755
"empirical_transition","PRE",30,25,"FIRST",TRUE,24.2730015484314,4.11494165958312,17.4518857496887,33.7601685354067,"",-0.0290799380627455,TRUE,0.65233131142872
"empirical_transition","PRE",30,25,"LAST",TRUE,20.8369718724667,3.05562828729812,15.6557511451389,27.7329010143841,"",-0.166521125101333,TRUE,0.48308599476981
"empirical_transition","PRE",31,25,"CHECK",TRUE,18.9711867910264,2.00502800418633,15.4305841040762,23.3241934221362,"",-0.241152528358946,FALSE,0.315744372722402
"empirical_transition","PRE",31,25,"FIRST",TRUE,333423.992344084,0,333423.986047575,333423.998640594,"",13335.9596937634,FALSE,0.000503720769193023
"empirical_transition","PRE",31,25,"LAST",TRUE,27.9928756016213,5.58948260116295,18.9995002480892,41.243247149443,"",0.119715024064852,TRUE,0.889749876054152
"empirical_transition","PRE",32,25,"CHECK",TRUE,16.2615681432097,1.49044702934356,13.5928028054257,19.4543099213284,"",-0.34953727427161,FALSE,0.234460284636105
"empirical_transition","PRE",32,25,"FIRST",TRUE,25.0552122782477,4.47396301315936,17.7049660175346,35.4569255702796,"",0.00220849112990621,TRUE,0.710078382109801
"empirical_transition","PRE",32,25,"LAST",TRUE,21.154923536071,3.23124745679386,15.7089090969829,28.4889795372848,"",-0.15380305855716,TRUE,0.511202817612076
"empirical_transition","PRE",33,25,"CHECK",TRUE,15.5730003340366,1.28610563424105,13.2493545498049,18.3041625531468,"",-0.377079986638537,FALSE,0.202192320133674
"empirical_transition","PRE",33,25,"FIRST",TRUE,22.8654752204053,3.40046582555576,17.111357183139,30.5545580902344,"",-0.0853809911837874,TRUE,0.537728036283817
"empirical_transition","PRE",33,25,"LAST",TRUE,22.3940981438344,3.14187761424806,17.0330350585152,29.442529176559,"",-0.104236074246625,TRUE,0.496379764721752
"empirical_transition","PRE",34,25,"CHECK",TRUE,15.3523448155689,1.35488303872301,12.9181313154886,18.2452465902349,"",-0.385906207377245,FALSE,0.213084610989855
"empirical_transition","PRE",34,25,"FIRST",TRUE,26.0175038486956,4.8291331779208,18.1388295530827,37.3183123274815,"",0.0407001539478259,TRUE,0.76717931097595
"empirical_transition","PRE",34,25,"LAST",TRUE,21.6174071272879,3.13850270873049,16.2879566728612,28.6906639238271,"",-0.135303714908484,TRUE,0.496108290038639
"empirical_transition","PRE",35,25,"CHECK",TRUE,17.341940461515,1.44012901354964,14.741194068702,20.4015290463652,"",-0.306322381539401,FALSE,0.226413399106529
"empirical_transition","PRE",35,25,"FIRST",TRUE,28.9889816995574,5.24440458251918,20.3929463120507,41.2084182009876,"",0.159559267982297,TRUE,0.832618875557474
"empirical_transition","PRE",35,25,"LAST",TRUE,28.1833713897458,4.57035345303505,20.5519353454431,38.6485462094673,"",0.12733485558983,TRUE,0.723864434560969
"empirical_transition","PRE",36,25,"CHECK",TRUE,15.0489900103147,1.20987599309536,12.8583278773955,17.6128733448056,"",-0.398040399587413,FALSE,0.190181818696402
"empirical_transition","PRE",36,25,"FIRST",TRUE,23.3291992268692,3.84890966827832,16.9203077043738,32.1655815057235,"",-0.0668320309252304,TRUE,0.609810952053987
"empirical_transition","PRE",36,25,"LAST",TRUE,22.0886814129937,3.23189189010905,16.6067898724298,29.3801421173365,"",-0.116452743480252,TRUE,0.510934089796265
"empirical_transition","PRE",37,25,"CHECK",TRUE,15.7848479399783,1.45453137812416,13.1816630361967,18.9021236397898,"",-0.368606082400869,FALSE,0.228818424143725
"empirical_transition","PRE",37,25,"FIRST",TRUE,25.7239171084069,4.96875111382234,17.6776696721263,37.4325306261136,"",0.0289566843362761,TRUE,0.790194438159491
"empirical_transition","PRE",37,25,"LAST",TRUE,21.7996719663659,3.54652736011165,15.8808503834185,29.9244490293385,"",-0.128013121345366,TRUE,0.5617439458368
"empirical_transition","PRE",38,25,"CHECK",TRUE,17.4745409315756,1.5337319457899,14.7176853620431,20.7477992128322,"",-0.301018362736978,FALSE,0.241204554031561
"empirical_transition","PRE",38,25,"FIRST",TRUE,27.9350619866407,4.88368562808926,19.881940852289,39.2500759354998,"",0.117402479465627,TRUE,0.774725403328431
"empirical_transition","PRE",38,25,"LAST",TRUE,25.7263208530536,3.91900412600204,19.1184789252821,34.6180042471394,"",0.0290528341221454,TRUE,0.619981012874293
"empirical_transition","PRE",39,25,"CHECK",TRUE,14.9734169551923,1.21652110869659,12.7725741320796,17.5534871041328,"",-0.401063321792308,FALSE,0.191236518882126
"empirical_transition","PRE",39,25,"FIRST",TRUE,22.5189532184652,3.41831168120042,16.7522618996062,30.2707334146528,"",-0.0992418712613902,TRUE,0.540738860601864
"empirical_transition","PRE",39,25,"LAST",TRUE,24.109871187961,3.70449455952839,17.871850637721,32.5252208337724,"",-0.0356051524815601,TRUE,0.586134807842056
"empirical_transition","PRE",40,25,"CHECK",TRUE,21.8762198652029,2.62888529099543,17.3001172071489,27.662760307366,"",-0.124951205391883,TRUE,0.414505724008683
"empirical_transition","PRE",40,25,"FIRST",TRUE,38.8844628242655,6.73499936692595,27.7607711832031,54.4653979226101,"",0.555378512970619,FALSE,1.06818506957628
"empirical_transition","PRE",40,25,"LAST",TRUE,34.7842238074105,6.61506494765786,24.0403782177832,50.3295836248118,"",0.39136895229642,TRUE,1.05156821628115
