"scenario","rho","replicate","seed","all_captured_nights","repeat_nights","conflict_nights","repeat_fraction","conflict_fraction","conflict_diameter_median","all_fits_ok","sigma_check","sigma_first","sigma_last","check_relerr_true","first_relerr_true","last_relerr_true","first_vs_check","last_vs_check","rule_neutral_signed","mean_abs_rule_sensitivity","max_abs_rule_sensitivity","either_ge_10pct","last_vs_first"
"exchangeable_static_scr",0,1,20271010,24,8,8,0.333333333333333,1,21.1494654238512,TRUE,13.1355790074997,11.8218374233413,11.6370700571158,0.20096722354283,0.08085370727692,0.0639606909363053,-0.100013983655255,-0.114080159658611,-0.107047071656933,0.107047071656933,0.114080159658611,TRUE,-0.0156293272872002
"san_jacinto_calibrated",0.20172188317,1,20271010,24,8,4,0.333333333333333,0.5,24.1520528158802,TRUE,12.7276608366875,13.0229242711515,11.9792765946649,0.163671847925718,0.190667361933856,0.0952481457979319,0.0231985624265618,-0.0587998259558774,-0.0178006317646578,0.0409991941912196,0.0587998259558774,FALSE,-0.0801392724672877
"exchangeable_static_scr",0,2,20281017,46,24,22,0.521739130434783,0.916666666666667,13.9754248593737,TRUE,10.4496083569376,13.5324352460561,8.59059050826452,-0.0446072359371377,0.237251222496562,-0.214574582101529,0.295018414453005,-0.177903112267248,0.0585576510928788,0.236460763360127,0.295018414453005,TRUE,-0.365185175316606
"san_jacinto_calibrated",0.20172188317,2,20281017,46,24,20,0.521739130434783,0.833333333333333,13.9754248593737,TRUE,10.4606046535836,13.5233977689932,9.14733759876445,-0.0436018602437882,0.236424938879382,-0.163671990970108,0.292793123995986,-0.125544086437606,0.0836245187791899,0.209168605216796,0.292793123995986,TRUE,-0.323591766283938
"exchangeable_static_scr",0,3,20291024,31,14,14,0.451612903225806,1,13.9754248593737,TRUE,11.1388907195755,10.884568970138,11.1136316146603,0.0184128657897609,-0.0048394084445218,0.0161034619117961,-0.0228318740025452,-0.00226764994388973,-0.0125497619732174,0.0125497619732174,0.0228318740025452,FALSE,0.0210447143245327
"san_jacinto_calibrated",0.20172188317,3,20291024,31,14,12,0.451612903225806,0.857142857142857,13.9754248593737,TRUE,11.3803582942506,12.1247965507861,11.1484463766922,0.0404899011886295,0.108552827500444,0.0192865258689969,0.0654143074661864,-0.0203782615241247,0.0225180229710308,0.0428962844951555,0.0654143074661864,FALSE,-0.08052507685423
"exchangeable_static_scr",0,4,20301031,23,2,2,0.0869565217391304,1,15.6867651182409,TRUE,10.4984757269415,11.4179912829374,8.9209518387782,-0.0401393621082051,0.0439306315828507,-0.184370117597421,0.0875856248003921,-0.150262183691582,-0.0313382794455951,0.118923904245987,0.150262183691582,TRUE,-0.218693409574651
"san_jacinto_calibrated",0.20172188317,4,20301031,23,2,2,0.0869565217391304,1,15.6867651182409,TRUE,10.4984497293275,11.417991012145,8.92095178570251,-0.0401417390329161,0.0439306068246836,-0.184370122450056,0.0875882922264943,-0.15026008451688,-0.0313358961451931,0.118924188371687,0.15026008451688,TRUE,-0.218693395693379
"exchangeable_static_scr",0,5,20311038,32,10,9,0.3125,0.9,13.9754248593737,TRUE,10.3211913478772,11.1302043375853,10.0163012857736,-0.0563482196226589,0.0176186822935089,-0.0842238824435593,0.0783836828947542,-0.0295402005279465,0.0244217411834038,0.0539619417113503,0.0783836828947542,FALSE,-0.100079299357531
"san_jacinto_calibrated",0.20172188317,5,20311038,32,10,7,0.3125,0.7,13.9754248593737,TRUE,9.14031171310439,11.1301913302816,8.62430366549201,-0.164314357659027,0.0176174930543196,-0.211492236297873,0.21770369322573,-0.0564540973884495,0.0806247979186404,0.13707889530709,0.21770369322573,TRUE,-0.225143269367877
"exchangeable_static_scr",0,6,20321045,11,4,3,0.363636363636364,0.75,19.7642353760524,TRUE,13.0238667932021,8.75131024658943,12.4716567485972,0.190753535378478,-0.199880206026109,0.14026575987174,-0.328055915685714,-0.0423998535437401,-0.185227884614727,0.185227884614727,0.328055915685714,TRUE,0.425118799034421
"san_jacinto_calibrated",0.20172188317,6,20321045,11,4,2,0.363636363636364,0.5,15.6867651182409,TRUE,11.1411482971255,4.44632287928252,12.4716593801492,0.0186192728800447,-0.593479051037026,0.140266000470782,-0.600909820002152,0.119423155274486,-0.240743332363833,0.360166487638319,0.600909820002152,TRUE,1.80493785960988
"exchangeable_static_scr",0,7,20331052,24,8,8,0.333333333333333,1,16.869830117713,TRUE,10.879690849549,8.69699131415801,8.00292930195453,-0.00528540804123456,-0.204846508419839,-0.268303606678443,-0.200621466691902,-0.264415743735376,-0.232518605213639,0.232518605213639,0.264415743735376,TRUE,-0.0798048413677956
"san_jacinto_calibrated",0.20172188317,7,20331052,24,8,6,0.333333333333333,0.75,20.9631372890605,TRUE,10.8584148772059,9.78711171045501,7.90147480917447,-0.00723063979831851,-0.105178357901256,-0.277579446018334,-0.0986611009862752,-0.27231783842029,-0.185489469703282,0.185489469703282,0.27231783842029,TRUE,-0.192665308935446
"exchangeable_static_scr",0,8,20341059,41,21,20,0.51219512195122,0.952380952380952,19.7642353760524,TRUE,10.8186302122652,9.50919421564275,10.703272872748,-0.0108680948786064,-0.130587957426948,-0.021415051634471,-0.121035285514978,-0.0106628415292803,-0.065849063522129,0.065849063522129,0.121035285514978,TRUE,0.125570961116868
"san_jacinto_calibrated",0.20172188317,8,20341059,41,21,16,0.51219512195122,0.761904761904762,19.7642353760524,TRUE,10.7535248609471,9.52337299139445,11.946948909311,-0.0168205841419795,-0.129291612215365,0.0922924717084359,-0.114395222539552,0.110979800930019,-0.00170771080476678,0.112687511734786,0.114395222539552,TRUE,0.25448713602907
"exchangeable_static_scr",0,9,20351066,33,14,12,0.424242424242424,0.857142857142857,13.9754248593737,TRUE,9.27372308458188,10.8442133589958,10.0347281285947,-0.152116746552514,-0.00852906432038791,-0.0825391425284813,0.169348411645471,0.0820603588302171,0.125704385237844,0.125704385237844,0.169348411645471,TRUE,-0.0746467450983448
"san_jacinto_calibrated",0.20172188317,9,20351066,33,14,10,0.424242424242424,0.714285714285714,13.9754248593737,TRUE,9.38559297991726,10.6963186721024,10.3949085864707,-0.141888641836136,-0.0220508642649239,-0.0496083578083921,0.139652944144258,0.107538821331068,0.123595882737663,0.123595882737663,0.139652944144258,TRUE,-0.0281788618001637
"exchangeable_static_scr",0,10,20361073,28,17,17,0.607142857142857,1,13.9754248593737,TRUE,10.8844580086514,9.38904798414963,15.7304251161594,-0.00484955349473026,-0.141572755734891,0.438210296334575,-0.137389479872415,0.445218963007278,0.153914741567431,0.291304221439847,0.445218963007278,TRUE,0.675401504254229
"san_jacinto_calibrated",0.20172188317,10,20361073,28,17,11,0.607142857142857,0.647058823529412,13.9754248593737,TRUE,10.0973079284761,9.90218056926752,15.8050317518393,-0.076817560825046,-0.0946577765241124,0.445031474453879,-0.0193246913524593,0.565271839166807,0.272973573907174,0.292298265259633,0.565271839166807,TRUE,0.596116293909234
"exchangeable_static_scr",0,11,20371080,38,17,15,0.447368421052632,0.882352941176471,13.9754248593737,TRUE,10.6883304856091,9.61685286236626,9.70534374512396,-0.0227812127443117,-0.120744881155085,-0.112654286160095,-0.100247426357697,-0.0919682210246623,-0.0961078236911798,0.0961078236911798,0.100247426357697,TRUE,0.00920164673663537
"san_jacinto_calibrated",0.20172188317,11,20371080,38,17,11,0.447368421052632,0.647058823529412,13.9754248593737,TRUE,8.54765635949236,7.48859572633611,8.80751725295242,-0.21849998998927,-0.315328390734984,-0.194741279730065,-0.123900703141878,0.0304014202877345,-0.0467496414270717,0.0771510617148062,0.123900703141878,TRUE,0.17612401240701
"exchangeable_static_scr",0,12,20381087,15,2,2,0.133333333333333,1,22.6127124296868,TRUE,9.15430344514854,7.12185693979212,6.89200378488024,-0.163035113586419,-0.348858794076149,-0.369873939668092,-0.222020879855533,-0.247129634037556,-0.234575256946545,0.234575256946545,0.247129634037556,TRUE,-0.0322743291328443
"san_jacinto_calibrated",0.20172188317,12,20381087,15,2,0,0.133333333333333,0,NA,TRUE,5.11539257070607,5.67903015193935,5.6790297573551,-0.532306964964016,-0.480774386108402,-0.480774422184677,0.110184618959847,0.110184541823195,0.110184580391521,0.110184580391521,0.110184618959847,TRUE,-6.94809225709747e-08
"exchangeable_static_scr",0,13,20391094,23,4,2,0.173913043478261,0.5,15.625,TRUE,10.5527530707276,11.3084523706412,12.6929328753273,-0.0351768621049018,0.0339156453157679,0.160496720029928,0.0716115780260049,0.202807721383755,0.13720964970488,0.13720964970488,0.202807721383755,TRUE,0.122428822203866
"san_jacinto_calibrated",0.20172188317,13,20391094,23,4,2,0.173913043478261,0.5,15.625,TRUE,10.5527363817503,11.3084461568366,12.6929392525983,-0.0351783879542573,0.0339150771964867,0.160497303094698,0.0716126839284237,0.202810227928102,0.137211455928263,0.137211455928263,0.202810227928102,TRUE,0.122430002898735
"exchangeable_static_scr",0,14,20401101,38,18,17,0.473684210526316,0.944444444444444,13.9754248593737,TRUE,9.0109014564817,9.18591261530548,8.91644201218364,-0.176146152550245,-0.160145132314928,-0.184782444600353,0.0194221587783423,-0.0104827962833967,0.00446968124747282,0.0149524775308695,0.0194221587783423,FALSE,-0.0293352021085912
"san_jacinto_calibrated",0.20172188317,14,20401101,38,18,10,0.473684210526316,0.555555555555556,11.4071298121028,TRUE,7.98594855042562,9.21940542996896,8.35634096659045,-0.269856132532515,-0.157082932117124,-0.235991683054588,0.154453396707345,0.0463805162061912,0.100416956456768,0.100416956456768,0.154453396707345,TRUE,-0.0936138962468234
"exchangeable_static_scr",0,15,20411108,32,18,17,0.5625,0.944444444444444,17.6776695296637,TRUE,14.9074500141553,14.5309718385957,13.5343097749593,0.36296685843706,0.328545996671603,0.237422607996277,-0.0252543644420875,-0.0921110074420638,-0.0586826859420757,0.0586826859420757,0.0921110074420638,FALSE,-0.0685888097992967
"san_jacinto_calibrated",0.20172188317,15,20411108,32,18,9,0.5625,0.5,17.6776695296637,TRUE,12.1546063244958,12.4145773529914,12.3900468306252,0.11127829252533,0.135047072273503,0.132804281657162,0.0213886835620267,0.0193704756734843,0.0203795796177555,0.0203795796177555,0.0213886835620267,FALSE,-0.00197594502565279
"exchangeable_static_scr",0,16,20421115,71,33,31,0.464788732394366,0.939393939393939,18.75,TRUE,13.5713320331238,15.1017960126693,13.264408321721,0.240807500171323,0.38073563544405,0.21274590370021,0.112771832257144,-0.0226155922391172,0.0450781200090135,0.0676937122481308,0.112771832257144,TRUE,-0.121666832832785
"san_jacinto_calibrated",0.20172188317,16,20421115,71,33,24,0.464788732394366,0.727272727272727,19.7642353760524,TRUE,13.2265322301672,14.9828233094868,13.5340742127417,0.209282946758146,0.369858131153074,0.23740107087924,0.132785453417167,0.023251898322451,0.0780186758698092,0.0780186758698092,0.132785453417167,TRUE,-0.0966939986422819
"exchangeable_static_scr",0,17,20431122,32,14,13,0.4375,0.928571428571429,13.9754248593737,TRUE,12.7436022320728,13.9190360306411,13.3398037887194,0.165129346932369,0.272597579944333,0.21963920354006,0.0922371694566899,0.0467843821385223,0.0695107757976061,0.0695107757976061,0.0922371694566899,FALSE,-0.0416143934570338
"san_jacinto_calibrated",0.20172188317,17,20431122,32,14,11,0.4375,0.785714285714286,19.7642353760524,TRUE,12.7088934589788,14.7333336185954,13.084054483295,0.161955973392344,0.34704764512872,0.196256409901256,0.159293188360656,0.0295195663986925,0.0944063773796742,0.0944063773796742,0.159293188360656,TRUE,-0.111942020590559
"exchangeable_static_scr",0,18,20441129,35,18,16,0.514285714285714,0.888888888888889,16.3627124296868,TRUE,12.955229829929,15.2569651196237,11.7401239155463,0.184478155879223,0.394922525222741,0.073382757992805,0.177668425794909,-0.0937926945591943,0.0419378656178573,0.135730560177052,0.177668425794909,TRUE,-0.230507258586704
"san_jacinto_calibrated",0.20172188317,18,20441129,35,18,12,0.514285714285714,0.666666666666667,16.3627124296868,TRUE,12.3683577227132,16.9767362212856,11.7401156726184,0.130821277505207,0.552158740231822,0.0733820043536839,0.372594211930785,-0.0507942981743711,0.160899956878207,0.211694255052578,0.372594211930785,TRUE,-0.308458615390479
"exchangeable_static_scr",0,19,20451136,28,15,14,0.535714285714286,0.933333333333333,12.5,TRUE,8.42793307205912,6.555528003618,8.93145876303231,-0.229446119126024,-0.400637439669211,-0.18340948452276,-0.22216658016052,0.0597448611264511,-0.0812108595170343,0.140955720643485,0.22216658016052,TRUE,0.362431639084302
"san_jacinto_calibrated",0.20172188317,19,20451136,28,15,13,0.535714285714286,0.866666666666667,12.5,TRUE,8.44130669173023,6.68735841322079,8.93146189027558,-0.228223388184664,-0.388584373648385,-0.183409198603376,-0.207781608056932,0.0580662705959418,-0.074857668730495,0.132923939326437,0.207781608056932,TRUE,0.3355739797972
"exchangeable_static_scr",0,20,20461143,33,17,15,0.515151515151515,0.882352941176471,18.75,TRUE,13.1875424273329,18.2135003622431,11.8896210066867,0.205718164784719,0.665234318833655,0.0870510634684947,0.381114067507628,-0.0984202650189085,0.14134690124436,0.239767166263268,0.381114067507628,TRUE,-0.347208347093234
"san_jacinto_calibrated",0.20172188317,20,20461143,33,17,9,0.515151515151515,0.529411764705882,12.5,TRUE,10.029750948487,10.7004835034919,15.3984323746002,-0.0829941989954707,-0.0216700796807415,0.407856674249164,0.0668742981206356,0.535275646791912,0.301074972456274,0.301074972456274,0.535275646791912,TRUE,0.439040803116537
"exchangeable_static_scr",0,21,20471150,25,9,9,0.36,1,18.75,TRUE,11.2553069695054,10.2971915906517,10.8001322862395,0.0290566372119181,-0.0585424831404165,-0.0125593338295282,-0.0851256550753824,-0.0404408946374409,-0.0627832748564117,0.0627832748564117,0.0851256550753824,FALSE,0.0488425111993094
"san_jacinto_calibrated",0.20172188317,21,20471150,25,9,4,0.36,0.444444444444444,22.2597050800552,TRUE,8.28696305978593,7.27223365773181,9.54762621209292,-0.242334805962429,-0.335110065578806,-0.127074174894361,-0.122448886851962,0.15212607359439,0.014838593371214,0.137287480223176,0.15212607359439,TRUE,0.312887712558839
"exchangeable_static_scr",0,22,20481157,19,6,6,0.315789473684211,1,13.9754248593737,TRUE,8.00012844110979,8.80135144547301,5.77658996983454,-0.268559685384248,-0.19530501069961,-0.471854631329414,0.100151267602908,-0.277937846578723,-0.0888932894879078,0.189044557090815,0.277937846578723,TRUE,-0.343670116388122
"san_jacinto_calibrated",0.20172188317,22,20481157,19,6,5,0.315789473684211,0.833333333333333,13.9754248593737,TRUE,8.075671778298,8.80135766635629,6.83719346519795,-0.261652865984183,-0.195304441933139,-0.374885168896188,0.0898607457039613,-0.153359169007865,-0.0317492116519519,0.121609957355913,0.153359169007865,TRUE,-0.223166047286827
"exchangeable_static_scr",0,23,20491164,27,10,10,0.37037037037037,1,17.6776695296637,TRUE,9.9064863424766,7.78872692637372,7.79703977206751,-0.0942641058307104,-0.287887823874402,-0.287127792268114,-0.213775030105522,-0.212935898509677,-0.2133554643076,0.2133554643076,0.213775030105522,TRUE,0.00106729196855437
"san_jacinto_calibrated",0.20172188317,23,20491164,27,10,7,0.37037037037037,0.7,19.7642353760524,TRUE,9.01368652529172,7.78872624911953,7.22229252998249,-0.175891517687614,-0.287887885794786,-0.339676111544458,-0.135900030773762,-0.19874154601258,-0.167320788393171,0.167320788393171,0.19874154601258,TRUE,-0.0727248205958039
"exchangeable_static_scr",0,24,20501171,42,19,19,0.452380952380952,1,22.5346954716499,TRUE,14.3637580861738,15.9364791253314,21.9039462044767,0.313257882164465,0.457049520030303,1.00264651012358,0.109492309026804,0.524945357131906,0.317218833079355,0.317218833079355,0.524945357131906,TRUE,0.374453292487912
"san_jacinto_calibrated",0.20172188317,24,20501171,42,19,14,0.452380952380952,0.736842105263158,25.3847050800552,TRUE,12.7947409950998,14.7063650171211,21.8992500820291,0.169804890980551,0.344581944422498,1.00221715035694,0.149407012049202,0.711582132879142,0.430494572464172,0.430494572464172,0.711582132879142,TRUE,0.489100131578
"exchangeable_static_scr",0,25,20511178,47,19,18,0.404255319148936,0.947368421052632,13.2377124296868,TRUE,10.0202477403766,10.7872454695066,9.68646821942531,-0.0838630637369923,-0.0137375570736853,-0.114380048509686,0.0765447870155245,-0.0333105058477114,0.0216171405839065,0.054927646431618,0.0765447870155245,FALSE,-0.102044331260741
"san_jacinto_calibrated",0.20172188317,25,20511178,47,19,15,0.404255319148936,0.789473684210526,13.9754248593737,TRUE,10.1646880448934,10.699016367918,10.2113620128547,-0.0706570930383195,-0.0218042177903564,-0.0663897588247111,0.0525671147667965,0.00459177573922598,0.0285794452530113,0.0285794452530113,0.0525671147667965,FALSE,-0.0455793634006891
"exchangeable_static_scr",0,26,20521185,23,10,8,0.434782608695652,0.8,13.2377124296868,TRUE,10.429700883641,11.7996001332922,11.2094120699667,-0.0464273477813963,0.0788205836152831,0.0248605321112396,0.1313459767384,0.0747587294232652,0.103052353080833,0.103052353080833,0.1313459767384,TRUE,-0.0500176325179258
"san_jacinto_calibrated",0.20172188317,26,20521185,23,10,7,0.434782608695652,0.7,12.5,TRUE,10.2152525225456,11.7995774570466,11.0484040533558,-0.066034055081547,0.078818510358549,0.01013979916396,0.155094054797408,0.0815595629154957,0.118326808856452,0.118326808856452,0.155094054797408,TRUE,-0.0636610426454061
"exchangeable_static_scr",0,27,20531192,30,13,13,0.433333333333333,1,17.6776695296637,TRUE,11.7411378630302,13.5494288515038,11.2314463501978,0.0734754617627646,0.23880492356606,0.0268750948752274,0.154013265968657,-0.0434107425343606,0.0553012617171481,0.0987120042515087,0.154013265968657,TRUE,-0.171076030341214
"san_jacinto_calibrated",0.20172188317,27,20531192,30,13,10,0.433333333333333,0.769230769230769,18.2138347648318,TRUE,11.216106474864,13.8098808879066,10.7615456483773,0.0254725919875696,0.262617681180036,-0.0160872550055047,0.231254439216979,-0.0405275063593099,0.0953634664288344,0.135890972788144,0.231254439216979,TRUE,-0.220735809691074
"exchangeable_static_scr",0,28,20541199,28,11,11,0.392857142857143,1,19.7642353760524,TRUE,10.4565571755955,9.7685574551675,10.0606422995006,-0.043971915374125,-0.106874746956114,-0.0801698469028068,-0.0657960080812949,-0.0378628328087739,-0.0518294204450344,0.0518294204450344,0.0657960080812949,FALSE,0.0299005094327962
"san_jacinto_calibrated",0.20172188317,28,20541199,28,11,9,0.392857142857143,0.818181818181818,13.9754248593737,TRUE,10.115120134689,10.0432902391831,11.3700338092683,-0.0751890162570069,-0.0817563209889709,0.0395459482759575,-0.00710123998028656,0.124063150794984,0.0584809554073488,0.0655821953876353,0.124063150794984,TRUE,0.132102482203388
"exchangeable_static_scr",0,29,20551206,29,7,7,0.241379310344828,1,8.83883476483184,TRUE,9.32163523250814,8.32571029856518,9.54534737310552,-0.147736207313542,-0.238792201274041,-0.127282525887495,-0.10684015294546,0.0239992377965201,-0.04142045757447,0.0654196953709901,0.10684015294546,TRUE,0.146490453162961
"san_jacinto_calibrated",0.20172188317,29,20551206,29,7,6,0.241379310344828,0.857142857142857,7.54441738241592,TRUE,8.54886792034424,7.77384455763284,9.54536093503033,-0.218389218711384,-0.289248497587854,-0.127281285940084,-0.0906580110878807,0.116564324536432,0.0129531567242755,0.103611167812156,0.116564324536432,TRUE,0.227881631059642
"exchangeable_static_scr",0,30,20561213,23,15,14,0.652173913043478,0.933333333333333,13.9754248593737,TRUE,13.9002476603198,15.7809750468938,15.8395901438674,0.270879786086381,0.442832004287437,0.448191098867872,0.135301717820673,0.139518556139376,0.137410136980025,0.137410136980025,0.139518556139376,TRUE,0.00371428867983958
"san_jacinto_calibrated",0.20172188317,30,20561213,23,15,9,0.652173913043478,0.6,13.9754248593737,TRUE,12.3725064038299,13.0660590768813,17.3052647546455,0.131200585493021,0.19461111560058,0.582195634710445,0.0560559558762272,0.398687071949192,0.22737151391271,0.22737151391271,0.398687071949192,TRUE,0.324444092348003
"exchangeable_static_scr",0,31,20571220,32,10,10,0.3125,1,20.1061825006568,TRUE,10.6102478867286,7.42596564798148,8.63211933858626,-0.029920193213386,-0.321054569327408,-0.210777660472113,-0.30011384019878,-0.186435658173132,-0.243274749185956,0.243274749185956,0.30011384019878,TRUE,0.162423817693345
"san_jacinto_calibrated",0.20172188317,31,20571220,32,10,6,0.3125,0.6,18.2550601655118,TRUE,8.44928759643955,6.6749494527741,8.52765999704806,-0.227493705468384,-0.38971890717494,-0.22032822884132,-0.209998549985817,0.00927562231892076,-0.100361463833448,0.109637086152369,0.209998549985817,TRUE,0.277561733969983
"exchangeable_static_scr",0,32,20581227,38,18,15,0.473684210526316,0.833333333333333,17.6776695296637,TRUE,10.5225552903208,14.6061039920977,11.3054539686503,-0.0379378020278083,0.335415222134649,0.0336415057051718,0.38807576573469,0.0744019543474976,0.231238860041094,0.231238860041094,0.38807576573469,TRUE,-0.225977442392108
"san_jacinto_calibrated",0.20172188317,32,20581227,38,18,12,0.473684210526316,0.666666666666667,15.8265471945187,TRUE,10.5060260753489,14.666380316217,13.0621276572092,-0.0394490445395267,0.340926200339838,0.194251671516265,0.395996946041263,0.243298613912428,0.319647779976846,0.319647779976846,0.395996946041263,TRUE,-0.109382998696274
"exchangeable_static_scr",0,33,20591234,39,12,11,0.307692307692308,0.916666666666667,19.7642353760524,TRUE,11.3626113870932,9.57722195095804,13.5312940074373,0.0388673268199491,-0.124368278769551,0.237146880679981,-0.157128443041111,0.190861285884292,0.0168664214215904,0.173994864462702,0.190861285884292,TRUE,0.412862109359773
"san_jacinto_calibrated",0.20172188317,33,20591234,39,12,9,0.307692307692308,0.75,19.7642353760524,TRUE,11.4100700598805,11.1317966515456,13.5312969977327,0.0432064054747885,0.0177642652841685,0.237147154078422,-0.024388404880471,0.185908318416974,0.0807599567682515,0.105148361648723,0.185908318416974,TRUE,0.215553735061626
"exchangeable_static_scr",0,34,20601241,25,11,10,0.44,0.909090909090909,13.2377124296868,TRUE,10.3294409871036,10.6891142539476,12.1373372047578,-0.0555939668933887,-0.0227095539247946,0.109699401577854,0.0348202063686753,0.175023626148927,0.104921916258801,0.104921916258801,0.175023626148927,TRUE,0.135485777062901
"san_jacinto_calibrated",0.20172188317,34,20601241,25,11,7,0.44,0.636363636363636,13.9754248593737,TRUE,10.3422337519215,10.5321988873849,14.2898859031324,-0.0544243426814607,-0.0370561017248073,0.306503854000674,0.0183679019465308,0.381702081571826,0.200034991759178,0.200034991759178,0.381702081571826,TRUE,0.356780863704375
"exchangeable_static_scr",0,35,20611248,41,12,12,0.292682926829268,1,19.7642353760524,TRUE,11.5398906528958,11.0972849353258,12.2528494778101,0.0550757168361833,0.0146089083726422,0.120260523685491,-0.0383544117429672,0.0617821127044564,0.0117138504807446,0.0500682622237118,0.0617821127044564,FALSE,0.104130384073117
"san_jacinto_calibrated",0.20172188317,35,20611248,41,12,10,0.292682926829268,0.833333333333333,19.7642353760524,TRUE,11.0548903319016,11.0973247040082,11.9368519157039,0.0107328303452914,0.0146125443664638,0.091369318007215,0.00383851588143913,0.0797802200947366,0.0418093679880879,0.0418093679880879,0.0797802200947366,FALSE,0.0756513154375387
"exchangeable_static_scr",0,36,20621255,40,14,13,0.35,0.928571428571429,13.9754248593737,TRUE,10.3878648088223,8.91468194321993,10.4742472330923,-0.0502523603362439,-0.184943365191321,-0.0423545386887062,-0.141817677907325,0.00831570547554494,-0.0667509862158901,0.075066691691435,0.141817677907325,TRUE,0.174943458421248
"san_jacinto_calibrated",0.20172188317,36,20621255,40,14,10,0.35,0.714285714285714,13.9754248593737,TRUE,9.25101836201406,9.22065730504518,10.2886613505328,-0.154192606901571,-0.156968474967298,-0.0593223908084336,-0.00328191511256182,0.112165271747746,0.0544416783175921,0.0577235934301539,0.112165271747746,TRUE,0.115827322299811
"exchangeable_static_scr",0,37,20631262,34,17,16,0.5,0.941176470588235,22.7668227680814,TRUE,15.9309402278217,16.3807240142014,16.4798693493799,0.456543106543698,0.497666195584132,0.506730911943303,0.0282333484369146,0.0344567937427527,0.0313450710898336,0.0313450710898336,0.0344567937427527,FALSE,0.00605256123553932
"san_jacinto_calibrated",0.20172188317,37,20631262,34,17,13,0.5,0.764705882352941,19.7642353760524,TRUE,17.5241900109463,25.2133908324569,19.0068825466335,0.602211658143657,1.30522430468177,0.737772118549346,0.438776389476926,0.0846083348081184,0.261692362142522,0.261692362142522,0.438776389476926,TRUE,-0.246159206711452
"exchangeable_static_scr",0,38,20641269,47,19,19,0.404255319148936,1,17.6776695296637,TRUE,10.2943561898205,11.3456537267316,9.44997140812312,-0.0588017197878373,0.0373169121583172,-0.136002614114457,0.102123679958794,-0.0820240495012565,0.0100498152287689,0.0920738647300254,0.102123679958794,TRUE,-0.167084450510069
"san_jacinto_calibrated",0.20172188317,38,20641269,47,19,16,0.404255319148936,0.842105263157895,15.8265471945187,TRUE,10.0957272427517,11.7330468169244,9.73184107896523,-0.0769620806626983,0.0727357089759428,-0.110231672780322,0.162179458181,-0.0360435811147491,0.0630679385331255,0.0991115196478746,0.162179458181,TRUE,-0.170561472155084
"exchangeable_static_scr",0,39,20651276,27,10,10,0.37037037037037,1,19.7642353760524,TRUE,10.3288010169126,10.0684634936428,10.5366553391217,-0.0556524784537026,-0.0794547662955178,-0.0366486547088699,-0.0252050090657736,0.0201237609155953,-0.00254062407508915,0.0226643849906845,0.0252050090657736,FALSE,0.0465008236633699
"san_jacinto_calibrated",0.20172188317,39,20651276,27,10,9,0.37037037037037,0.9,19.7642353760524,TRUE,10.078617735759,10.0684638828906,10.5366607309582,-0.0785263784448927,-0.0794547307071422,-0.0366481617409612,-0.00100746482648373,0.0454470054533482,0.0222197703134323,0.023227235139916,0.0454470054533482,FALSE,0.0465013187228305
"exchangeable_static_scr",0,40,20661283,44,22,22,0.5,1,17.6776695296637,TRUE,13.3525728771464,15.1027237859433,11.7561166117392,0.220806663053384,0.380820460429098,0.074844947359012,0.131072185480624,-0.119561696468222,0.00575524450620102,0.125316940974423,0.131072185480624,TRUE,-0.221589643142312
"san_jacinto_calibrated",0.20172188317,40,20661283,44,22,17,0.5,0.772727272727273,17.6776695296637,TRUE,13.105918503504,16.2960519655506,11.9686584650412,0.198255406034651,0.489924751136055,0.0942773453751973,0.243411666354685,-0.086774539164021,0.0783185635953322,0.165093102759353,0.243411666354685,TRUE,-0.265548582543635
"exchangeable_static_scr",0,41,20671290,32,20,20,0.625,1,13.9754248593737,TRUE,9.90728173725239,7.43920520359918,14.7461750551562,-0.0941913840226386,-0.319844095670933,0.348221719328566,-0.249117426869269,0.488417857312876,0.119650215221803,0.368767642091072,0.488417857312876,TRUE,0.982224532268825
"san_jacinto_calibrated",0.20172188317,41,20671290,32,20,18,0.625,0.9,13.9754248593737,TRUE,9.87522696145865,7.91576863917081,15.3114810530196,-0.0971221063809237,-0.276272581561526,0.39990683913322,-0.198421598808339,0.550494091201927,0.176036246196794,0.374457845005133,0.550494091201927,TRUE,0.934301234784889
"exchangeable_static_scr",0,42,20681297,34,12,12,0.352941176470588,1,13.2377124296868,TRUE,11.0808515467662,10.3868811647761,10.4985352067453,0.0131064271329109,-0.0503422935061821,-0.0401339239547128,-0.0626278927265842,-0.0525515875348789,-0.0575897401307315,0.0575897401307315,0.0626278927265842,FALSE,0.0107495253096603
"san_jacinto_calibrated",0.20172188317,42,20681297,34,12,11,0.352941176470588,0.916666666666667,13.9754248593737,TRUE,10.8435169867737,9.9601511789697,10.4985359225003,-0.00859273263783489,-0.0893576064941985,-0.0401338585142617,-0.0814648797877532,-0.0318144993634636,-0.0566396895756084,0.0566396895756084,0.0814648797877532,FALSE,0.0540538726628297
"exchangeable_static_scr",0,43,20691304,24,8,8,0.333333333333333,1,16.869830117713,TRUE,12.6593692996395,18.7331580155382,13.6223130205995,0.157428050252756,0.712745875706347,0.24546861902624,0.479786044007074,0.0760656947567997,0.277925869381937,0.277925869381937,0.479786044007074,TRUE,-0.272823460449087
"san_jacinto_calibrated",0.20172188317,43,20691304,24,8,7,0.333333333333333,0.875,19.7642353760524,TRUE,12.6424733831692,19.0331016265197,13.6223126104783,0.155883280746897,0.740169291567516,0.245468581529443,0.505488763920066,0.0775037603491058,0.291496262134586,0.291496262134586,0.505488763920066,TRUE,-0.284283093854883
"exchangeable_static_scr",0,44,20701311,36,10,9,0.277777777777778,0.9,12.5,TRUE,9.5644493065869,10.336840229714,10.7508345373364,-0.125536063397769,-0.0549174647118613,-0.0170665565863887,0.0807564448687264,0.124041143689519,0.102398794279123,0.102398794279123,0.124041143689519,TRUE,0.0400503730755457
"san_jacinto_calibrated",0.20172188317,44,20701311,36,10,8,0.277777777777778,0.8,16.1321176880262,TRUE,9.55208909178949,10.3368517391167,10.8866236394148,-0.126666140179247,-0.0549164124236141,-0.00465155296778919,0.0821561272917541,0.139711275177743,0.110933701234749,0.110933701234749,0.139711275177743,TRUE,0.0531856230671897
"exchangeable_static_scr",0,45,20711318,28,8,8,0.285714285714286,1,15.0888347648318,TRUE,10.7900988030174,12.9263830949761,11.8284541730029,-0.0134766808669777,0.181840740112097,0.0814586672459792,0.197985609859404,0.0962322392909962,0.1471089245752,0.1471089245752,0.197985609859404,TRUE,-0.0849370557801187
"san_jacinto_calibrated",0.20172188317,45,20711318,28,8,7,0.285714285714286,0.875,17.6776695296637,TRUE,10.9032485965748,12.9263744703702,12.2224573427954,-0.00313155688458822,0.181839951576706,0.117481814198438,0.185552576910973,0.120992265244233,0.153272421077603,0.153272421077603,0.185552576910973,TRUE,-0.0544558823658039
"exchangeable_static_scr",0,46,20721325,37,15,14,0.405405405405405,0.933333333333333,17.6776695296637,TRUE,13.7117164497414,11.96673177154,15.5273341246421,0.253642646833499,0.0941011905408025,0.419641977110137,-0.127262307720364,0.132413595449968,0.00257564386480208,0.129837951585166,0.132413595449968,TRUE,0.297541753344061
"san_jacinto_calibrated",0.20172188317,46,20721325,37,15,14,0.405405405405405,0.933333333333333,17.6776695296637,TRUE,13.7116935337111,11.9667138804464,15.5273613077623,0.253640551653585,0.0940995547836703,0.419644462423986,-0.12726215393996,0.132417470503357,0.00257765828169843,0.129839812221659,0.132417470503357,TRUE,0.297545964822812
"exchangeable_static_scr",0,47,20731332,26,9,9,0.346153846153846,1,13.9754248593737,TRUE,11.7084359121474,13.0437619177567,9.09082147251269,0.0704855691106163,0.192572518194901,-0.168839179655983,0.114048197011864,-0.223566534358268,-0.0547591686732024,0.168807365685066,0.223566534358268,TRUE,-0.303052176984526
"san_jacinto_calibrated",0.20172188317,47,20731332,26,9,6,0.346153846153846,0.666666666666667,11.4071298121028,TRUE,10.4620511232166,11.3156124188305,9.93207510580864,-0.0434696115916268,0.0345702782930735,-0.0919245617546385,0.0815864198674914,-0.0506569898355648,0.0154647150159633,0.0661217048515281,0.0815864198674914,FALSE,-0.122268001219225
"exchangeable_static_scr",0,48,20741339,42,14,14,0.333333333333333,1,18.75,TRUE,10.5517129669943,8.83490652689518,8.90688827536195,-0.0352719573033772,-0.192237117541012,-0.185655929109765,-0.162704050562149,-0.15588224364872,-0.159293147105435,0.159293147105435,0.162704050562149,TRUE,0.00814742614963015
"san_jacinto_calibrated",0.20172188317,48,20741339,42,14,11,0.333333333333333,0.785714285714286,18.75,TRUE,10.3224218402936,9.95152349070839,8.65458995953465,-0.0562357174588715,-0.090146423706661,-0.20872320369969,-0.0359313303916138,-0.161573699134109,-0.0987525147628612,0.0987525147628612,0.161573699134109,TRUE,-0.130325123824978
"exchangeable_static_scr",0,49,20751346,29,11,10,0.379310344827586,0.909090909090909,13.2377124296868,TRUE,11.4394335816851,14.2602326643875,10.5475905097694,0.0458910703254956,0.303792700743995,-0.0356488676782234,0.246585555356388,-0.0779621705521806,0.084311692402104,0.162273862954285,0.246585555356388,TRUE,-0.260349339452906
"san_jacinto_calibrated",0.20172188317,49,20751346,29,11,7,0.379310344827586,0.636363636363636,12.5,TRUE,11.1195102396742,12.9944988968776,12.159104120949,0.016640936198788,0.188068470571664,0.111689519629624,0.168621514508202,0.0934927761085658,0.131057145308384,0.131057145308384,0.168621514508202,TRUE,-0.064288340978604
"exchangeable_static_scr",0,50,20761353,22,9,9,0.409090909090909,1,12.5,TRUE,11.4669838303664,9.18681223375108,7.02098558792702,0.0484099502049267,-0.160062881485616,-0.358081317675244,-0.198846674098995,-0.387721680627617,-0.293284177363306,0.293284177363306,0.387721680627617,TRUE,-0.235753881838045
"san_jacinto_calibrated",0.20172188317,50,20761353,22,9,7,0.409090909090909,0.777777777777778,12.5,TRUE,11.9198689438581,9.18681171656146,10.1773613177879,0.0898165891527427,-0.160062928771523,-0.0694983938022522,-0.229285845353602,-0.146185132930351,-0.187735489141976,0.187735489141976,0.229285845353602,TRUE,0.10782300016454
"exchangeable_static_scr",0,51,20771360,25,4,2,0.16,0.5,17.1004248593737,TRUE,8.62809022228634,9.41179900549055,8.31494137799303,-0.211146036819535,-0.139492662355149,-0.23977678829778,0.0908322424793255,-0.0362941086875114,0.0272690668959071,0.0635631755834185,0.0908322424793255,FALSE,-0.116540698208457
"san_jacinto_calibrated",0.20172188317,51,20771360,25,4,2,0.16,0.5,17.1004248593737,TRUE,8.62809310730582,9.41179949795821,8.31495260661299,-0.211145773046325,-0.139492617329535,-0.239775761681098,0.0908319348094175,-0.0362931295244928,0.0272694026424624,0.0635625321669552,0.0908319348094175,FALSE,-0.116539551398558
"exchangeable_static_scr",0,52,20781367,22,9,9,0.409090909090909,1,19.7642353760524,TRUE,12.1129081695282,14.5773559293678,13.5914795406083,0.107465889785432,0.332786827827913,0.242649557998476,0.203456323233699,0.122065762440084,0.162761042836891,0.162761042836891,0.203456323233699,TRUE,-0.067630672773332
"san_jacinto_calibrated",0.20172188317,52,20781367,22,9,7,0.409090909090909,0.777777777777778,13.9754248593737,TRUE,10.9121602473148,15.3062694636837,11.7134392032319,-0.00231677738836322,0.399430350965366,0.0709430128669211,0.402680048384572,0.0734299110127483,0.23805497969866,0.23805497969866,0.402680048384572,TRUE,-0.234729322450271
"exchangeable_static_scr",0,53,20791374,31,11,10,0.354838709677419,0.909090909090909,15.8265471945187,TRUE,10.2477427931395,10.7653403897883,8.928641149867,-0.0630635160558158,-0.0157403072193592,-0.183667094869303,0.0505084492357923,-0.128721189621933,-0.0391063701930704,0.0896148194288628,0.128721189621933,TRUE,-0.1706122773102
"san_jacinto_calibrated",0.20172188317,53,20791374,31,11,9,0.354838709677419,0.818181818181818,13.9754248593737,TRUE,9.65066610817845,9.47751894748337,8.81035479947245,-0.117653384395113,-0.133483981944378,-0.194481846905376,-0.0179414725112447,-0.0870728817354773,-0.052507177123361,0.052507177123361,0.0870728817354773,FALSE,-0.0703943882051614
"exchangeable_static_scr",0,54,20801381,28,12,10,0.428571428571429,0.833333333333333,19.4877124296868,TRUE,9.63748893787351,8.12077472077427,9.31015711989424,-0.118858154251565,-0.257529168386352,-0.148785634752526,-0.157376493698357,-0.0339644299557028,-0.09567046182703,0.09567046182703,0.157376493698357,TRUE,0.146461691158275
"san_jacinto_calibrated",0.20172188317,54,20801381,28,12,7,0.428571428571429,0.583333333333333,25,TRUE,10.3309720266994,10.5886365474037,10.4453874262412,-0.0554539861303388,-0.0318960870945221,-0.0449931496008072,0.0249409755479288,0.0110749888051247,0.0180079821765268,0.0180079821765268,0.0249409755479288,FALSE,-0.0135285709846769
"exchangeable_static_scr",0,55,20811388,45,20,19,0.444444444444444,0.95,13.9754248593737,TRUE,9.645773655757,12.9418268183096,9.49449987255477,-0.118100694330789,0.18325273767402,-0.131931440223564,0.34170956941182,-0.0156829082457205,0.16301333058305,0.17869623882877,0.34170956941182,TRUE,-0.266370968654725
"san_jacinto_calibrated",0.20172188317,55,20811388,45,20,14,0.444444444444444,0.7,13.9754248593737,TRUE,9.16395805820241,12.9071945249878,9.69962114505396,-0.162152406107208,0.18008635657031,-0.113177495309352,0.408473766795003,0.0584532451424848,0.233463505968744,0.233463505968744,0.408473766795003,TRUE,-0.248510501156861
"exchangeable_static_scr",0,56,20821395,28,14,13,0.5,0.928571428571429,13.9754248593737,TRUE,10.1432922386277,8.86436945323182,11.9498142696369,-0.0726132810397488,-0.189543364275948,0.0925544475096591,-0.126085570178637,0.178100165952978,0.0260072978871702,0.152092868065807,0.178100165952978,TRUE,0.348072678229828
"san_jacinto_calibrated",0.20172188317,56,20821395,28,14,9,0.5,0.642857142857143,12.5,TRUE,9.16637842004948,8.67407314132232,11.4949974142581,-0.16193111588119,-0.20694188422196,0.0509711921607376,-0.0537077192504247,0.254039151287408,0.100165716018492,0.153873435268916,0.254039151287408,TRUE,0.32521333714575
"exchangeable_static_scr",0,57,20831402,28,13,13,0.464285714285714,1,13.9754248593737,TRUE,12.61543675166,15.1811983392251,16.0515201073884,0.153411360151774,0.387995276729152,0.467567552675514,0.203382699947146,0.272371335481212,0.237877017714179,0.237877017714179,0.272371335481212,TRUE,0.0573289241544657
"san_jacinto_calibrated",0.20172188317,57,20831402,28,13,11,0.464285714285714,0.846153846153846,13.9754248593737,TRUE,11.7060537983833,14.9440403975256,16.0514944389757,0.0702677758521912,0.366312264916627,0.467565205849205,0.276607869305149,0.371213110364524,0.323910489834837,0.323910489834837,0.371213110364524,TRUE,0.0741067349920599
"exchangeable_static_scr",0,58,20841409,19,2,2,0.105263157894737,1,13.0071176880262,TRUE,8.75852273605187,8.08707527794539,9.13343674277498,-0.199220778418115,-0.260610260302136,-0.164942926374859,-0.0766621813222752,0.0428056212242149,-0.0169282800490301,0.0597339012732451,0.0766621813222752,FALSE,0.129386883251003
"san_jacinto_calibrated",0.20172188317,58,20841409,19,2,1,0.105263157894737,0.5,6.25,TRUE,8.52265398852283,9.00157370069073,9.05511105876942,-0.220785921049342,-0.176998975936847,-0.172104131769653,0.0561937294195975,0.0624755001157666,0.0593346147676821,0.0593346147676821,0.0624755001157666,FALSE,0.00594755537852043
"exchangeable_static_scr",0,59,20851416,27,15,15,0.555555555555556,1,18.75,TRUE,12.653144008442,12.4596263440588,11.393865575519,0.156858880771843,0.139165837171089,0.0417248526188776,-0.0152940379287657,-0.0995229669466249,-0.0574085024376953,0.0574085024376953,0.0995229669466249,FALSE,-0.0855371372391122
"san_jacinto_calibrated",0.20172188317,59,20851416,27,15,14,0.555555555555556,0.933333333333333,19.2571176880262,TRUE,12.0944772970651,11.6812776658874,11.3938602136769,0.105780781445953,0.0680025294525619,0.0417243623933135,-0.0341643231888979,-0.0579286782040811,-0.0460465006964895,0.0460465006964895,0.0579286782040811,FALSE,-0.0246049670619395
"exchangeable_static_scr",0,60,20861423,54,23,22,0.425925925925926,0.956521739130435,13.9754248593737,TRUE,10.4944979258433,9.74488491812008,11.2897202447713,-0.0405030467800426,-0.109039093200449,0.0322029938076598,-0.0714291443973929,0.0757751656674988,0.00217301063505293,0.0736021550324458,0.0757751656674988,FALSE,0.158527816349956
"san_jacinto_calibrated",0.20172188317,60,20861423,54,23,17,0.425925925925926,0.739130434782609,13.9754248593737,TRUE,10.1067957748363,9.82029645814188,12.2509671703568,-0.0759501005863993,-0.102144323827028,0.12008842700405,-0.0283471955976099,0.212151451685515,0.0919021280439526,0.120249323641563,0.212151451685515,TRUE,0.247515003500703
"exchangeable_static_scr",0,61,20871430,14,5,5,0.357142857142857,1,13.9754248593737,TRUE,10.4921539856852,8.91340525571052,12.6524376644085,-0.0407173498802086,-0.185060090906467,0.156794300745916,-0.15046945861914,0.205895155720224,0.0277128485505425,0.178182307169682,0.205895155720224,TRUE,0.419484170351445
"san_jacinto_calibrated",0.20172188317,61,20871430,14,5,4,0.357142857142857,0.8,16.3627124296868,TRUE,10.8229006036334,9.34219648758837,12.6524454990745,-0.0104776590963741,-0.145856321134778,0.156795017058236,-0.136812132927465,0.169043860093,0.0161158635827672,0.152927996510233,0.169043860093,TRUE,0.354333053889836
"exchangeable_static_scr",0,62,20881437,31,14,14,0.451612903225806,1,13.9754248593737,TRUE,8.97950571752811,8.33203209408848,8.96382130368227,-0.179016620111716,-0.238214208540482,-0.180450623663336,-0.0721057086890379,-0.00174669011182038,-0.0369261994004291,0.0369261994004291,0.0721057086890379,FALSE,0.075826545368451
"san_jacinto_calibrated",0.20172188317,62,20881437,31,14,12,0.451612903225806,0.857142857142857,13.9754248593737,TRUE,8.28851590472624,8.33201072782483,8.02011158139097,-0.242192831567887,-0.238216162027444,-0.266732655415683,0.00524760084899967,-0.0323826757914791,-0.0135675374712397,0.0188151383202394,0.0323826757914791,FALSE,-0.0374338387962304
"exchangeable_static_scr",0,63,20891444,47,17,16,0.361702127659574,0.941176470588235,13.9754248593737,TRUE,10.6615492616902,10.0709966640835,11.2645518387661,-0.0252297817883265,-0.0792231621409352,0.0299018824014681,-0.0553908801724223,0.0565586259815567,0.000583872904567184,0.0559747530769895,0.0565586259815567,FALSE,0.11851410684497
"san_jacinto_calibrated",0.20172188317,63,20891444,47,17,10,0.361702127659574,0.588235294117647,13.2377124296868,TRUE,10.7591224008341,11.9830441622799,12.1545410534846,-0.0163088090665992,0.095592609122735,0.111272324890019,0.113756653735156,0.129696326583508,0.121726490159332,0.121726490159332,0.129696326583508,TRUE,0.0143116297396702
"exchangeable_static_scr",0,64,20901451,29,14,14,0.482758620689655,1,13.9754248593737,TRUE,13.3282030919908,10.1234873727273,16.4891884623024,0.218578568410589,-0.0744240116363571,0.507582945124794,-0.240446194970517,0.237165156360134,-0.00164051930519132,0.238805675665326,0.240446194970517,TRUE,0.628805159250189
"san_jacinto_calibrated",0.20172188317,64,20901451,29,14,13,0.482758620689655,0.928571428571429,13.9754248593737,TRUE,13.2558488509037,10.1234873471192,16.4949537934237,0.211963323511197,-0.0744240139776754,0.508110061113025,-0.236300333461557,0.244352887465156,0.00402627700179981,0.240326610463356,0.244352887465156,TRUE,0.629374663871897
"exchangeable_static_scr",0,65,20911458,42,12,11,0.285714285714286,0.916666666666667,8.83883476483184,TRUE,8.39500612368268,7.96064316650653,10.5763654254042,-0.232456582977584,-0.272169767633689,-0.0330180182487594,-0.0517406361325682,0.259840108462554,0.104049736164993,0.155790372297561,0.259840108462554,TRUE,0.328581774636377
"san_jacinto_calibrated",0.20172188317,65,20911458,42,12,10,0.285714285714286,0.833333333333333,10.6694173824159,TRUE,8.36892518002865,7.99559451935426,10.5764008556422,-0.23484112639738,-0.268974215373325,-0.0330147789127151,-0.0446091526263493,0.263770511520569,0.10958067944711,0.154189832073459,0.263770511520569,TRUE,0.322778541363095
"exchangeable_static_scr",0,66,20921465,26,10,9,0.384615384615385,0.9,8.83883476483184,TRUE,11.2006131265625,9.89783571448239,11.4787814434782,0.02405605728571,-0.0950550203901814,0.0494885891180081,-0.116313044416337,0.0248350973087428,-0.045738973553797,0.0705740708625398,0.116313044416337,TRUE,0.159726406317555
"san_jacinto_calibrated",0.20172188317,66,20921465,26,10,6,0.384615384615385,0.6,7.54441738241592,TRUE,9.44314800729534,9.89782809335888,10.7901458609619,-0.136626467904426,-0.0950557171786165,-0.0134723784263403,0.0481492067806493,0.142642882715164,0.0953960447479065,0.0953960447479065,0.142642882715164,TRUE,0.0901528859853342
"exchangeable_static_scr",0,67,20931472,31,18,17,0.580645161290323,0.944444444444444,17.6776695296637,TRUE,13.7962785485777,11.5046100410909,41.9649657190856,0.261374038727107,0.0518500608997394,2.83679686574497,-0.166107729661858,2.0417598174264,0.937826043882272,1.10393377354413,2.0417598174264,TRUE,2.64766520283606
"san_jacinto_calibrated",0.20172188317,67,20931472,31,18,12,0.580645161290323,0.666666666666667,13.9754248593737,TRUE,13.8900439221875,196203.950856466,106.106253300703,0.269946872885719,17937.6469354483,8.70114315892142,14124.5097504088,6.63901495885207,7065.5743826838,7065.5743826838,14124.5097504088,TRUE,-0.999459204298193
"exchangeable_static_scr",0,68,20941479,21,5,3,0.238095238095238,0.6,12.5,TRUE,7.29840787285504,8.95237575332803,6.89008634607317,-0.332716994481825,-0.181497073981437,-0.370049248359025,0.226620368344251,-0.055946657667701,0.0853368553382751,0.141283513005976,0.226620368344251,TRUE,-0.230362248421958
"san_jacinto_calibrated",0.20172188317,68,20941479,21,5,3,0.238095238095238,0.6,12.5,TRUE,7.29840859140457,8.95237523231144,6.89008690774213,-0.332716928785868,-0.181497121617239,-0.370049197006434,0.226620176192215,-0.0559466736547645,0.0853367512687252,0.14128342492349,0.226620176192215,TRUE,-0.230362140890385
"exchangeable_static_scr",0,69,20951486,31,13,13,0.419354838709677,1,12.5,TRUE,9.30972333800744,10.7744810368373,9.4945261043478,-0.148825294810748,-0.0149045909177299,-0.131929041888201,0.157336329517971,0.0198505110872509,0.0885934203026112,0.0885934203026112,0.157336329517971,TRUE,-0.118795042481716
"san_jacinto_calibrated",0.20172188317,69,20951486,31,13,10,0.419354838709677,0.769230769230769,13.2377124296868,TRUE,9.35669578821709,11.6842155998429,9.48775780898166,-0.14453067079158,0.0682711405570628,-0.132547857464534,0.248754460368033,0.0140072974189906,0.131380878893512,0.131380878893512,0.248754460368033,TRUE,-0.187985044617864
"exchangeable_static_scr",0,70,20961493,20,4,4,0.2,1,9.375,TRUE,10.4923916364379,10.4479296824704,13.6942868407143,-0.0406956218113946,-0.0447607147455613,0.252049082579594,-0.0042375423552663,0.305163523743904,0.150462990694319,0.154700533049585,0.305163523743904,TRUE,0.310717745707137
"san_jacinto_calibrated",0.20172188317,70,20961493,20,4,3,0.2,0.75,12.5,TRUE,9.91840670225127,10.4479398390554,12.8532896402752,-0.0931742443655985,-0.0447597861435086,0.175157909968014,0.053388931579496,0.295902661196352,0.174645796387924,0.174645796387924,0.295902661196352,TRUE,0.230222401571299
"exchangeable_static_scr",0,71,20971500,42,13,13,0.30952380952381,1,13.9754248593737,TRUE,11.4153106007511,11.2241820194289,13.3914580673281,0.0436855406401009,0.0262109274906424,0.22436188044143,-0.0167431783511547,0.173113771117801,0.0781852963833234,0.0949284747344781,0.173113771117801,TRUE,0.193089887899868
"san_jacinto_calibrated",0.20172188317,71,20971500,42,13,11,0.30952380952381,0.846153846153846,13.9754248593737,TRUE,10.2885526389466,10.4874878137964,12.5728508127504,-0.0593323301534555,-0.0411439713100393,0.149517788594318,0.0193355841031333,0.222023277128089,0.120679430615611,0.120679430615611,0.222023277128089,TRUE,0.198842948471471
"exchangeable_static_scr",0,72,20981507,30,9,8,0.3,0.888888888888889,15.625,TRUE,9.47772274113245,9.42197264126739,9.38065373236135,-0.133465349382176,-0.138562501369839,-0.142340230184105,-0.00588222523361104,-0.010241807174821,-0.00806201620421604,0.00806201620421604,0.010241807174821,FALSE,-0.00438537772069769
"san_jacinto_calibrated",0.20172188317,72,20981507,30,9,7,0.3,0.777777777777778,18.75,TRUE,9.2228332067172,8.95759418993452,9.38064536572606,-0.156769535385856,-0.181019959777415,-0.142340995133618,-0.0287589519226594,0.0171110281918485,-0.00582396186540546,0.022934990057254,0.0287589519226594,FALSE,0.047228214051817
"exchangeable_static_scr",0,73,20991514,40,17,17,0.425,1,13.9754248593737,TRUE,10.9391466426961,7.9226476293874,10.9003243645779,0.000150550189362164,-0.275643645313152,-0.00339891523858959,-0.27575268088419,-0.00354893113569732,-0.139650806009943,0.139650806009943,0.27575268088419,TRUE,0.375843641479832
"san_jacinto_calibrated",0.20172188317,73,20991514,40,17,14,0.425,0.823529411764706,15.8265471945187,TRUE,10.4959203930557,7.92264249919302,9.82602128756155,-0.0403729926349039,-0.275644114359495,-0.101620910851515,-0.24516934175351,-0.0638247128796252,-0.154497027316568,0.154497027316568,0.24516934175351,TRUE,0.240245446965757
"exchangeable_static_scr",0,74,21001521,32,8,8,0.25,1,18.2138347648318,TRUE,10.6160235761409,12.5958416869806,10.4471161565445,-0.0293921301814021,0.151619811381085,-0.0448350942587907,0.186493379243172,-0.0159106108219326,0.0852913842106198,0.101201995032552,0.186493379243172,TRUE,-0.170590071218275
"san_jacinto_calibrated",0.20172188317,74,21001521,32,8,7,0.25,0.875,18.75,TRUE,10.4952410507827,12.5958488615087,10.4471161925046,-0.0404351039284419,0.151620467337939,-0.0448350909710096,0.200148600738369,-0.00458539809092773,0.0977816013237208,0.102366999414648,0.200148600738369,TRUE,-0.170590540790814
"exchangeable_static_scr",0,75,21011528,25,12,12,0.48,1,15.625,TRUE,9.93701143750658,7.09043870934237,7.49740638052624,-0.0914732399993988,-0.351731318002983,-0.314522845209029,-0.286461653593354,-0.245506918485794,-0.265984286039574,0.265984286039574,0.286461653593354,TRUE,0.0573966841639362
"san_jacinto_calibrated",0.20172188317,75,21011528,25,12,10,0.48,0.833333333333333,15.625,TRUE,9.8157264087742,7.83712140905586,7.49740569207681,-0.102562156912073,-0.28346318545775,-0.314522908152978,-0.20157499479098,-0.236184325046496,-0.218879659918738,0.218879659918738,0.236184325046496,TRUE,-0.0433470019472344
"exchangeable_static_scr",0,76,21021535,32,16,15,0.5,0.9375,13.9754248593737,TRUE,10.9891683902177,10.280893193395,9.87000067432228,0.00472396710561407,-0.06003262231817,-0.097599938347677,-0.0644521197302911,-0.101842803400086,-0.0831474615651884,0.0831474615651884,0.101842803400086,TRUE,-0.0399666168438276
"san_jacinto_calibrated",0.20172188317,76,21021535,32,16,13,0.5,0.8125,13.9754248593737,TRUE,10.4012097920292,9.96801915328142,9.87002146453766,-0.0490322475858975,-0.0886382488428417,-0.0975980375279849,-0.0416481012698919,-0.0510698599598141,-0.046358980614853,0.046358980614853,0.0510698599598141,FALSE,-0.00983120991611397
"exchangeable_static_scr",0,77,21031542,23,10,9,0.434782608695652,0.9,8.83883476483184,TRUE,8.18660464833904,10.5510225053142,7.99323685479025,-0.251510432151859,-0.0353350852284148,-0.26918977327632,0.288815444074837,-0.0236200234230231,0.132597710325907,0.15621773374893,0.288815444074837,TRUE,-0.24242064209755
"san_jacinto_calibrated",0.20172188317,77,21031542,23,10,3,0.434782608695652,0.3,6.25,TRUE,8.32549681787233,10.11444081987,9.50373977768506,-0.238811719508815,-0.0752511250404544,-0.131086648897366,0.214875345115426,0.141522240124265,0.178198792619846,0.178198792619846,0.214875345115426,TRUE,-0.0603791206119109
"exchangeable_static_scr",0,78,21041549,30,17,15,0.566666666666667,0.882352941176471,18.75,TRUE,10.6208333700824,11.8805706137703,11.8196069779466,-0.0289523775924639,0.0862235989732814,0.080649780840834,0.118610018610815,0.112870013688473,0.115740016149644,0.115740016149644,0.118610018610815,TRUE,-0.00513137270974029
"san_jacinto_calibrated",0.20172188317,78,21041549,30,17,13,0.566666666666667,0.764705882352941,18.75,TRUE,10.1426756663261,11.6613070959793,12.3131480812204,-0.0726696533644685,0.0661766487752538,0.125773538854439,0.149726904380379,0.213994066881218,0.181860485630799,0.181860485630799,0.213994066881218,TRUE,0.0558977634218922
"exchangeable_static_scr",0,79,21051556,40,17,14,0.425,0.823529411764706,19.2571176880262,TRUE,11.6818955538683,12.8327085965055,15.166376996033,0.0680590220679544,0.173276214537644,0.386640182494446,0.0985125262702904,0.298280482486502,0.198396504378396,0.198396504378396,0.298280482486502,TRUE,0.181853143627293
"san_jacinto_calibrated",0.20172188317,79,21051556,40,17,11,0.425,0.647058823529412,18.75,TRUE,10.8690393314335,12.2298567640648,15.4574875000239,-0.00625926112608433,0.118158332714492,0.413256000002183,0.125201261227917,0.422157656134389,0.273679458681153,0.273679458681153,0.422157656134389,TRUE,0.263914025996031
"exchangeable_static_scr",0,80,21061563,38,11,9,0.289473684210526,0.818181818181818,13.9754248593737,TRUE,8.61806882902894,9.0018287620576,8.24591661918925,-0.212062278488783,-0.176975656040448,-0.246087623388412,0.0445296899620959,-0.0431827845916172,0.000673452685239384,0.0438562372768566,0.0445296899620959,FALSE,-0.0839731751013186
"san_jacinto_calibrated",0.20172188317,80,21061563,38,11,4,0.289473684210526,0.363636363636364,11.4071298121028,TRUE,7.21563145194163,8.2802378269207,8.19644218647338,-0.340285124393909,-0.242949684395821,-0.250611000093862,0.14754167837835,0.135928607366419,0.141735142872385,0.141735142872385,0.14754167837835,TRUE,-0.0101199557547591
"exchangeable_static_scr",0,81,21071570,32,12,12,0.375,1,13.2377124296868,TRUE,11.0858516072429,12.7838420526893,10.4513669080996,0.0135635755193466,0.168808416245883,-0.0444464541166094,0.153167343890579,-0.057233735541682,0.0479668041744486,0.105200539716131,0.153167343890579,TRUE,-0.182454940774169
"san_jacinto_calibrated",0.20172188317,81,21071570,32,12,11,0.375,0.916666666666667,12.5,TRUE,11.3497963292484,12.7838401427353,11.1649006101804,0.0376956643884232,0.16880824162151,0.0207909129307777,0.12634973984435,-0.0162906640528451,0.0550295378957525,0.0713202019485976,0.12634973984435,TRUE,-0.126639531977791
"exchangeable_static_scr",0,82,21081577,29,13,12,0.448275862068966,0.923076923076923,13.2377124296868,TRUE,8.92229704855483,11.3630183635584,11.1073212634343,-0.184247126989273,0.0389045360967686,0.015526515513991,0.273553021348791,0.24489480713191,0.259223914240351,0.259223914240351,0.273553021348791,TRUE,-0.0225025685907682
"san_jacinto_calibrated",0.20172188317,82,21081577,29,13,11,0.448275862068966,0.846153846153846,12.5,TRUE,9.29056651571601,12.275212118994,11.107283896696,-0.150576775705965,0.122305108022311,0.0155230991264916,0.321255501290386,0.195544305926536,0.258399903608461,0.258399903608461,0.321255501290386,TRUE,-0.0951452578559377
"exchangeable_static_scr",0,83,21091584,47,16,16,0.340425531914894,1,13.9754248593737,TRUE,12.2118544881847,11.2479438405877,10.3513189759923,0.116512410348319,0.0283834368537368,-0.0535936936235609,-0.078932372517999,-0.152354870752231,-0.115643621635115,0.115643621635115,0.152354870752231,TRUE,-0.0797145573718113
"san_jacinto_calibrated",0.20172188317,83,21091584,47,16,13,0.340425531914894,0.8125,12.5,TRUE,11.3094274793235,11.132502112753,10.2149288713555,0.0340047981095812,0.0178287645945603,-0.0660636460474958,-0.0156440603995212,-0.096777543334448,-0.0562108018669846,0.0562108018669846,0.096777543334448,FALSE,-0.0824229119477418
"exchangeable_static_scr",0,84,21101591,30,20,17,0.666666666666667,0.85,19.7642353760524,TRUE,11.0088436872016,11.5398613221582,8.96333472176409,0.00652285140129094,0.0550730351687461,-0.180495111152997,0.0482355504396776,-0.185805977771811,-0.0687852136660667,0.117020764105744,0.185805977771811,TRUE,-0.223271885897517
"san_jacinto_calibrated",0.20172188317,84,21101591,30,20,11,0.666666666666667,0.55,19.7642353760524,TRUE,9.08958135072916,11.3508626505667,9.20198649785166,-0.168952562219048,0.037793156623245,-0.158675520196419,0.248777277256689,0.0123663723097087,0.130571824783199,0.130571824783199,0.248777277256689,TRUE,-0.189313906693055
"exchangeable_static_scr",0,85,21111598,36,17,17,0.472222222222222,1,13.9754248593737,TRUE,12.63997727088,15.9267852186743,12.4410826145801,0.155655064766175,0.45616321999308,0.137470410475895,0.260032741939055,-0.0157353650277637,0.122148688455645,0.137884053483409,0.260032741939055,TRUE,-0.218857889789785
"san_jacinto_calibrated",0.20172188317,85,21111598,36,17,12,0.472222222222222,0.705882352941177,15.8265471945187,TRUE,11.8171218962875,16.0528892008503,11.2483095854519,0.0804225733748585,0.46769272693488,0.0284168763841774,0.358443226848109,-0.0481345894396057,0.155154318704252,0.203288908143857,0.358443226848109,TRUE,-0.299296877670085
"exchangeable_static_scr",0,86,21121605,30,13,12,0.433333333333333,0.923076923076923,13.2582521472478,TRUE,7.96943540619197,7.05505554627776,7.09347009681311,-0.271365905719592,-0.354966350054605,-0.351454162577087,-0.114735839279627,-0.109915604397554,-0.11232572183859,0.11232572183859,0.114735839279627,TRUE,0.00544496783666304
"san_jacinto_calibrated",0.20172188317,86,21121605,30,13,9,0.433333333333333,0.692307692307692,19.7642353760524,TRUE,7.87349242407571,7.53068044758747,7.19343678570714,-0.280137835513078,-0.311480644792003,-0.342314351021062,-0.0435400147766675,-0.0863728065945785,-0.064956410685623,0.064956410685623,0.0863728065945785,FALSE,-0.0447826281074473
"exchangeable_static_scr",0,87,21131612,32,12,12,0.375,1,13.9754248593737,TRUE,12.7958933020762,12.3232009330967,15.1519633572358,0.169910244761252,0.126692656740265,0.385322364090129,-0.0369409433027112,0.184127047603414,0.0735930521503515,0.110533995453063,0.184127047603414,TRUE,0.229547699457036
"san_jacinto_calibrated",0.20172188317,87,21131612,32,12,11,0.375,0.916666666666667,13.9754248593737,TRUE,13.3599853846015,12.3232302866417,16.5969241846005,0.22148437802071,0.126695340492955,0.517433068306328,-0.0776015143815028,0.242286103376265,0.082342294497381,0.159943808878884,0.242286103376265,TRUE,0.346799808049633
"exchangeable_static_scr",0,88,21141619,24,12,11,0.5,0.916666666666667,17.6776695296637,TRUE,11.6125306779239,9.78503132003225,9.31626422354712,0.0617170905530429,-0.105368565025623,-0.148227270989978,-0.157373048870893,-0.197740399406834,-0.177556724138863,0.177556724138863,0.197740399406834,TRUE,-0.0479065504394917
"san_jacinto_calibrated",0.20172188317,88,21141619,24,12,9,0.5,0.75,17.6776695296637,TRUE,11.2144064593676,11.3171496006871,9.31626830048473,0.025317161999326,0.0347108206342481,-0.148226898241396,0.00916171013523748,-0.169258905119971,-0.0800485974923669,0.0892103076276044,0.169258905119971,TRUE,-0.176800817414385
"exchangeable_static_scr",0,89,21151626,16,4,3,0.25,0.75,25,TRUE,8.82600151761985,8.26492089027638,5.62837668004503,-0.193051289817614,-0.244350090031874,-0.485405560681598,-0.0635713268600007,-0.362295976404629,-0.212933651632315,0.212933651632315,0.362295976404629,TRUE,-0.319004167763206
"san_jacinto_calibrated",0.20172188317,89,21151626,16,4,3,0.25,0.75,25,TRUE,8.82600117649031,8.26491951610106,5.62837436992164,-0.1930513210066,-0.24435021567076,-0.485405771892879,-0.0635714463627975,-0.362296213497699,-0.212933829930248,0.212933829930248,0.362296213497699,TRUE,-0.31900433404622
"exchangeable_static_scr",0,90,21161633,32,9,9,0.28125,1,17.6776695296637,TRUE,10.4459663711357,10.9060119324268,10.434504815741,-0.0449402174961652,-0.00287890903526855,-0.0459881311322556,0.0440404980205811,-0.00109722307994498,0.0214716374703181,0.022568860550263,0.0440404980205811,FALSE,-0.0432336879518597
"san_jacinto_calibrated",0.20172188317,90,21161633,32,9,7,0.28125,0.777777777777778,13.9754248593737,TRUE,8.81084157534051,8.44149642264811,10.5003819800639,-0.194437341683154,-0.228206041357887,-0.0399650761084407,-0.0419193955008911,0.191756983742853,0.0749187941209811,0.116838189621872,0.191756983742853,TRUE,0.24390054254977
"exchangeable_static_scr",0,91,21171640,33,13,12,0.393939393939394,0.923076923076923,13.9754248593737,TRUE,9.29477669702653,11.8223681001139,8.31149280513997,-0.150191844843289,0.0809022262961234,-0.240092086387203,0.271936753886289,-0.105788866579347,0.0830739436534712,0.188862810232818,0.271936753886289,TRUE,-0.2969688699627
"san_jacinto_calibrated",0.20172188317,91,21171640,33,13,9,0.393939393939394,0.692307692307692,17.6776695296637,TRUE,9.06075979860524,10.2275250521834,8.22563318371124,-0.171587675556093,-0.064911995228944,-0.24794210891783,0.128771237678963,-0.0921696009447854,0.0183008183670889,0.110470419311874,0.128771237678963,TRUE,-0.195735709104405
"exchangeable_static_scr",0,92,21181647,35,11,11,0.314285714285714,1,13.9754248593737,TRUE,11.5620462936831,11.153462665721,12.2299284763528,0.0571013754224514,0.0197451580087769,0.118164889266545,-0.0353383490762614,0.0577650500357079,0.0112133504797232,0.0465516995559846,0.0577650500357079,FALSE,0.0965140461661511
"san_jacinto_calibrated",0.20172188317,92,21181647,35,11,7,0.314285714285714,0.636363636363636,13.9754248593737,TRUE,10.4764822102676,11.0801213832739,11.8357259235945,-0.0421501979183875,0.0130396693278951,0.0821235130143516,0.0576184983557373,0.12974237783697,0.0936804380963534,0.0936804380963534,0.12974237783697,TRUE,0.0681946085411347
"exchangeable_static_scr",0,93,21191654,19,8,8,0.421052631578947,1,21.1494654238512,TRUE,14.6456653760227,12.6794915572258,15.6599859111067,0.339032262950644,0.159267799517792,0.431770140444037,-0.134249538571035,0.0692573883836372,-0.0324960750936988,0.101753463477336,0.134249538571035,TRUE,0.235064185375973
"san_jacinto_calibrated",0.20172188317,93,21191654,19,8,7,0.421052631578947,0.875,22.5346954716499,TRUE,14.5593019021554,12.9698063358628,15.6599865801643,0.33113617391135,0.185810864993169,0.431770201615019,-0.109173886012852,0.07560009988157,-0.0167868930656409,0.0923869929472109,0.109173886012852,TRUE,0.207418690351827
"exchangeable_static_scr",0,94,21201661,43,14,14,0.325581395348837,1,17.6776695296637,TRUE,11.5515560151935,11.891588367681,11.0626000099141,0.0561422642462586,0.0872309364736903,0.0114377151921468,0.0294360648937944,-0.0423281508254159,-0.00644604296581075,0.0358821078596051,0.0423281508254159,FALSE,-0.0697121639376546
"san_jacinto_calibrated",0.20172188317,94,21201661,43,14,12,0.325581395348837,0.857142857142857,17.6776695296637,TRUE,12.4219459094413,13.2378106351622,11.0626143420307,0.135720768863206,0.210314115214828,0.0114390255570902,0.0656793011069841,-0.109429841131209,-0.0218752700121127,0.0875545711190968,0.109429841131209,TRUE,-0.164316921663297
"exchangeable_static_scr",0,95,21211668,24,12,10,0.5,0.833333333333333,10.6694173824159,TRUE,10.5423903074002,12.6983245094212,15.3976690630862,-0.0361243147519799,0.160989669432796,0.407786885767877,0.20450145926656,0.460548188229929,0.332524823748245,0.332524823748245,0.460548188229929,TRUE,0.212574859908663
"san_jacinto_calibrated",0.20172188317,95,21211668,24,12,9,0.5,0.75,8.83883476483184,TRUE,10.1587512242941,12.9319127788139,14.5079039175444,-0.0711998880645364,0.182346311205841,0.32643692960406,0.272982524455159,0.42811883047687,0.350550677466015,0.350550677466015,0.42811883047687,TRUE,0.121868370571787
"exchangeable_static_scr",0,96,21221675,29,9,9,0.310344827586207,1,13.9754248593737,TRUE,12.0226299870312,13.0322839519818,9.38153400773041,0.0992118845285626,0.191523104181197,-0.142259747864648,0.0839794592397674,-0.219677057528153,-0.0678487991441931,0.15182825838396,0.219677057528153,TRUE,-0.280131246196202
"san_jacinto_calibrated",0.20172188317,96,21221675,29,9,7,0.310344827586207,0.777777777777778,13.9754248593737,TRUE,12.1738227688843,14.8702033185741,9.38156287221114,0.113035224583706,0.359561446269634,-0.14225710882641,0.221490044736126,-0.229365906641094,-0.00393793095248429,0.22542797568861,0.229365906641094,TRUE,-0.369103254930429
"exchangeable_static_scr",0,97,21231682,20,8,8,0.4,1,13.2377124296868,TRUE,12.5640870746958,13.6127856443359,19.7599044245506,0.148716532543616,0.244597544624992,0.806619833101771,0.0834679482405165,0.572729025760039,0.328098487000278,0.328098487000278,0.572729025760039,TRUE,0.451569498030884
"san_jacinto_calibrated",0.20172188317,97,21231682,20,8,6,0.4,0.75,15.0888347648318,TRUE,13.2413673085863,15.0206254360791,19.1494725620729,0.210639296785035,0.373314325584377,0.750808919960954,0.134371178295087,0.44618543657916,0.290278307437124,0.290278307437124,0.44618543657916,TRUE,0.274878509124955
"exchangeable_static_scr",0,98,21241689,25,12,11,0.48,0.916666666666667,19.7642353760524,TRUE,9.95596655136396,11.466241409723,9.82768878798666,-0.0897402010181523,0.0483420717461072,-0.101468453669791,0.151695453230724,-0.012884511284314,0.0694054709732052,0.0822899822575192,0.151695453230724,TRUE,-0.142902330692858
"san_jacinto_calibrated",0.20172188317,98,21241689,25,12,8,0.48,0.666666666666667,21.1494654238512,TRUE,8.8795648482064,10.5658039691498,9.82765803999233,-0.188154071021129,-0.0339836371063036,-0.101471264914987,0.189901098732785,0.106772483561224,0.148336791147004,0.148336791147004,0.189901098732785,TRUE,-0.069861785370306
"exchangeable_static_scr",0,99,21251696,41,17,16,0.414634146341463,0.941176470588235,18.720952452858,TRUE,12.2546760311211,9.62642377104145,12.0092397668069,0.120427522845355,-0.119869826647639,0.0979876358223446,-0.214469338349305,-0.020027968400869,-0.117248653375087,0.117248653375087,0.214469338349305,TRUE,0.247528682763116
"san_jacinto_calibrated",0.20172188317,99,21251696,41,17,11,0.414634146341463,0.647058823529412,12.5,TRUE,13.1065174497465,11.054404755771,15.3769240921184,0.198310166833968,0.01068843481335,0.405890202707967,-0.156571927046509,0.173227300926973,0.00832768694023239,0.164899613986741,0.173227300926973,TRUE,0.391022350985545
"exchangeable_static_scr",0,100,21261703,33,8,7,0.242424242424242,0.875,22.5346954716499,TRUE,12.2625379471843,13.2466067809034,8.68280057940771,0.121146326599709,0.211118334254024,-0.206143947025581,0.0802500133298292,-0.291924671972051,-0.105837329321111,0.18608734265094,0.291924671972051,TRUE,-0.344526434352605
"san_jacinto_calibrated",0.20172188317,100,21261703,33,8,6,0.242424242424242,0.75,22.5346954716499,TRUE,11.7116587351112,13.2465945962911,8.81405054968274,0.0707802272101687,0.211117220232329,-0.194143949743293,0.131060500984219,-0.247412279589529,-0.058175889302655,0.189236390286874,0.247412279589529,TRUE,-0.334617626770991
"exchangeable_static_scr",0,101,21271710,16,9,9,0.5625,1,12.5,TRUE,9.94935012406969,9.53047177352095,8.25264316288132,-0.0903451315136284,-0.128642580706656,-0.245472625107993,-0.042101076484923,-0.170534450997322,-0.106317763741123,0.106317763741123,0.170534450997322,TRUE,-0.134078211551908
"san_jacinto_calibrated",0.20172188317,101,21271710,16,9,6,0.5625,0.666666666666667,15.625,TRUE,9.41180075139413,9.62650554415491,8.81078562962929,-0.139492502729679,-0.119862350248694,-0.194442456719607,0.0228122968634854,-0.0638576121233562,-0.0205226576299354,0.0433349544934208,0.0638576121233562,FALSE,-0.0847368664344571
"exchangeable_static_scr",0,102,21281717,18,8,7,0.444444444444444,0.875,19.7642353760524,TRUE,13.4332620837959,9.10288370941019,7.5095242608336,0.228183961947051,-0.167736346568211,-0.313414924723785,-0.322362382820572,-0.440975377835283,-0.381668880327928,0.381668880327928,0.440975377835283,TRUE,-0.175038976596992
"san_jacinto_calibrated",0.20172188317,102,21281717,18,8,7,0.444444444444444,0.875,19.7642353760524,TRUE,13.4332657151691,9.1028811351844,7.50953358445156,0.228184293958318,-0.167736581925998,-0.313414072278715,-0.322362757634932,-0.440974834885336,-0.381668796260134,0.381668796260134,0.440974834885336,TRUE,-0.175037719055151
"exchangeable_static_scr",0,103,21291724,26,6,5,0.230769230769231,0.833333333333333,18.75,TRUE,9.44047144920363,10.9455757087612,10.5206277962943,-0.136871181787097,0.000738350515313124,-0.0381140300530902,0.159431048296277,0.11441762764738,0.136924337971828,0.136924337971828,0.159431048296277,TRUE,-0.0388237150583836
"san_jacinto_calibrated",0.20172188317,103,21291724,26,6,5,0.230769230769231,0.833333333333333,18.75,TRUE,9.44048842127929,10.9455755278318,10.5206206200702,-0.136869630054465,0.000738333973195227,-0.0381146861650061,0.159428944710106,0.114414863997533,0.136921904353819,0.136921904353819,0.159428944710106,TRUE,-0.0388243547980666
"exchangeable_static_scr",0,104,21301731,27,12,12,0.444444444444444,1,19.2571176880262,TRUE,13.2950527024469,10.7000944103317,11.2759134189868,0.215547675652291,-0.0217056539125279,0.0309406554502234,-0.195182249381953,-0.151871476454433,-0.173526862918193,0.173526862918193,0.195182249381953,TRUE,0.0538143857963624
"san_jacinto_calibrated",0.20172188317,104,21301731,27,12,7,0.444444444444444,0.583333333333333,13.9754248593737,TRUE,11.1398019747366,12.4924433275808,10.7955503197968,0.018496180547344,0.142166247093102,-0.0129782564757218,0.121424182935371,-0.0309028522877242,0.0452606653238236,0.0761635176115477,0.121424182935371,TRUE,-0.13583355659798
"exchangeable_static_scr",0,105,21311738,27,3,2,0.111111111111111,0.666666666666667,24.4638347648318,TRUE,7.82348146984408,6.04534665786108,6.474575392414,-0.284710265614256,-0.447282591281273,-0.408038821265006,-0.227281782264954,-0.172417622848535,-0.199849702556744,0.199849702556744,0.227281782264954,TRUE,0.071001508903509
"san_jacinto_calibrated",0.20172188317,105,21311738,27,3,1,0.111111111111111,0.333333333333333,31.25,TRUE,7.14986629652548,6.04535534851401,6.47456867284316,-0.346297938603384,-0.447281796707291,-0.408039435625768,-0.154479944407942,-0.0944489862713218,-0.124464465339632,0.124464465339632,0.154479944407942,TRUE,0.0709988577321032
"exchangeable_static_scr",0,106,21321745,20,5,5,0.25,1,12.5,TRUE,8.99562110963073,6.71930378326902,10.1605093603521,-0.177543212833762,-0.385663654101118,-0.0710391441963749,-0.25304726584412,0.129495032808162,-0.0617761165179792,0.191271149326141,0.25304726584412,TRUE,0.512137222557445
"san_jacinto_calibrated",0.20172188317,106,21321745,20,5,5,0.25,1,12.5,TRUE,8.99561974455599,6.71930350078781,10.1605226702257,-0.177543337640595,-0.385663679927972,-0.0710379272936538,-0.253047183897004,0.129496683802653,-0.0617752500471755,0.191271933849829,0.253047183897004,TRUE,0.51213926696932
"exchangeable_static_scr",0,107,21331752,30,13,12,0.433333333333333,0.923076923076923,18.75,TRUE,10.787723360854,7.57528579202492,11.1533706425512,-0.0136938641504898,-0.307402441872007,0.0197367444618239,-0.297786424565376,0.0338947588352168,-0.131945832865079,0.165840591700296,0.297786424565376,TRUE,0.472336615246014
"san_jacinto_calibrated",0.20172188317,107,21331752,30,13,8,0.433333333333333,0.615384615384615,20.642347735825,TRUE,9.96476805707783,7.43131184747542,11.3370926705568,-0.088935491924313,-0.320565773945104,0.0365341870223372,-0.254241362678073,0.137717667447788,-0.0582618476151425,0.195979515062931,0.254241362678073,TRUE,0.525584298337348
"exchangeable_static_scr",0,108,21341759,45,21,20,0.466666666666667,0.952380952380952,13.9754248593737,TRUE,9.25878427180555,9.76475764309906,9.3821086780456,-0.153482580863492,-0.107222158345229,-0.142207206578688,0.0546479274643299,0.0133197191574694,0.0339838233108997,0.0339838233108997,0.0546479274643299,FALSE,-0.0391867344832557
"san_jacinto_calibrated",0.20172188317,108,21341759,45,21,18,0.466666666666667,0.857142857142857,13.9754248593737,TRUE,8.8882576339437,9.77592487550034,8.69547227358533,-0.187359302039433,-0.106201154239969,-0.204985392129341,0.0998696570367967,-0.0216898933737173,0.0390898818315397,0.060779775205257,0.0998696570367967,FALSE,-0.110521778315089
"exchangeable_static_scr",0,109,21351766,33,12,11,0.363636363636364,0.916666666666667,18.75,TRUE,11.337361064832,12.8186936820556,10.6429992448417,0.0365587259274984,0.1719948509308,-0.0269257833287626,0.130659384379901,-0.0612454535071864,0.0347069654363573,0.0959524189435436,0.130659384379901,TRUE,-0.169728249319167
"san_jacinto_calibrated",0.20172188317,109,21351766,33,12,10,0.363636363636364,0.833333333333333,16.3627124296868,TRUE,11.6727308023607,12.8187000606385,11.1023529360903,0.067221101930125,0.171995434115521,0.0150722684425451,0.0981749067704027,-0.0488641326462397,0.0246553870620815,0.0735195197083212,0.0981749067704027,FALSE,-0.133894007694153
"exchangeable_static_scr",0,110,21361773,24,8,6,0.333333333333333,0.75,13.9754248593737,TRUE,8.15502401186643,10.1899936628096,7.53018965100998,-0.254397804629355,-0.0683434365431265,-0.311525517621945,0.249535703142262,-0.0766195611376809,0.0864580710022907,0.163077632139972,0.249535703142262,TRUE,-0.261021164469127
"san_jacinto_calibrated",0.20172188317,110,21361773,24,8,4,0.333333333333333,0.5,10.1127124296868,TRUE,7.54701449809799,8.82721536630446,8.36552763360361,-0.309987245888184,-0.192940309366449,-0.235151759213384,0.169630105855648,0.108455222354734,0.139042664105191,0.139042664105191,0.169630105855648,TRUE,-0.0523027606716407
"exchangeable_static_scr",0,111,21371780,38,13,12,0.342105263157895,0.923076923076923,13.9754248593737,TRUE,11.7156226996021,15.6839562202883,19.02517312181,0.0711426468207679,0.433961711569215,0.739444399708346,0.338721519328281,0.623914802450587,0.481318160889434,0.481318160889434,0.623914802450587,TRUE,0.213034061979824
"san_jacinto_calibrated",0.20172188317,111,21371780,38,13,8,0.342105263157895,0.615384615384615,16.869830117713,TRUE,11.8924887237112,15.6838876185844,19.9185194159401,0.0873132547393067,0.433955439413431,0.82112177517167,0.318806179510094,0.674882346217972,0.496844262864033,0.496844262864033,0.674882346217972,TRUE,0.269998861273271
"exchangeable_static_scr",0,112,21381787,15,6,6,0.4,1,13.9754248593737,TRUE,14.0256084978615,13.9833052826064,15.1833376337458,0.282341348375913,0.278473625838303,0.388190869371045,-0.00301614117216809,0.0825439506642986,0.0397639047460653,0.0427800459182334,0.0825439506642986,FALSE,0.0858189338562221
"san_jacinto_calibrated",0.20172188317,112,21381787,15,6,4,0.4,0.666666666666667,16.869830117713,TRUE,13.8488316075464,14.0312825004023,16.2854665269874,0.26617888983281,0.282860114322498,0.488956939610275,0.0131744610683648,0.175945161909058,0.0945598114887113,0.0945598114887113,0.175945161909058,TRUE,0.160654168749038
"exchangeable_static_scr",0,113,21391794,25,8,8,0.32,1,18.2138347648318,TRUE,25.2261190216491,15819.8812164504,17.8770299814604,1.30638802483649,1445.38913978976,0.634471312590664,626.123070452249,-0.291328564409044,312.91587094392,313.207199508329,626.123070452249,TRUE,-0.998869964335581
"san_jacinto_calibrated",0.20172188317,113,21391794,25,8,7,0.32,0.875,17.6776695296637,TRUE,24.3430507340202,38.88095361785,20.464083623787,1.22565035282471,2.55483004506058,0.871001931317671,0.59720957092336,-0.159345973214944,0.218931798854208,0.378277772069152,0.59720957092336,TRUE,-0.473673309947005
"exchangeable_static_scr",0,114,21401801,35,14,14,0.4,1,18.720952452858,TRUE,11.3817311997138,11.5774131489416,12.5917057954612,0.0406154239738343,0.0585063450460905,0.151241672727884,0.0171926349159188,0.106308484580785,0.0617505597483521,0.0617505597483521,0.106308484580785,TRUE,0.0876096096313486
"san_jacinto_calibrated",0.20172188317,114,21401801,35,14,10,0.4,0.714285714285714,18.720952452858,TRUE,10.8999884089198,11.8608795888965,14.1001624155174,-0.00342963118447581,0.0844232766991062,0.289157706561589,0.0881552478707548,0.293594257768089,0.190874752819422,0.190874752819422,0.293594257768089,TRUE,0.188795679935677
"exchangeable_static_scr",0,115,21411808,39,11,10,0.282051282051282,0.909090909090909,13.9754248593737,TRUE,11.4708669818761,10.2694022873074,14.9506870664962,0.0487649812001014,-0.0610832194461778,0.366919960365366,-0.10474053063879,0.303361558469659,0.0993105139154343,0.204051044554224,0.303361558469659,TRUE,0.455847833030618
"san_jacinto_calibrated",0.20172188317,115,21411808,39,11,9,0.282051282051282,0.818181818181818,13.9754248593737,TRUE,11.5504686826757,10.7703290530192,14.9506819748792,0.0560428509874902,-0.0152842008668158,0.366919494846097,-0.0675418159287846,0.294378815753462,0.113418499912339,0.180960315841123,0.294378815753462,TRUE,0.388136044988163
"exchangeable_static_scr",0,116,21421815,27,10,10,0.37037037037037,1,13.9754248593737,TRUE,7.95349618978638,7.49724253095506,6.47197694371596,-0.272823205505246,-0.314537825741252,-0.408276393717398,-0.0573651697246327,-0.186272704571473,-0.121818937148053,0.121818937148053,0.186272704571473,TRUE,-0.136752357017387
"san_jacinto_calibrated",0.20172188317,116,21421815,27,10,9,0.37037037037037,0.9,13.9754248593737,TRUE,7.86147030959634,7.4972441629794,6.50414480242406,-0.281237000265478,-0.314537676527597,-0.4053353323498,-0.0463305377077277,-0.172655426239468,-0.109492981973598,0.109492981973598,0.172655426239468,TRUE,-0.13246192053597
"exchangeable_static_scr",0,117,21431822,17,4,4,0.235294117647059,1,24.4638347648318,TRUE,13.4372616973904,8.69501543797491,12.6140875919053,0.228549640904268,-0.205027159956579,0.153288008402773,-0.352917608230886,-0.0612605547188954,-0.207089081474891,0.207089081474891,0.352917608230886,TRUE,0.450726301969992
"san_jacinto_calibrated",0.20172188317,117,21431822,17,4,1,0.235294117647059,0.25,13.9754248593737,TRUE,13.8253722354566,12.6946555160031,13.9578830390269,0.264034032956033,0.160654218606002,0.27614930642532,-0.0817856257463816,0.00958461018723855,-0.0361005077795715,0.0456851179668101,0.0817856257463816,FALSE,0.0995086098580098
"exchangeable_static_scr",0,118,21441829,31,14,12,0.451612903225806,0.857142857142857,23.767347735825,TRUE,13.8697396968175,15.4330049795533,8.2631667229423,0.268090486566175,0.411017598130587,-0.244510471045275,0.112710499036579,-0.404230583733427,-0.145760042348424,0.258470541385003,0.404230583733427,TRUE,-0.4645782377515
"san_jacinto_calibrated",0.20172188317,118,21441829,31,14,9,0.451612903225806,0.642857142857143,19.7642353760524,TRUE,14.8030276983152,15.3414468466911,12.1213921270286,0.353419675274533,0.402646568840326,0.10824156589976,0.0363722313670425,-0.181154533108912,-0.0723911508709347,0.108763382237977,0.181154533108912,TRUE,-0.209892505696551
"exchangeable_static_scr",0,119,21451836,33,15,15,0.454545454545455,1,13.9754248593737,TRUE,8.86787013764772,8.22884733213443,9.83289962432807,-0.18922330170078,-0.247648243919138,-0.100992034347147,-0.0720604604707028,0.108823141487314,0.0183813405083054,0.0904418009790082,0.108823141487314,TRUE,0.19493037450454
"san_jacinto_calibrated",0.20172188317,119,21451836,33,15,12,0.454545454545455,0.8,13.9754248593737,TRUE,9.41508254098657,9.1840479193485,10.2871739497949,-0.139192453395514,-0.160315618802423,-0.0594583817330349,-0.0245387781394705,0.0926270592968141,0.0340441405786718,0.0585829187181423,0.0926270592968141,FALSE,0.120113270328482
"exchangeable_static_scr",0,120,21461843,27,9,9,0.333333333333333,1,13.9754248593737,TRUE,8.96559878122306,10.8124269994986,7.99956206519255,-0.180288111431035,-0.0114352457601237,-0.268611468325253,0.205990504743918,-0.107749269134562,0.0491206178046779,0.15686988693924,0.205990504743918,TRUE,-0.260151114494139
"san_jacinto_calibrated",0.20172188317,120,21461843,27,9,8,0.333333333333333,0.888888888888889,13.2377124296868,TRUE,8.55154057259251,10.8124216051313,7.67703887198396,-0.218144861934399,-0.0114357389594264,-0.298099303132895,0.264382892573161,-0.102262474601514,0.0810602089858237,0.183322683587338,0.264382892573161,TRUE,-0.289979696283703
"exchangeable_static_scr",0,121,21471850,23,9,8,0.391304347826087,0.888888888888889,19.7642353760524,TRUE,13.8587966467516,12.5015613183415,12.0887903864558,0.267089979131572,0.142999891962653,0.105260835333103,-0.0979331296219125,-0.127717168049408,-0.11282514883566,0.11282514883566,0.127717168049408,TRUE,-0.0330175504782835
"san_jacinto_calibrated",0.20172188317,121,21471850,23,9,6,0.391304347826087,0.666666666666667,19.7642353760524,TRUE,12.8331516693794,12.5147556104191,12.6753679091108,0.173316724057549,0.144206227238319,0.158890780261561,-0.0248104337237779,-0.0122950125061719,-0.0185527231149749,0.0185527231149749,0.0248104337237779,FALSE,0.0128338342107128
"exchangeable_static_scr",0,122,21481857,34,14,14,0.411764705882353,1,18.2138347648318,TRUE,12.1621425823858,13.0426146228843,14.8170070107739,0.11196732181813,0.192467622663708,0.354697783842185,0.0723944843216753,0.218289204423001,0.145341844372338,0.145341844372338,0.218289204423001,TRUE,0.136045757633311
"san_jacinto_calibrated",0.20172188317,122,21481857,34,14,9,0.411764705882353,0.642857142857143,18.75,TRUE,10.6203293948936,11.3216629412985,14.13136226426,-0.0289984553240157,0.035123468918723,0.292010264160913,0.0660368921082772,0.330595477674597,0.198316184891437,0.198316184891437,0.330595477674597,TRUE,0.248170197039906
"exchangeable_static_scr",0,123,21491864,38,14,13,0.368421052631579,0.928571428571429,13.9754248593737,TRUE,10.835788100316,8.76656744962099,13.9928497944639,-0.00929937368539102,-0.198485261748938,0.279346266922415,-0.190961712386633,0.29135506018762,0.0501966739004939,0.241158386287127,0.29135506018762,TRUE,0.596160626707878
"san_jacinto_calibrated",0.20172188317,123,21491864,38,14,12,0.368421052631579,0.857142857142857,11.4071298121028,TRUE,10.5120634132524,8.49649563307433,13.9928471146776,-0.0388970593597828,-0.223177542118918,0.279346021913382,-0.191738548460148,0.331122783852034,0.0696921176959427,0.261430666156091,0.331122783852034,TRUE,0.646896287477347
"exchangeable_static_scr",0,124,21501871,34,14,13,0.411764705882353,0.928571428571429,13.9754248593737,TRUE,11.0170820606268,12.8735967476992,9.21198469826436,0.00727607411444953,0.177014559789637,-0.15776139901583,0.168512377129987,-0.163845322421038,0.00233352735447467,0.166178849775513,0.168512377129987,TRUE,-0.284428052330381
"san_jacinto_calibrated",0.20172188317,124,21501871,34,14,12,0.411764705882353,0.857142857142857,13.9754248593737,TRUE,10.8625500325866,13.4258388253109,9.21199333476804,-0.00685256844922788,0.227505264028421,-0.157760609392636,0.235974866401966,-0.151949283811538,0.0420127912952136,0.193962075106752,0.235974866401966,TRUE,-0.313860872707538
"exchangeable_static_scr",0,125,21511878,28,12,11,0.428571428571429,0.916666666666667,13.9754248593737,TRUE,11.2913338751724,11.2681619221383,11.4217892308231,0.0323505257300449,0.0302319471669279,0.0442778725323987,-0.00205218916474015,0.0115535823396022,0.00475069658743105,0.00680288575217119,0.0115535823396022,FALSE,0.0136337505394744
"san_jacinto_calibrated",0.20172188317,125,21511878,28,12,10,0.428571428571429,0.833333333333333,13.9754248593737,TRUE,11.2400545479415,11.170122920581,11.4217949351852,0.0276621300975091,0.0212683813102643,0.0442783940740787,-0.00622164483830678,0.0161689951297448,0.004973675145719,0.0111953199840258,0.0161689951297448,FALSE,0.0225308187200439
"exchangeable_static_scr",0,126,21521885,23,13,13,0.565217391304348,1,12.5,TRUE,10.8470698243525,11.9244807523692,9.12859831432921,-0.00826790177348979,0.0902382402166095,-0.165385296975615,0.0993273709364206,-0.158427256194585,-0.0295499426290823,0.128877313565503,0.158427256194585,TRUE,-0.234465759650328
"san_jacinto_calibrated",0.20172188317,126,21521885,23,13,11,0.565217391304348,0.846153846153846,12.5,TRUE,9.64840548212273,10.3723065004832,9.07432846875176,-0.117860070205922,-0.0516748342415342,-0.170347111428411,0.0750280468313433,-0.0594996773751539,0.0077641847280947,0.0672638621032486,0.0750280468313433,FALSE,-0.12513880414843
"exchangeable_static_scr",0,127,21531892,40,18,18,0.45,1,12.5,TRUE,9.46349835141703,9.19257382768441,8.33506551400781,-0.1347658650133,-0.15953610718314,-0.237936867290715,-0.0286283690948236,-0.119240559411125,-0.0739344642529741,0.0739344642529741,0.119240559411125,TRUE,-0.0932827225269733
"san_jacinto_calibrated",0.20172188317,127,21531892,40,18,14,0.45,0.777777777777778,13.2377124296868,TRUE,9.30015843146373,9.92858973078179,8.45273243859758,-0.149699800551887,-0.0922432246142363,-0.227178748471078,0.0675721068570176,-0.0911195222222438,-0.0117737076826131,0.0793458145396307,0.0911195222222438,FALSE,-0.148647223040003
"exchangeable_static_scr",0,128,21541899,25,9,9,0.36,1,13.9754248593737,TRUE,11.5279147697182,12.0239489032826,6.9158571577231,0.0539807789456681,0.0993324711572672,-0.367693059865316,0.0430289556674512,-0.40007735172628,-0.178524198029414,0.221553153696866,0.40007735172628,TRUE,-0.424826468130197
"san_jacinto_calibrated",0.20172188317,128,21541899,25,9,8,0.36,0.888888888888889,13.9754248593737,TRUE,11.744752628015,12.0239357567947,6.7671896196787,0.0738059545613745,0.0993312691926558,-0.381285520486519,0.0237708819948832,-0.423811651550943,-0.20002038477803,0.223791266772913,0.423811651550943,TRUE,-0.437190138357601
"exchangeable_static_scr",0,129,21551906,46,20,20,0.434782608695652,1,15.8265471945187,TRUE,9.92549459252751,11.0207609332742,7.80980896718541,-0.0925262086831993,0.00761242818506869,-0.285960323000191,0.110348792247719,-0.213156695177177,-0.0514039514647286,0.161752743712448,0.213156695177177,TRUE,-0.29135483343933
"san_jacinto_calibrated",0.20172188317,129,21551906,46,20,17,0.434782608695652,0.85,17.6776695296637,TRUE,9.35112847825054,11.1390347006477,7.37227638677455,-0.145039681988522,0.0184260297735062,-0.325963301780613,0.191196840740197,-0.211616394329148,-0.0102097767944754,0.201406617534672,0.211616394329148,TRUE,-0.33815841453965
"exchangeable_static_scr",0,130,21561913,27,11,11,0.407407407407407,1,12.5,TRUE,10.3370055623149,10.6398693447207,10.0638913581325,-0.0549023485883486,-0.0272119456255377,-0.0798727901135984,0.0292989861115949,-0.0264210174344974,0.00143898433854872,0.0278600017730462,0.0292989861115949,FALSE,-0.0541339341609448
"san_jacinto_calibrated",0.20172188317,130,21561913,27,11,10,0.407407407407407,0.909090909090909,15.625,TRUE,10.0854396224233,10.6398788180009,9.47426697650171,-0.077902663092724,-0.0272110794970568,-0.133781305005558,0.054974221881702,-0.0605995047119988,-0.00281264141514842,0.0577868632968504,0.0605995047119988,FALSE,-0.109551232813592
"exchangeable_static_scr",0,131,21571920,29,14,14,0.482758620689655,1,13.9754248593737,TRUE,11.4811664357454,9.92468124909592,13.3751564586491,0.0497066455538644,-0.09260057151123,0.222871447647919,-0.135568558766252,0.164964947899978,0.0146981945668631,0.150266753333115,0.164964947899978,TRUE,0.347666098583015
"san_jacinto_calibrated",0.20172188317,131,21571920,29,14,11,0.482758620689655,0.785714285714286,13.9754248593737,TRUE,9.48707831801739,7.71040848839695,14.4012762792915,-0.132609982352696,-0.295048366775136,0.316688116963792,-0.187272600695862,0.517988552064684,0.165357975684411,0.352630576380273,0.517988552064684,TRUE,0.867770858179993
"exchangeable_static_scr",0,132,21581927,36,16,16,0.444444444444444,1,13.2377124296868,TRUE,12.8032766135043,12.2514589689165,9.066118895261,0.170585290377534,0.120133391443799,-0.171097701004708,-0.0430997205829091,-0.291890726964495,-0.167495223773702,0.167495223773702,0.291890726964495,TRUE,-0.259996795625496
"san_jacinto_calibrated",0.20172188317,132,21581927,36,16,11,0.444444444444444,0.6875,12.5,TRUE,11.5797120440711,11.6469645382166,9.78662774202096,0.0587165297436396,0.0648653292083763,-0.105222606443798,0.00580778640173452,-0.154847054505831,-0.0745196340520481,0.0803274204537827,0.154847054505831,TRUE,-0.159727179566094
"exchangeable_static_scr",0,133,21591934,41,16,15,0.390243902439024,0.9375,13.9754248593737,TRUE,11.8492807335594,12.7859248970352,9.58968365576551,0.0833628099254344,0.16899884772893,-0.123228922901439,0.0790464994911442,-0.190694872423295,-0.0558241864660755,0.13487068595722,0.190694872423295,TRUE,-0.249981230689914
"san_jacinto_calibrated",0.20172188317,133,21591934,41,16,14,0.390243902439024,0.875,13.7944173824159,TRUE,11.5550173832591,12.785933210819,9.08465873546245,0.0564587321836896,0.168999607846312,-0.169402629900576,0.106526523217809,-0.213790993631538,-0.0536322352068647,0.160158758424673,0.213790993631538,TRUE,-0.289480197833717
"exchangeable_static_scr",0,134,21601941,41,19,18,0.463414634146341,0.947368421052632,15.8265471945187,TRUE,10.7106851418671,8.4578361056299,10.3704602178105,-0.0207373584578643,-0.226712127485267,-0.0518436372287572,-0.210336594381906,-0.0317650009826853,-0.121050797682296,0.121050797682296,0.210336594381906,TRUE,0.226136341292715
"san_jacinto_calibrated",0.20172188317,134,21601941,41,19,14,0.463414634146341,0.736842105263158,13.9754248593737,TRUE,9.88889808399687,9.64633221700978,10.2291289603919,-0.0958721751774293,-0.118049625873391,-0.0647653521927373,-0.0245291098084658,0.0344053375315558,0.00493811386154502,0.0294672236700108,0.0344053375315558,FALSE,0.0604164080472456
"exchangeable_static_scr",0,135,21611948,31,11,10,0.354838709677419,0.909090909090909,13.9754248593737,TRUE,7.51369046879134,6.75617928279455,8.1466524864812,-0.313034014281934,-0.382292179858784,-0.255163201236004,-0.100817459694829,0.0842411622249961,-0.00828814873491646,0.0925293109599126,0.100817459694829,TRUE,0.205807623730126
"san_jacinto_calibrated",0.20172188317,135,21611948,31,11,10,0.354838709677419,0.909090909090909,13.9754248593737,TRUE,7.51369043353876,6.75618681686013,8.14665224034418,-0.313034017505027,-0.382291491029931,-0.255163223739961,-0.100816452764326,0.0842411345535443,-0.00828765910539098,0.0925287936589353,0.100816452764326,TRUE,0.205806242659562
"exchangeable_static_scr",0,136,21621955,34,10,10,0.294117647058824,1,19.2571176880262,TRUE,11.2485974062087,8.87014660248859,10.5615343542096,0.0284431914247967,-0.189015167772472,-0.0343740019008392,-0.211444211027353,-0.0610798864238766,-0.136262048725615,0.136262048725615,0.211444211027353,TRUE,0.19068317892812
"san_jacinto_calibrated",0.20172188317,136,21621955,34,10,9,0.294117647058824,0.9,18.75,TRUE,10.3032223666489,8.87016377309666,9.86959733483942,-0.0579910979063898,-0.189013597888305,-0.0976368151003961,-0.13908838832703,-0.042086350888929,-0.0905873696079796,0.0905873696079796,0.13908838832703,TRUE,0.112673631210063
"exchangeable_static_scr",0,137,21631962,36,13,13,0.361111111111111,1,18.75,TRUE,12.8867634358895,10.6057354196002,9.32325398257949,0.178218371281329,-0.0303327616365541,-0.147588207307018,-0.177005500848778,-0.27652478227277,-0.226765141560774,0.226765141560774,0.27652478227277,TRUE,-0.120923385911606
"san_jacinto_calibrated",0.20172188317,137,21631962,36,13,13,0.361111111111111,1,18.75,TRUE,12.8867641647181,10.6057368798374,9.32328359744163,0.178218437917083,-0.030332628129156,-0.14758549966248,-0.177005434081414,-0.276522525106241,-0.226763979593828,0.226763979593828,0.276522525106241,TRUE,-0.120920714602472
"exchangeable_static_scr",0,138,21641969,37,18,18,0.486486486486487,1,18.75,TRUE,11.4134008035637,8.67798114539872,8.14171123268319,0.0435109306115422,-0.206584580992117,-0.255614973011823,-0.239667361660593,-0.286653349618546,-0.26316035563957,0.26316035563957,0.286653349618546,TRUE,-0.061796621095435
"san_jacinto_calibrated",0.20172188317,138,21641969,37,18,16,0.486486486486487,0.888888888888889,18.75,TRUE,11.8068574401572,10.4851613361074,9.66237930863049,0.0794841088143767,-0.0413566778416048,-0.116582463210926,-0.111943089916075,-0.181629882667423,-0.146786486291749,0.146786486291749,0.181629882667423,TRUE,-0.0784710889133928
"exchangeable_static_scr",0,139,21651976,24,10,9,0.416666666666667,0.9,19.7642353760524,TRUE,10.4424893280253,9.20535200125473,11.6455098682521,-0.0452581185805423,-0.158367817028139,0.0647323308116221,-0.118471495436475,0.115204383019876,-0.00163355620829958,0.116837939228176,0.118471495436475,TRUE,0.265080343116134
"san_jacinto_calibrated",0.20172188317,139,21651976,24,10,6,0.416666666666667,0.6,17.517347735825,TRUE,9.22347400273529,8.2924461249222,11.5479260852884,-0.156710948321345,-0.24183349714997,0.0558103849406535,-0.100941128856327,0.252014813709431,0.0755368424265521,0.176477971282879,0.252014813709431,TRUE,0.392583793891906
"exchangeable_static_scr",0,140,21661983,45,22,22,0.488888888888889,1,13.9754248593737,TRUE,10.8002242890003,8.53310218456181,11.4297931646864,-0.012550922148547,-0.219830657411492,0.0450096607713237,-0.20991435397758,0.0582922038320339,-0.075811075072773,0.134103278904807,0.20991435397758,TRUE,0.33946516957986
"san_jacinto_calibrated",0.20172188317,140,21661983,45,22,17,0.488888888888889,0.772727272727273,17.6776695296637,TRUE,10.151367501951,9.11853210897124,11.1773841548755,-0.071874971250195,-0.1663056357512,0.0219322655886192,-0.101743473751812,0.101071767200561,-0.000335853275625464,0.101407620476186,0.101743473751812,TRUE,0.225787662016201
"exchangeable_static_scr",0,141,21671990,29,13,12,0.448275862068966,0.923076923076923,19.7642353760524,TRUE,18.3913768789651,10.8449957374892,13.8132154262456,0.68149731464824,-0.00845753257241177,0.26292255325674,-0.410321706261533,-0.248929782845989,-0.329625744553761,0.329625744553761,0.410321706261533,TRUE,0.273694869099462
"san_jacinto_calibrated",0.20172188317,141,21671990,29,13,10,0.448275862068966,0.769230769230769,19.7642353760524,TRUE,17.0083373562523,14.3696463596256,12.7329917775709,0.555047986857356,0.313796238594339,0.164159248235057,-0.1551410312106,-0.251367637478672,-0.203254334344636,0.203254334344636,0.251367637478672,TRUE,-0.113896650000598
"exchangeable_static_scr",0,142,21681997,31,18,18,0.580645161290323,1,13.9754248593737,TRUE,8.9270701262713,9.23034012204433,9.08338339640315,-0.183810731312338,-0.156083188841661,-0.169519232328855,0.0339719517695449,0.017510030493862,0.0257409911317035,0.0257409911317035,0.0339719517695449,FALSE,-0.0159210520628822
"san_jacinto_calibrated",0.20172188317,142,21681997,31,18,13,0.580645161290323,0.722222222222222,13.9754248593737,TRUE,8.54979325426527,10.4458683459885,9.40886134920785,-0.218304616752889,-0.0449491797953371,-0.139761248072425,0.221768531160368,0.100478230220831,0.161123380690599,0.161123380690599,0.221768531160368,TRUE,-0.0992743697730877
"exchangeable_static_scr",0,143,21692004,27,7,6,0.259259259259259,0.857142857142857,23.767347735825,TRUE,12.2100970562297,13.4054921704089,10.3941619112682,0.116351730855289,0.225644998437387,-0.0496766252554768,0.0979021795383097,-0.148724054902986,-0.0254109376823384,0.123313117220648,0.148724054902986,TRUE,-0.224634069444154
"san_jacinto_calibrated",0.20172188317,143,21692004,27,7,5,0.259259259259259,0.714285714285714,25,TRUE,11.6201129072997,13.4054995838162,9.60690994989437,0.0624103229531168,0.22564567623462,-0.121653947438229,0.153646241715506,-0.173251583135707,-0.0098026707101006,0.163448912425607,0.173251583135707,TRUE,-0.283360542452864
"exchangeable_static_scr",0,144,21702011,61,26,25,0.426229508196721,0.961538461538462,18.75,TRUE,12.0949178811868,18.8643670207846,11.0875153390876,0.105821063422793,0.724742127614591,0.0137156881451488,0.559693683421152,-0.0832913916403029,0.238201145890425,0.321492537530727,0.559693683421152,TRUE,-0.412250868164755
"san_jacinto_calibrated",0.20172188317,144,21702011,61,26,17,0.426229508196721,0.653846153846154,19.7642353760524,TRUE,11.570150099421,28.8772908183888,11.7622788187507,0.0578422948042023,1.64020944625269,0.0754083491429249,1.49584409625196,0.0166055511535148,0.756224823702735,0.756224823702735,1.49584409625196,TRUE,-0.592680667562463
"exchangeable_static_scr",0,145,21712018,33,16,16,0.484848484848485,1,16.3627124296868,TRUE,12.7512323685669,13.1399277525991,14.2357049890152,0.165826959411835,0.201364823094774,0.301550170424251,0.0304829661006192,0.116417972595941,0.0734504693482801,0.0734504693482801,0.116417972595941,TRUE,0.0833929422632795
"san_jacinto_calibrated",0.20172188317,145,21712018,33,16,14,0.484848484848485,0.875,16.3627124296868,TRUE,12.5984196269187,13.6550216399972,14.4450344855763,0.151855508746856,0.248459121371168,0.320688867252695,0.0838678218671813,0.146575119208761,0.115221470537971,0.115221470537971,0.146575119208761,TRUE,0.0578551148732824
"exchangeable_static_scr",0,146,21722025,13,8,7,0.615384615384615,0.875,22.5346954716499,TRUE,14.8894212413234,18.7612234336312,12.6569029611173,0.361318513492421,0.715311856789137,0.157202556445008,0.260037118270402,-0.149939896522644,0.0550486108738792,0.204988507396523,0.260037118270402,TRUE,-0.32536899814174
"san_jacinto_calibrated",0.20172188317,146,21722025,13,8,5,0.615384615384615,0.625,22.5346954716499,TRUE,17.30038011652,21.0999186316069,25.2090052469948,0.581749039224689,0.929135417746916,1.3048233368681,0.219621678223052,0.457135917084439,0.338378797653746,0.338378797653746,0.457135917084439,TRUE,0.194744192483883
"exchangeable_static_scr",0,147,21732032,27,10,10,0.37037037037037,1,17.6776695296637,TRUE,10.4860621001593,10.5762927230868,10.0064852105699,-0.0412743222711469,-0.0330246653177795,-0.0851213521764665,0.00860481485476661,-0.0457346985940648,-0.0185649418696491,0.0271697567244157,0.0457346985940648,FALSE,-0.0538759211224429
"san_jacinto_calibrated",0.20172188317,147,21732032,27,10,9,0.37037037037037,0.9,17.6776695296637,TRUE,9.92346889211603,10.5762913955535,10.0165047852303,-0.0927114155779629,-0.0330247866922533,-0.0842052767789486,0.0657857157144011,0.00937533982578764,0.0375805277700944,0.0375805277700944,0.0657857157144011,FALSE,-0.0529284405456696
"exchangeable_static_scr",0,148,21742039,39,15,15,0.384615384615385,1,13.9754248593737,TRUE,10.259231676184,10.3376048217,10.8723382102105,-0.0620131038917451,-0.0548475591588575,-0.00595764935218723,0.00763928021022231,0.0597614473849626,0.0337003637975924,0.0337003637975924,0.0597614473849626,FALSE,0.0517270100505274
"san_jacinto_calibrated",0.20172188317,148,21742039,39,15,12,0.384615384615385,0.8,13.2377124296868,TRUE,9.4856645505193,10.2999107771772,10.6900189112093,-0.132739241095379,-0.0582938718009417,-0.022626842403725,0.0858396607134213,0.126965733847717,0.106402697280569,0.106402697280569,0.126965733847717,TRUE,0.0378749042075655
"exchangeable_static_scr",0,149,21752046,40,15,14,0.375,0.933333333333333,18.2138347648318,TRUE,11.5965204046605,10.3289921146348,11.3211140216613,0.0602532941403848,-0.0556350066619656,0.035073281980466,-0.109302467101796,-0.0237490534564514,-0.0665257602791238,0.0665257602791238,0.109302467101796,TRUE,0.0960521506857284
"san_jacinto_calibrated",0.20172188317,149,21752046,40,15,10,0.375,0.666666666666667,18.2138347648318,TRUE,11.5726468385243,11.5770291593242,11.2453465312034,0.0580705680936504,0.0584712374239293,0.0281459685671657,0.000378679213240751,-0.0282822341239494,-0.0139517774553543,0.0143304566685951,0.0282822341239494,FALSE,-0.0286500641534373
"exchangeable_static_scr",0,150,21762053,37,15,14,0.405405405405405,0.933333333333333,13.9754248593737,TRUE,8.97185279394436,7.42131972553324,7.64723795638023,-0.17971631598223,-0.321479339379818,-0.300823958273807,-0.1728219470406,-0.147641169331064,-0.160231558185832,0.160231558185832,0.1728219470406,TRUE,0.0304417865288453
"san_jacinto_calibrated",0.20172188317,150,21762053,37,15,12,0.405405405405405,0.8,13.2377124296868,TRUE,9.05614498943122,7.72146674515549,8.56986180614684,-0.172009600966288,-0.294037326157212,-0.216469777723718,-0.147378188603797,-0.0536964882797135,-0.100537338441755,0.100537338441755,0.147378188603797,TRUE,0.109874857846618
"exchangeable_static_scr",0,151,21772060,19,10,9,0.526315789473684,0.9,12.5,TRUE,8.15447827102817,6.71639119300689,6.1699213632707,-0.254447700934568,-0.385929948067941,-0.435892903929536,-0.176355498196692,-0.243370187741912,-0.209862842969302,0.209862842969302,0.243370187741912,TRUE,-0.0813636094194721
"san_jacinto_calibrated",0.20172188317,151,21772060,19,10,9,0.526315789473684,0.9,12.5,TRUE,8.15447932971595,6.71640976527625,6.16992152799337,-0.254447604140256,-0.385928250031885,-0.435892888869178,-0.176353327575335,-0.243370265774125,-0.20986179667473,0.20986179667473,0.243370265774125,TRUE,-0.0813661251146737
"exchangeable_static_scr",0,152,21782067,37,18,17,0.486486486486487,0.944444444444444,13.9754248593737,TRUE,10.979813187398,9.17902054159812,9.88424107691925,0.00386863427638784,-0.160775264768172,-0.0962979586816683,-0.164009406632412,-0.0997805783923696,-0.131894992512391,0.131894992512391,0.164009406632412,TRUE,0.0768296063970191
"san_jacinto_calibrated",0.20172188317,152,21782067,37,18,13,0.486486486486487,0.722222222222222,13.9754248593737,TRUE,9.72989994208177,9.3290562047686,8.19844860623423,-0.110409148152524,-0.147057718421157,-0.250427556001442,-0.0411971078530333,-0.157396411572951,-0.0992967597129921,0.0992967597129921,0.157396411572951,TRUE,-0.121192066348196
"exchangeable_static_scr",0,153,21792074,30,12,12,0.4,1,15.8265471945187,TRUE,10.866655529523,9.29384610448999,10.5618309209067,-0.00647720872932656,-0.150276927589487,-0.0343468872313897,-0.144737211993141,-0.028051373100781,-0.0863942925469608,0.0863942925469608,0.144737211993141,TRUE,0.136432732171464
"san_jacinto_calibrated",0.20172188317,153,21792074,30,12,8,0.4,0.666666666666667,18.2138347648318,TRUE,12.0920503752365,12.2407110144498,10.9570315856376,0.105558891450193,0.119150721321122,0.00178574497257844,0.0122940803751304,-0.093864874390809,-0.0407853970078393,0.0530794773829697,0.093864874390809,FALSE,-0.10486967850943
"exchangeable_static_scr",0,154,21802081,37,13,12,0.351351351351351,0.923076923076923,13.2377124296868,TRUE,9.16480176544202,9.70416562057455,11.5344950436836,-0.162075267159586,-0.112762000404613,0.0545824039939269,0.0588516662920435,0.25856459734645,0.158708131819247,0.158708131819247,0.25856459734645,TRUE,0.188612756075433
"san_jacinto_calibrated",0.20172188317,154,21802081,37,13,11,0.351351351351351,0.846153846153846,12.5,TRUE,8.85834542529949,9.14273828766827,11.5344914297516,-0.190094132544046,-0.164092499413187,0.0545820735772893,0.0321045126053168,0.302104498748606,0.167104505676961,0.167104505676961,0.302104498748606,TRUE,0.261601400677665
"exchangeable_static_scr",0,155,21812088,37,16,15,0.432432432432432,0.9375,13.9754248593737,TRUE,10.6481542413974,10.2649582171898,11.2296488839887,-0.0264544693579563,-0.061489534428363,0.0267107551075405,-0.0359870842890126,0.0546099004023313,0.00931140805665931,0.045298492345672,0.0546099004023313,FALSE,0.0939790154414333
"san_jacinto_calibrated",0.20172188317,155,21812088,37,16,9,0.432432432432432,0.5625,17.6776695296637,TRUE,9.68080243776836,10.0361948361966,10.1296615256737,-0.114898062832607,-0.0824050435477437,-0.0738595176526911,0.0367110475306966,0.0463658969171989,0.0415384722239478,0.0415384722239478,0.0463658969171989,FALSE,0.0093129608385083
"exchangeable_static_scr",0,156,21822095,22,7,7,0.318181818181818,1,13.9754248593737,TRUE,11.1631710581906,6.65685924357326,6.78636289630301,0.0206327824631383,-0.391372869159016,-0.379532535195153,-0.403676678528631,-0.392075704929402,-0.397876191729016,0.397876191729016,0.403676678528631,TRUE,0.0194541671967565
"san_jacinto_calibrated",0.20172188317,156,21822095,22,7,6,0.318181818181818,0.857142857142857,19.872417509742,TRUE,11.4461325143476,6.65685451705672,8.70642470376292,0.0465035441689206,-0.391373301297671,-0.203984027084533,-0.418418884395018,-0.239356639209835,-0.328887761802426,0.328887761802426,0.418418884395018,TRUE,0.307888685482705
"exchangeable_static_scr",0,157,21832102,17,11,11,0.647058823529412,1,13.9754248593737,TRUE,13.4575971794007,8.86049248788316,11.7582953684628,0.23040888497378,-0.189897829679254,0.0750441479737411,-0.341599219402574,-0.126270818503842,-0.233935018953208,0.233935018953208,0.341599219402574,TRUE,0.327047608757913
"san_jacinto_calibrated",0.20172188317,157,21832102,17,11,8,0.647058823529412,0.727272727272727,13.9754248593737,TRUE,10.2116406925583,8.43834571202464,10.1525273104567,-0.0663642795375292,-0.228494106329176,-0.0717689316153846,-0.173654267117518,-0.00578882315597162,-0.089721545136745,0.089721545136745,0.173654267117518,TRUE,0.203141902089812
"exchangeable_static_scr",0,158,21842109,32,17,16,0.53125,0.941176470588235,18.720952452858,TRUE,11.1596250343033,33.8277396249916,9.83749215152254,0.0203085745648728,2.09282190857066,-0.100572146146511,2.03126131218651,-0.118474669060715,0.956393321562895,1.07486799062361,2.03126131218651,TRUE,-0.709188604956191
"san_jacinto_calibrated",0.20172188317,158,21842109,32,17,13,0.53125,0.764705882352941,17.6776695296637,TRUE,9.82936239890504,11.6625235766635,9.6195423096651,-0.101315437814396,0.0662878698663754,-0.12049898883062,0.186498483153154,-0.0213462563210935,0.0825761134160302,0.103922369737124,0.186498483153154,TRUE,-0.175174888485229
"exchangeable_static_scr",0,159,21852116,34,9,9,0.264705882352941,1,18.75,TRUE,9.52204748869267,7.80080262760893,8.86242904739828,-0.129412801033813,-0.286783759761469,-0.1897207728093,-0.180764154256498,-0.0692727527433237,-0.125018453499911,0.125018453499911,0.180764154256498,TRUE,0.136091947260913
"san_jacinto_calibrated",0.20172188317,159,21852116,34,9,9,0.264705882352941,1,18.75,TRUE,9.52204879758926,7.80080769285652,8.86241735402809,-0.129412681363268,-0.286783296653118,-0.189721841917432,-0.18076373491895,-0.0692741087115801,-0.125018921815265,0.125018921815265,0.18076373491895,TRUE,0.136089710574934
"exchangeable_static_scr",0,160,21862123,38,16,15,0.421052631578947,0.9375,12.5,TRUE,7.92213849985409,7.77114624159221,6.75986956657549,-0.275690194299055,-0.289495200768712,-0.381954782484527,-0.0190595327593251,-0.146711513980727,-0.0828855233700261,0.0828855233700261,0.146711513980727,TRUE,-0.13013224093046
"san_jacinto_calibrated",0.20172188317,160,21862123,38,16,7,0.421052631578947,0.4375,18.75,TRUE,7.49621068667456,7.93226046816915,7.77003060996714,-0.314632165789754,-0.274764757195963,-0.289597201374433,0.0581693604569737,0.0365277784653681,0.0473485694611709,0.0473485694611709,0.0581693604569737,FALSE,-0.0204519076060371
"exchangeable_static_scr",0,161,21872130,42,21,20,0.5,0.952380952380952,21.1494654238512,TRUE,14.2933993716174,14.626115808758,12.7501885998262,0.306825085405017,0.337244873943593,0.165731529126968,0.0232776282597518,-0.107966672704572,-0.0423445222224103,0.0656221504821621,0.107966672704572,TRUE,-0.128258741655015
"san_jacinto_calibrated",0.20172188317,161,21872130,42,21,15,0.5,0.714285714285714,22.5346954716499,TRUE,13.3291918323465,14.4147255071139,12.5239420852431,0.218668967528823,0.317917760650417,0.145046133507936,0.081440321995601,-0.0604124959136166,0.0105139130409922,0.0709264089546088,0.081440321995601,FALSE,-0.131170268968198
"exchangeable_static_scr",0,162,21882137,21,9,7,0.428571428571429,0.777777777777778,18.75,TRUE,12.0049168866534,14.3898431803657,9.95405840298539,0.0975924010654552,0.315642805062009,-0.0899146602984787,0.198662457743774,-0.170834875662329,0.0139137910407227,0.184748666703051,0.198662457743774,TRUE,-0.308258034627699
"san_jacinto_calibrated",0.20172188317,162,21882137,21,9,6,0.428571428571429,0.666666666666667,16.3627124296868,TRUE,10.9776549720084,13.2609640387529,12.0861869027757,0.00367131172648261,0.212430997828832,0.105022802539494,0.20799606769994,0.100980758968461,0.154488413334201,0.154488413334201,0.20799606769994,TRUE,-0.0885891201080142
"exchangeable_static_scr",0,163,21892144,19,4,4,0.210526315789474,1,11.4071298121028,TRUE,9.22582196265108,8.05967771833791,11.0752783056163,-0.156496277700473,-0.263115180037677,0.0125968736563482,-0.126400037745588,0.200465210628646,0.0370325864415287,0.163432624187117,0.200465210628646,TRUE,0.374158954323584
"san_jacinto_calibrated",0.20172188317,163,21892144,19,4,2,0.210526315789474,0.5,7.54441738241592,TRUE,7.08680315809959,9.12367433613109,9.54295408342355,-0.352063711259466,-0.165835489268015,-0.127501340944132,0.287417490311346,0.346580943555177,0.316999216933261,0.316999216933261,0.346580943555177,TRUE,0.0459551417384612
"exchangeable_static_scr",0,164,21902151,26,7,7,0.269230769230769,1,25.7694101601104,TRUE,11.4114998715628,11.8778051535871,7.18988640012753,0.0433371311143154,0.0859707568993946,-0.342638957702626,0.0408627513712132,-0.369943786439103,-0.164540517533945,0.205403268905158,0.369943786439103,TRUE,-0.394678873145501
"san_jacinto_calibrated",0.20172188317,164,21902151,26,7,5,0.269230769230769,0.714285714285714,25.7694101601104,TRUE,10.8884197194488,12.0253230017099,6.76901380897478,-0.00448733993610528,0.0994581030134809,-0.381118737465163,0.104413983989832,-0.378329088758032,-0.1369575523841,0.241371536373932,0.378329088758032,TRUE,-0.437103368615358
"exchangeable_static_scr",0,165,21912158,31,16,15,0.516129032258065,0.9375,13.9754248593737,TRUE,10.9832735262456,11.0740424904915,11.0795835950866,0.004185008113885,0.012483884844936,0.0129905001222037,0.00826429060780187,0.00876879453205315,0.00851654256992751,0.00851654256992751,0.00876879453205315,FALSE,0.000500368731641831
"san_jacinto_calibrated",0.20172188317,165,21912158,31,16,13,0.516129032258065,0.8125,17.6776695296637,TRUE,11.1512105286362,11.0740517980599,11.9502510686746,0.0195392483324499,0.0124847358226203,0.0925943834216751,-0.00691931430925086,0.0716550492869339,0.0323678674888415,0.0392871817980924,0.0716550492869339,FALSE,0.0791218324234466
"exchangeable_static_scr",0,166,21922165,22,8,8,0.363636363636364,1,13.9754248593737,TRUE,8.64817271978539,8.41494305763779,7.49624405604224,-0.209309922762479,-0.230633777587402,-0.314629114876138,-0.0269686637518255,-0.133199081594168,-0.0800838726729967,0.0800838726729967,0.133199081594168,TRUE,-0.109174713994255
"san_jacinto_calibrated",0.20172188317,166,21922165,22,8,7,0.363636363636364,0.875,13.9754248593737,TRUE,8.17611823176671,8.41494258206261,6.86090477368757,-0.252469190238472,-0.230633821068562,-0.37271727783428,0.0292099922635649,-0.160860376623364,-0.0658251921798994,0.0950351844434643,0.160860376623364,TRUE,-0.184675984799664
"exchangeable_static_scr",0,167,21932172,36,16,16,0.444444444444444,1,13.9754248593737,TRUE,9.76988995023248,10.3402017408585,10.2125766156881,-0.106752918835887,-0.0546101265500756,-0.0662787094227978,0.0583744334410332,0.0453113256864406,0.0518428795637369,0.0518428795637369,0.0583744334410332,FALSE,-0.012342614619026
"san_jacinto_calibrated",0.20172188317,167,21932172,36,16,13,0.444444444444444,0.8125,13.9754248593737,TRUE,9.00302521168678,9.16751574286063,9.88467698806308,-0.176866266360066,-0.161827132081314,-0.0962581039485187,0.0182705843098516,0.0979283913624751,0.0580994878361634,0.0580994878361634,0.0979283913624751,FALSE,0.0782285261698026
"exchangeable_static_scr",0,168,21942179,24,4,4,0.166666666666667,1,17.517347735825,TRUE,13.4030703010354,14.122210880218,14.6966556664564,0.225423570380382,0.291173566191363,0.343694232361725,0.0536549136153561,0.0965141073177092,0.0750845104665326,0.0750845104665326,0.0965141073177092,FALSE,0.0406766894440724
"san_jacinto_calibrated",0.20172188317,168,21942179,24,4,3,0.166666666666667,0.75,22.5346954716499,TRUE,13.7782879182504,14.1222106137291,15.3056334463678,0.259729181097175,0.291173541826663,0.399372200810767,0.0249612069017096,0.11085161938693,0.0679064131443196,0.0679064131443196,0.11085161938693,TRUE,0.0837986958987968
"exchangeable_static_scr",0,169,21952186,20,6,5,0.3,0.833333333333333,13.9754248593737,TRUE,9.42486131841316,9.71672450223799,6.76207944749982,-0.138298393745083,-0.111613759795384,-0.381752736228588,0.0309673717166139,-0.282527432601169,-0.125780030442278,0.156747402158892,0.282527432601169,TRUE,-0.304078298613658
"san_jacinto_calibrated",0.20172188317,169,21952186,20,6,4,0.3,0.666666666666667,19.872417509742,TRUE,9.28612373393642,9.75727634599509,6.7620776537745,-0.150982972897241,-0.107906162651878,-0.381752900226331,0.050737274836951,-0.271808361861227,-0.110535543512138,0.161272818349089,0.271808361861227,TRUE,-0.306970776066005
"exchangeable_static_scr",0,170,21962193,36,13,13,0.361111111111111,1,18.75,TRUE,10.4573700441972,12.9170211807735,11.9567817864293,-0.0438975959591099,0.180984793670722,0.0931914776163976,0.235207430375015,0.143383253714363,0.189295342044689,0.189295342044689,0.235207430375015,TRUE,-0.0743390740717725
"san_jacinto_calibrated",0.20172188317,170,21962193,36,13,13,0.361111111111111,1,18.75,TRUE,10.4573756917235,12.9170143537854,11.9567991181238,-0.0438970796138525,0.180984169488954,0.0931930622284571,0.235206110459303,0.143384293593562,0.189295202026433,0.189295202026433,0.235206110459303,TRUE,-0.0743372430626963
"exchangeable_static_scr",0,171,21972200,41,17,16,0.414634146341463,0.941176470588235,18.75,TRUE,12.6827129785118,12.402052463055,10.0235709938449,0.159562329463937,0.13390193947931,-0.083559223419892,-0.0221293753105017,-0.209666653276175,-0.115898014293338,0.115898014293338,0.209666653276175,TRUE,-0.191781277840534
"san_jacinto_calibrated",0.20172188317,171,21972200,41,17,13,0.414634146341463,0.764705882352941,18.75,TRUE,12.6093882844039,12.2997343825187,10.051397330094,0.152858357431212,0.124547143544565,-0.0810151012485494,-0.0245574087260205,-0.202864000744095,-0.113710704735058,0.113710704735058,0.202864000744095,TRUE,-0.182795577733792
"exchangeable_static_scr",0,172,21982207,42,21,17,0.5,0.80952380952381,13.9754248593737,TRUE,9.57834765586277,10.5208490258919,9.10855389490545,-0.124265357178261,-0.0380938033470221,-0.167217929608644,0.0983991606790642,-0.0490474743490606,0.0246758431650018,0.0737233175140624,0.0983991606790642,FALSE,-0.134237752819265
"san_jacinto_calibrated",0.20172188317,172,21982207,42,21,13,0.5,0.619047619047619,13.9754248593737,TRUE,9.04804526157288,10.162348340565,9.29160391357849,-0.172750147513336,-0.070871008862627,-0.150481927901396,0.123154012472129,0.0269183724179627,0.0750361924450458,0.0750361924450458,0.123154012472129,TRUE,-0.0856833871272433
"exchangeable_static_scr",0,173,21992214,43,14,14,0.325581395348837,1,13.9754248593737,TRUE,11.9970605725022,12.8158236541135,10.5842454976512,0.0968741094859127,0.171732448376092,-0.0322975545004611,0.0682469740536267,-0.117763435994414,-0.0247582309703935,0.0930052050240202,0.117763435994414,TRUE,-0.174126783942289
"san_jacinto_calibrated",0.20172188317,173,21992214,43,14,11,0.325581395348837,0.785714285714286,13.9754248593737,TRUE,11.803618205849,12.9698319266559,11.1891369957107,0.0791879502490509,0.185813204722822,0.023006811036409,0.0988013760245974,-0.0520587161853286,0.0233713299196344,0.075430046104963,0.0988013760245974,FALSE,-0.137295143145642
"exchangeable_static_scr",0,174,22002221,32,15,12,0.46875,0.8,12.5,TRUE,9.87994679113987,10.1644210687211,13.5473237530792,-0.0966905790957836,-0.070681502288358,0.238612457424386,0.0287930981406022,0.371193999266087,0.199993548703345,0.199993548703345,0.371193999266087,TRUE,0.332818038674954
"san_jacinto_calibrated",0.20172188317,174,22002221,32,15,8,0.46875,0.533333333333333,13.2377124296868,TRUE,9.60493310722933,10.56230885612,13.5473231560727,-0.121834687339033,-0.0343031902976016,0.238612402840936,0.0996754207658215,0.410454711639386,0.255065066202604,0.255065066202604,0.410454711639386,TRUE,0.282610018379001
"exchangeable_static_scr",0,175,22012228,22,8,8,0.363636363636364,1,10.6694173824159,TRUE,12.7493556641255,16.1673359925802,14.9007561226144,0.165655375005759,0.478156433607333,0.362354845496173,0.268090436763979,0.168745818625374,0.218418127694676,0.218418127694676,0.268090436763979,TRUE,-0.0783419031154602
"san_jacinto_calibrated",0.20172188317,175,22012228,22,8,6,0.363636363636364,0.75,10.6694173824159,TRUE,12.3911240872306,17.8984083818153,15.5930363576987,0.132902773689654,0.636425909194544,0.425649038418169,0.444453970101077,0.258403696704788,0.351428833402933,0.351428833402933,0.444453970101077,TRUE,-0.128803186011715
"exchangeable_static_scr",0,176,22022235,30,15,15,0.5,1,13.9754248593737,TRUE,7.82431056310929,8.20494717420848,6.96138412595874,-0.284634462801437,-0.249833401215224,-0.363530594198058,0.0486479425923931,-0.110287856059695,-0.0308199567336507,0.0794678993260439,0.110287856059695,TRUE,-0.151562590452595
"san_jacinto_calibrated",0.20172188317,176,22022235,30,15,13,0.5,0.866666666666667,12.5,TRUE,7.26557328512019,8.47359364247547,7.10071878418799,-0.335719013931868,-0.225271438402242,-0.350791425445669,0.166266350905756,-0.0226898132415542,0.071788268832101,0.0944780820736552,0.166266350905756,TRUE,-0.162018019297703
"exchangeable_static_scr",0,177,22032242,33,15,15,0.454545454545455,1,19.7642353760524,TRUE,12.8977655787555,16.9013150371941,9.67383126043653,0.179224281486219,0.54526308911489,-0.115535427617231,0.310406436990375,-0.249960684944474,0.0302228760229506,0.280183560967424,0.310406436990375,TRUE,-0.427628486946271
"san_jacinto_calibrated",0.20172188317,177,22032242,33,15,14,0.454545454545455,0.933333333333333,16.869830117713,TRUE,12.8688219279402,16.9013111808264,10.784088687685,0.176578004840243,0.545262736532699,-0.0140261771259426,0.313353411482918,-0.161998763517652,0.0756773239826331,0.237676087500285,0.313353411482918,TRUE,-0.361937747177926
"exchangeable_static_scr",0,178,22042249,36,13,12,0.361111111111111,0.923076923076923,13.2377124296868,TRUE,12.9284575051737,12.6339312725698,14.6514806553021,0.182030400473027,0.155102287777811,0.33956394562762,-0.0227812353087026,0.133273683224688,0.0552462239579926,0.0780274592666951,0.133273683224688,TRUE,0.159692920533191
"san_jacinto_calibrated",0.20172188317,178,22042249,36,13,9,0.361111111111111,0.692307692307692,13.9754248593737,TRUE,11.9944145375218,12.6339140729491,13.3593554667971,0.0966321862877118,0.155100715241064,0.221426785535733,0.0533164443688987,0.113798045332294,0.0835572448505965,0.0835572448505965,0.113798045332294,TRUE,0.0574201620858901
"exchangeable_static_scr",0,179,22052256,30,11,9,0.366666666666667,0.818181818181818,12.5,TRUE,7.63188729236646,7.50359081034243,8.22053485213957,-0.302227447555067,-0.313957411625835,-0.248408242090096,-0.0168105839498374,0.0771300121743004,0.0301597141122315,0.0469702980620689,0.0771300121743004,FALSE,0.095546793517705
"san_jacinto_calibrated",0.20172188317,179,22052256,30,11,6,0.366666666666667,0.545454545454545,13.2377124296868,TRUE,7.15653839081561,7.72967167668982,7.94973881320733,-0.345687918554002,-0.29328716098836,-0.273166737078187,0.0800852667275209,0.110835767109093,0.0954605169183071,0.0954605169183071,0.110835767109093,TRUE,0.0284704377782519
"exchangeable_static_scr",0,180,22062263,18,5,5,0.277777777777778,1,17.6776695296637,TRUE,10.9447132217827,12.1375795006584,11.0364105792937,0.000659494562990526,0.109721554345914,0.00904325296399899,0.108990181350904,0.00837823300189622,0.0586842071763999,0.0586842071763999,0.108990181350904,TRUE,-0.0907239306902141
"san_jacinto_calibrated",0.20172188317,180,22062263,18,5,3,0.277777777777778,0.6,12.5,TRUE,8.25630546923006,10.829091945169,10.842520156914,-0.245137785670394,-0.00991159358454574,-0.00868387136786586,0.311614739247153,0.313241158205969,0.312427948726561,0.312427948726561,0.313241158205969,TRUE,0.00124001271878815
"exchangeable_static_scr",0,181,22072270,25,10,9,0.4,0.9,13.9754248593737,TRUE,10.2164436277645,7.65209087811437,10.9924862174065,-0.0659251540329592,-0.300380262572401,0.00502731130573619,-0.251002486098115,0.0759601499227174,-0.0875211680876991,0.163481318010416,0.251002486098115,TRUE,0.43653367327954
"san_jacinto_calibrated",0.20172188317,181,22072270,25,10,6,0.4,0.6,13.9754248593737,TRUE,8.69266673626891,7.65209009187019,9.19354968383411,-0.205241898398271,-0.300380334457583,-0.159446886049452,-0.119707412692708,0.0576213218292772,-0.0310430454317157,0.0886643672609928,0.119707412692708,TRUE,0.201442948718236
"exchangeable_static_scr",0,182,22082277,23,12,11,0.521739130434783,0.916666666666667,13.9754248593737,TRUE,9.02622142198341,8.79612115355127,7.40427100183541,-0.174745469990088,-0.19578320881817,-0.323038079832191,-0.0254924245345608,-0.179693178830926,-0.102592801682743,0.102592801682743,0.179693178830926,TRUE,-0.158234536271015
"san_jacinto_calibrated",0.20172188317,182,22082277,23,12,9,0.521739130434783,0.75,13.9754248593737,TRUE,8.80786272890047,9.83836048731676,7.57570134914393,-0.194709693357671,-0.100492755445325,-0.307364448078269,0.116997481697235,-0.139893345035176,-0.0114479316689708,0.128445413366205,0.139893345035176,TRUE,-0.229983353536371
"exchangeable_static_scr",0,183,22092284,39,17,17,0.435897435897436,1,12.5,TRUE,11.281141714577,10.7344721674694,10.2636990089126,0.0314186710470419,-0.0185625446885108,-0.0616046620422792,-0.0484587075438672,-0.0901896927994223,-0.0693242001716448,0.0693242001716448,0.0901896927994223,FALSE,-0.043856200026631
"san_jacinto_calibrated",0.20172188317,183,22092284,39,17,14,0.435897435897436,0.823529411764706,12.5,TRUE,11.6164886520434,12.6522026082453,10.957099485176,0.0620789624725397,0.156772809896716,0.00179195293037493,0.0891589521778378,-0.0567632084546854,0.0161978718615762,0.0729610803162616,0.0891589521778378,FALSE,-0.133976918925142
"exchangeable_static_scr",0,184,22102291,14,6,6,0.428571428571429,1,13.9754248593737,TRUE,11.0498330554888,7.80816366338643,14.5413185297589,0.01027045078755,-0.286110750776098,0.329491979863667,-0.293368178127556,0.315976309934899,0.0113040659036717,0.304672244031227,0.315976309934899,TRUE,0.86232245591177
"san_jacinto_calibrated",0.20172188317,184,22102291,14,6,5,0.428571428571429,0.833333333333333,13.9754248593737,TRUE,11.1919748013309,7.808163278288,16.1350553444268,0.0232662675502513,-0.286110785985097,0.475205060061882,-0.302342668126853,0.441662944282913,0.0696601380780301,0.372002806204883,0.441662944282913,TRUE,1.06643416247368
"exchangeable_static_scr",0,185,22112298,34,12,12,0.352941176470588,1,18.2138347648318,TRUE,12.7362255520233,10.2455547611321,11.3844980003634,0.164454907613556,-0.0632635646964892,0.0408683886046581,-0.195557999559411,-0.106132507322398,-0.150845253440905,0.150845253440905,0.195557999559411,TRUE,0.111164623662159
"san_jacinto_calibrated",0.20172188317,185,22112298,34,12,8,0.352941176470588,0.666666666666667,15.8265471945187,TRUE,12.2896071503531,13.0560523206543,11.3844972750346,0.123621225175138,0.193696212174104,0.0408683222888819,0.0623653108618016,-0.0736483977270521,-0.00564154343262524,0.0680068542944269,0.0736483977270521,FALSE,-0.128029131973933
"exchangeable_static_scr",0,186,22122305,32,17,16,0.53125,0.941176470588235,13.9754248593737,TRUE,10.9887301428918,15.5477730733455,10.7289648009536,0.00468389877868169,0.421510680991587,-0.0190660753413811,0.414883509847833,-0.0236392502646193,0.195622129791607,0.219261380056226,0.414883509847833,TRUE,-0.309935593326418
"san_jacinto_calibrated",0.20172188317,186,22122305,32,17,13,0.53125,0.764705882352941,13.9754248593737,TRUE,10.7577530134324,15.5280114171508,12.7349040559287,-0.0164340102004665,0.419703900996647,0.164334085113483,0.443425164879894,0.183788477020025,0.313606820949959,0.313606820949959,0.443425164879894,TRUE,-0.179875406205401
"exchangeable_static_scr",0,187,22132312,24,14,12,0.583333333333333,0.857142857142857,12.5,TRUE,8.80704275104049,8.26592722563041,9.07105276490711,-0.194784662762013,-0.244258082228076,-0.17064660435135,-0.0614412284243931,0.0299771468505059,-0.0157320407869436,0.0457091876374495,0.0614412284243931,FALSE,0.0974029310081779
"san_jacinto_calibrated",0.20172188317,187,22132312,24,14,10,0.583333333333333,0.714285714285714,13.2377124296868,TRUE,8.5018882135194,7.94411512022212,9.0710598843773,-0.222684506192512,-0.273680903293978,-0.170645953428361,-0.0656057900655913,0.0669465013610531,0.00067035564773088,0.0662761457133222,0.0669465013610531,FALSE,0.141859067636934
"exchangeable_static_scr",0,188,22142319,34,14,13,0.411764705882353,0.928571428571429,13.9754248593737,TRUE,9.28980325677301,9.15230788105807,9.99615631997789,-0.150646559380753,-0.163217565160405,-0.0860657078877354,-0.0148006768189298,0.0760353092181896,0.0306173161996299,0.0454179930185597,0.0760353092181896,FALSE,0.0922006175804333
"san_jacinto_calibrated",0.20172188317,188,22142319,34,14,11,0.411764705882353,0.785714285714286,17.6776695296637,TRUE,9.09797105843602,9.05945349699308,9.80226058392341,-0.168185503228707,-0.171707108846347,-0.103793318041288,-0.00423364299529405,0.0774117131131502,0.0365890350589281,0.0408226780542221,0.0774117131131502,FALSE,0.0819924830098056
"exchangeable_static_scr",0,189,22152326,27,11,11,0.407407407407407,1,25.7694101601104,TRUE,12.9190023501147,9.44797343646012,13.7892292505305,0.181165929153341,-0.136185285809361,0.260729531477072,-0.268676235175678,0.0673602246390248,-0.100658005268327,0.168018229907351,0.268676235175678,TRUE,0.459490687951902
"san_jacinto_calibrated",0.20172188317,189,22152326,27,11,10,0.407407407407407,0.909090909090909,22.2597050800552,TRUE,13.078324915274,9.77836770815067,13.7892192824694,0.195732563682196,-0.105977809540511,0.26072862011149,-0.252322619945722,0.0543566834285603,-0.0989829682585808,0.153339651687141,0.252322619945722,TRUE,0.410175981720911
"exchangeable_static_scr",0,190,22162333,35,9,9,0.257142857142857,1,18.75,TRUE,12.9519949274758,13.483838086364,15.2149494546719,0.184182393369216,0.232808053610419,0.391081092998571,0.0410626441614743,0.174718608204172,0.107890626182823,0.107890626182823,0.174718608204172,TRUE,0.128384170532169
"san_jacinto_calibrated",0.20172188317,190,22162333,35,9,6,0.257142857142857,0.666666666666667,19.2571176880262,TRUE,13.5964083213252,15.7832176625668,16.5860780120622,0.243100189378308,0.443037043434682,0.516441418245685,0.160837280667108,0.21988672449972,0.190362002583414,0.190362002583414,0.21988672449972,TRUE,0.0508679767750719
"exchangeable_static_scr",0,191,22172340,28,12,12,0.428571428571429,1,10.6694173824159,TRUE,8.44234918588596,12.1929920451047,8.79250440572402,-0.228128074433284,0.114787844123856,-0.196113882905233,0.444265307752147,0.0414760408659061,0.242870674309026,0.242870674309026,0.444265307752147,TRUE,-0.278888694981632
"san_jacinto_calibrated",0.20172188317,191,22172340,28,12,10,0.428571428571429,0.833333333333333,10.6694173824159,TRUE,8.21203516765414,12.0613458626853,8.79250694852585,-0.249185356100192,0.10275162173123,-0.196113650420494,0.46874016202378,0.0706854962285219,0.269712829126151,0.269712829126151,0.46874016202378,TRUE,-0.27101775799933
"exchangeable_static_scr",0,192,22182347,22,8,8,0.363636363636364,1,11.4071298121028,TRUE,9.8594319150302,9.87479810777788,11.5351773907234,-0.0985662249115244,-0.0971613158603079,0.0546447900090004,0.00155852719305827,0.169963694676835,0.0857611109349468,0.0857611109349468,0.169963694676835,TRUE,0.1681431118716
"san_jacinto_calibrated",0.20172188317,192,22182347,22,8,7,0.363636363636364,0.875,13.9754248593737,TRUE,9.75579926973662,9.87478500468588,11.7825749874756,-0.10804120962408,-0.0971625138572907,0.0772639988549162,0.0121964107357526,0.207750863020139,0.109973636877946,0.109973636877946,0.207750863020139,TRUE,0.193198128555149
"exchangeable_static_scr",0,193,22192354,28,15,13,0.535714285714286,0.866666666666667,17.6776695296637,TRUE,10.1404127955998,9.4404761650405,11.051130090218,-0.0728765444023005,-0.136870750624868,0.0103890368199293,-0.0690244711598974,0.0898106726989774,0.01039310076954,0.0794175719294374,0.0898106726989774,FALSE,0.170611513341029
"san_jacinto_calibrated",0.20172188317,193,22192354,28,15,13,0.535714285714286,0.866666666666667,17.6776695296637,TRUE,10.1404151285109,9.4404695813164,11.0511296820434,-0.0728763311075732,-0.136871352565357,0.0103889995011128,-0.0690253345966616,0.0898103817241098,0.0103925235637241,0.0794178581603857,0.0898103817241098,FALSE,0.170612286481455
"exchangeable_static_scr",0,194,22202361,41,17,17,0.414634146341463,1,17.6776695296637,TRUE,11.3425160061635,9.2846957980947,11.3284797890768,0.0370300348492305,-0.151113527031341,0.0357467235727402,-0.181425373960288,-0.00123748708654992,-0.0913314305234188,0.0913314305234188,0.181425373960288,TRUE,0.220123958331682
"san_jacinto_calibrated",0.20172188317,194,22202361,41,17,13,0.414634146341463,0.764705882352941,8.83883476483184,TRUE,10.5230713172461,9.73152535395994,11.9207821886275,-0.0378906224232113,-0.11026053906652,0.0899000858173686,-0.0752200512020607,0.13282347227759,0.0288017105377646,0.104021761739825,0.13282347227759,TRUE,0.224965435020593
"exchangeable_static_scr",0,195,22212368,26,16,16,0.615384615384615,1,13.9754248593737,TRUE,10.9519992399111,9.16353690030693,15.1183459702258,0.00132564479187147,-0.162190911971938,0.382248774420648,-0.16330007886475,0.380418829388867,0.108559375262058,0.271859454126809,0.380418829388867,TRUE,0.649837408274031
"san_jacinto_calibrated",0.20172188317,195,22212368,26,16,15,0.615384615384615,0.9375,13.9754248593737,TRUE,11.0269830039443,9.7201378389436,15.1183505382425,0.00818130321776533,-0.111301683296585,0.382249192067882,-0.118513392514821,0.371032360604408,0.126259484044794,0.244772876559614,0.371032360604408,TRUE,0.555363801290038
"exchangeable_static_scr",0,196,22222375,24,7,6,0.291666666666667,0.857142857142857,19.4877124296868,TRUE,16.2379758380391,15.1696147520959,12.8729019640838,0.484614933763573,0.386936205905908,0.176951036716237,-0.0657939817498973,-0.207234812240096,-0.136514396994996,0.136514396994996,0.207234812240096,TRUE,-0.151402182952253
"san_jacinto_calibrated",0.20172188317,196,22222375,24,7,6,0.291666666666667,0.857142857142857,19.4877124296868,TRUE,16.2379380895296,15.1696194480452,12.8728992193691,0.48461148247128,0.386936635249845,0.17695078577089,-0.0657915207949528,-0.20723313832132,-0.136512329558136,0.136512329558136,0.20723313832132,TRUE,-0.151402626581515
"exchangeable_static_scr",0,197,22232382,28,10,9,0.357142857142857,0.9,18.75,TRUE,10.9327657478955,10.6326417335274,10.7529860302918,-0.000432845906695567,-0.0278727557917779,-0.0168698486590395,-0.0274517922810027,-0.0164441205226015,-0.0219479564018021,0.0219479564018021,0.0274517922810027,FALSE,0.011318381619579
"san_jacinto_calibrated",0.20172188317,197,22232382,28,10,6,0.357142857142857,0.6,16.1321176880262,TRUE,11.1923241379956,13.1120809226322,11.8431889702876,0.0232982069024541,0.198818827212088,0.082805848712006,0.171524409136744,0.0581527861655136,0.114838597651129,0.114838597651129,0.171524409136744,TRUE,-0.0967727365192251
"exchangeable_static_scr",0,198,22242389,28,14,14,0.5,1,13.9754248593737,TRUE,9.59579056621268,6.51055932495049,9.43152634151554,-0.122670576803412,-0.404748861718812,-0.137689020204293,-0.321519234915929,-0.0171183628450089,-0.169318798880469,0.169318798880469,0.321519234915929,TRUE,0.448650702770037
"san_jacinto_calibrated",0.20172188317,198,22242389,28,14,12,0.5,0.857142857142857,13.9754248593737,TRUE,8.91666947444261,6.51055747729699,8.99370734241817,-0.184761648050961,-0.404749030647133,-0.177718185836053,-0.26984425115702,0.00863975817387486,-0.130602246491573,0.139242004665447,0.26984425115702,TRUE,0.381403570090609
"exchangeable_static_scr",0,199,22252396,25,11,11,0.44,1,12.5,TRUE,12.4585429736999,13.5246726660769,21.9583976078382,0.139066786166844,0.236541500898459,1.00762492414521,0.0855741874974991,0.76251730673424,0.424045747115869,0.424045747115869,0.76251730673424,TRUE,0.62358070690429
"san_jacinto_calibrated",0.20172188317,199,22252396,25,11,9,0.44,0.818181818181818,13.9754248593737,TRUE,12.6563369430665,14.3744159268482,21.5460075283426,0.15715080622322,0.314232313311835,0.969920688305613,0.135748518035698,0.702388900142723,0.419068709089211,0.419068709089211,0.702388900142723,TRUE,0.498913600245802
"exchangeable_static_scr",0,200,22262403,40,7,6,0.175,0.857142857142857,13.9754248593737,TRUE,10.0842634481913,10.8258346706823,10.255329083453,-0.0780101990225054,-0.0102094015376178,-0.0623699123700117,0.0735374701683307,0.0169636221961587,0.0452505461822447,0.0452505461822447,0.0735374701683307,FALSE,-0.0526985312988667
"san_jacinto_calibrated",0.20172188317,200,22262403,40,7,6,0.175,0.857142857142857,13.9754248593737,TRUE,10.0842772950551,10.8258417598769,10.2553200038684,-0.0780089330235333,-0.0102087533826818,-0.0623707425034642,0.0735366990736603,0.0169613254186425,0.0452490122461514,0.0452490122461514,0.0735366990736603,FALSE,-0.0526999903252828
